#
# There is insufficient memory for the Java Runtime Environment to continue.
# Native memory allocation (malloc) failed to allocate 1325216 bytes. Error detail: Chunk::new
# Possible reasons:
#   The system is out of physical RAM or swap space
#   This process is running with CompressedOops enabled, and the Java Heap may be blocking the growth of the native heap
# Possible solutions:
#   Reduce memory load on the system
#   Increase physical memory or swap space
#   Check if swap backing store is full
#   Decrease Java heap size (-Xmx/-Xms)
#   Decrease number of Java threads
#   Decrease Java thread stack sizes (-Xss)
#   Set larger code cache with -XX:ReservedCodeCacheSize=
#   JVM is running with Unscaled Compressed Oops mode in which the Java heap is
#     placed in the first 4GB address space. The Java Heap base address is the
#     maximum limit for the native heap growth. Please use -XX:HeapBaseMinAddress
#     to set the Java Heap base and to place the Java Heap above 4GB virtual address.
# This output file may be truncated or incomplete.
#
#  Out of Memory Error (arena.cpp:168), pid=1840, tid=16036
#
# JRE version: OpenJDK Runtime Environment (21.0.8) (build 21.0.8+-14196175-b1038.72)
# Java VM: OpenJDK 64-Bit Server VM (21.0.8+-14196175-b1038.72, mixed mode, tiered, compressed oops, compressed class ptrs, g1 gc, windows-amd64)
# No core dump will be written. Minidumps are not enabled by default on client versions of Windows
#

---------------  S U M M A R Y ------------

Command Line: --add-opens=java.base/java.lang=ALL-UNNAMED --add-opens=java.base/java.lang.invoke=ALL-UNNAMED --add-opens=java.base/java.util=ALL-UNNAMED --add-opens=java.prefs/java.util.prefs=ALL-UNNAMED --add-exports=jdk.compiler/com.sun.tools.javac.api=ALL-UNNAMED --add-exports=jdk.compiler/com.sun.tools.javac.util=ALL-UNNAMED --add-opens=java.base/java.util=ALL-UNNAMED --add-opens=java.prefs/java.util.prefs=ALL-UNNAMED --add-opens=java.base/java.nio.charset=ALL-UNNAMED --add-opens=java.base/java.net=ALL-UNNAMED --add-opens=java.base/java.util.concurrent.atomic=ALL-UNNAMED --add-opens=java.xml/javax.xml.namespace=ALL-UNNAMED -Xmx2048m -Dfile.encoding=UTF-8 -Duser.country=US -Duser.language=en -Duser.variant -javaagent:C:\Users\trand\.gradle\wrapper\dists\gradle-8.13-bin\5xuhj0ry160q40clulazy9h7d\gradle-8.13\lib\agents\gradle-instrumentation-agent-8.13.jar org.gradle.launcher.daemon.bootstrap.GradleDaemon 8.13

Host: 12th Gen Intel(R) Core(TM) i5-1235U, 12 cores, 15G,  Windows 11 , 64 bit Build 26100 (10.0.26100.7920)
Time: Tue Mar  3 20:15:20 2026 SE Asia Standard Time elapsed time: 135.364175 seconds (0d 0h 2m 15s)

---------------  T H R E A D  ---------------

Current thread (0x00000185176fd530):  JavaThread "C2 CompilerThread2" daemon [_thread_in_native, id=16036, stack(0x0000002e3d400000,0x0000002e3d500000) (1024K)]


Current CompileTask:
C2:135364 42376       4       com.android.tools.r8.internal.l32::c (803 bytes)

Stack: [0x0000002e3d400000,0x0000002e3d500000]
Native frames: (J=compiled Java code, j=interpreted, Vv=VM code, C=native code)
V  [jvm.dll+0x6d68d9]
V  [jvm.dll+0x866693]
V  [jvm.dll+0x868c4e]
V  [jvm.dll+0x869333]
V  [jvm.dll+0x280566]
V  [jvm.dll+0xc07cd]
V  [jvm.dll+0xc0d03]
V  [jvm.dll+0x2f5970]
V  [jvm.dll+0x5ff719]
V  [jvm.dll+0x252362]
V  [jvm.dll+0x25271f]
V  [jvm.dll+0x24aec5]
V  [jvm.dll+0x24871e]
V  [jvm.dll+0x1c73a4]
V  [jvm.dll+0x257f9e]
V  [jvm.dll+0x2564e6]
V  [jvm.dll+0x3f4696]
V  [jvm.dll+0x80eac8]
V  [jvm.dll+0x6d512d]
C  [ucrtbase.dll+0x37b0]
C  [KERNEL32.DLL+0x2e8d7]
C  [ntdll.dll+0x8c48c]


---------------  P R O C E S S  ---------------

Threads class SMR info:
_java_thread_list=0x000001851efd0600, length=197, elements={
0x000001856baaee50, 0x000001857f729e20, 0x000001857f758ed0, 0x000001857f759930,
0x000001857f77cb80, 0x000001857f77d1f0, 0x000001857f77dc50, 0x000001857f79a210,
0x000001857f79cb20, 0x000001857f7a0140, 0x00000185080f98c0, 0x00000185098b7210,
0x000001850993d910, 0x0000018509b60420, 0x0000018509c1c6b0, 0x0000018509aecdc0,
0x0000018509a777a0, 0x0000018509a76a80, 0x0000018509a763f0, 0x0000018509a75040,
0x0000018509a756d0, 0x000001850be42c80, 0x000001850be40bb0, 0x000001850be41240,
0x000001850be418d0, 0x000001850be425f0, 0x000001850be40520, 0x000001850be41f60,
0x000001850be43310, 0x000001850be3fe90, 0x0000018508901960, 0x0000018508902d10,
0x00000185089033a0, 0x0000018508903a30, 0x0000018517ef8070, 0x00000185171c39c0,
0x00000185174cf780, 0x00000185174cd6b0, 0x00000185174ce3d0, 0x00000185174d1ee0,
0x00000185174cea60, 0x00000185174b3940, 0x00000185174b32b0, 0x00000185174b3fd0,
0x00000185174b4660, 0x00000185174b4cf0, 0x00000185174b5380, 0x00000185174b2c20,
0x00000185174b7ae0, 0x00000185174b60a0, 0x00000185174b7450, 0x000001851ef8b530,
0x000001851ef8aea0, 0x000001851ef8bbc0, 0x000001851ef8c250, 0x0000018518feb6c0,
0x0000018518feb030, 0x0000018518febd50, 0x0000018518fec3e0, 0x000001851e4fa450,
0x000001851e4f9dc0, 0x000001851e4faae0, 0x000001851e4f7660, 0x000001851e4f8380,
0x000001851e4f9730, 0x000001851e4f8a10, 0x000001851e4f7cf0, 0x0000018519564670,
0x0000018519563fe0, 0x0000018518404610, 0x0000018518404ca0, 0x0000018518403f80,
0x0000018518405330, 0x00000185207b2740, 0x00000185207b2dd0, 0x00000185207b3460,
0x00000185207b20b0, 0x00000185207affe0, 0x00000185207b0670, 0x00000185207b0d00,
0x00000185207b1390, 0x000001851e9f5160, 0x000001851e9f6ba0, 0x000001851e9f85e0,
0x000001851ea10050, 0x000001851ea106e0, 0x00000185205ef7d0, 0x00000185205edd90,
0x00000185205ee420, 0x00000185205f1210, 0x00000185205f0b80, 0x00000185205eeab0,
0x00000185205ef140, 0x00000185205efe60, 0x00000185205f04f0, 0x000001851993e9f0,
0x00000185194e67c0, 0x00000185194e46f0, 0x00000185194e5410, 0x00000185194e5aa0,
0x00000185194e6130, 0x00000185194e6e50, 0x00000185194e74e0, 0x00000185194e4060,
0x00000185194e4d80, 0x00000185184a0920, 0x00000185184a29f0, 0x000001851993fda0,
0x000001851eb6a730, 0x000001851eb6adc0, 0x000001851eb6b450, 0x000001851eb6a0a0,
0x0000018519d4c1b0, 0x0000018519d4a0e0, 0x0000018519d4b490, 0x0000018519d4bb20,
0x0000018519d49a50, 0x0000018519d4a770, 0x0000018519d4c840, 0x000001851e764060,
0x000001851e7646f0, 0x00000185203e5b80, 0x00000185203e75c0, 0x00000185203e7c50,
0x0000018519e35b50, 0x0000018519e347a0, 0x0000018519e34e30, 0x00000185203694b0,
0x0000018520369b40, 0x000001852036a1d0, 0x000001852036a860, 0x000001850e1f04a0,
0x0000018520368290, 0x0000018519d4ae00, 0x000001851fd5b3d0, 0x000001851ee26e80,
0x000001851ee27510, 0x000001851ee25ad0, 0x000001851ee27ba0, 0x000001850e1ed020,
0x000001851fde4e40, 0x00000185190a7060, 0x00000185190aa4e0, 0x00000185190a8aa0,
0x00000185190a9e50, 0x00000185190a9130, 0x00000185190a97c0, 0x00000185190a76f0,
0x0000018520f58870, 0x0000018520f56e30, 0x0000018520f581e0, 0x0000018520f56110,
0x000001851fde5b60, 0x000001851fde3a90, 0x000001851fde6880, 0x000001851fde61f0,
0x000001851fde3400, 0x000001851fde4120, 0x00000185204f33e0, 0x00000185204f2030,
0x00000185204f19a0, 0x00000185204eff60, 0x00000185204f05f0, 0x00000185176fc0c0,
0x00000185176fd530, 0x000001851e636130, 0x000001851e635aa0, 0x000001851e634060,
0x000001851e6346f0, 0x000001851e632cb0, 0x000001851e634d80, 0x000001851e6339d0,
0x000001851e4f90a0, 0x000001850823d870, 0x000001850823c4c0, 0x000001850823cb50,
0x000001851f4ee590, 0x000001851f4ec4c0, 0x000001851f4ecb50, 0x000001851f4edf00,
0x000001851f4ef2b0, 0x00000185203e9000, 0x000001850823b7a0, 0x000001850823e590,
0x000001850823d1e0, 0x000001850823df00, 0x000001850823ec20, 0x000001851e5f7830,
0x000001851e5f9f90, 0x000001851e5f6b10, 0x000001851e5f8550, 0x000001851e5f7ec0,
0x000001851e5f8be0, 0x000001851e5f9270, 0x000001851e5f9900, 0x00000185184a1640,
0x00000185184a2360
}

Java Threads: ( => current thread )
  0x000001856baaee50 JavaThread "main"                              [_thread_blocked, id=20456, stack(0x0000002e31900000,0x0000002e31a00000) (1024K)]
  0x000001857f729e20 JavaThread "Common-Cleaner"             daemon [_thread_blocked, id=13788, stack(0x0000002e32100000,0x0000002e32200000) (1024K)]
  0x000001857f758ed0 JavaThread "Reference Handler"          daemon [_thread_blocked, id=21996, stack(0x0000002e32200000,0x0000002e32300000) (1024K)]
  0x000001857f759930 JavaThread "Finalizer"                  daemon [_thread_blocked, id=17312, stack(0x0000002e32300000,0x0000002e32400000) (1024K)]
  0x000001857f77cb80 JavaThread "Signal Dispatcher"          daemon [_thread_blocked, id=14904, stack(0x0000002e32400000,0x0000002e32500000) (1024K)]
  0x000001857f77d1f0 JavaThread "Attach Listener"            daemon [_thread_blocked, id=6724, stack(0x0000002e32500000,0x0000002e32600000) (1024K)]
  0x000001857f77dc50 JavaThread "Service Thread"             daemon [_thread_blocked, id=12516, stack(0x0000002e32600000,0x0000002e32700000) (1024K)]
  0x000001857f79a210 JavaThread "Monitor Deflation Thread"   daemon [_thread_blocked, id=24492, stack(0x0000002e32700000,0x0000002e32800000) (1024K)]
  0x000001857f79cb20 JavaThread "C2 CompilerThread0"         daemon [_thread_in_native, id=20556, stack(0x0000002e32800000,0x0000002e32900000) (1024K)]
  0x000001857f7a0140 JavaThread "C1 CompilerThread0"         daemon [_thread_blocked, id=5488, stack(0x0000002e32900000,0x0000002e32a00000) (1024K)]
  0x00000185080f98c0 JavaThread "Notification Thread"        daemon [_thread_blocked, id=20488, stack(0x0000002e32a00000,0x0000002e32b00000) (1024K)]
  0x00000185098b7210 JavaThread "Daemon health stats"               [_thread_blocked, id=13596, stack(0x0000002e32c00000,0x0000002e32d00000) (1024K)]
  0x000001850993d910 JavaThread "Incoming local TCP Connector on port 62378"        [_thread_in_native, id=14032, stack(0x0000002e33500000,0x0000002e33600000) (1024K)]
  0x0000018509b60420 JavaThread "Daemon periodic checks"            [_thread_blocked, id=23696, stack(0x0000002e33600000,0x0000002e33700000) (1024K)]
  0x0000018509c1c6b0 JavaThread "Daemon"                            [_thread_blocked, id=4348, stack(0x0000002e33700000,0x0000002e33800000) (1024K)]
  0x0000018509aecdc0 JavaThread "Daemon worker"                     [_thread_blocked, id=24384, stack(0x0000002e33a00000,0x0000002e33b00000) (1024K)]
  0x0000018509a777a0 JavaThread "Cache worker for journal cache (C:\Users\trand\.gradle\caches\journal-1)"        [_thread_blocked, id=7344, stack(0x0000002e32b00000,0x0000002e32c00000) (1024K)]
  0x0000018509a76a80 JavaThread "File lock request listener"        [_thread_in_native, id=24476, stack(0x0000002e34100000,0x0000002e34200000) (1024K)]
  0x0000018509a763f0 JavaThread "Cache worker for file hash cache (C:\Users\trand\.gradle\caches\8.13\fileHashes)"        [_thread_blocked, id=21608, stack(0x0000002e34200000,0x0000002e34300000) (1024K)]
  0x0000018509a75040 JavaThread "File watcher server"        daemon [_thread_in_native, id=12356, stack(0x0000002e34700000,0x0000002e34800000) (1024K)]
  0x0000018509a756d0 JavaThread "File watcher consumer"      daemon [_thread_blocked, id=14956, stack(0x0000002e34800000,0x0000002e34900000) (1024K)]
  0x000001850be42c80 JavaThread "jar transforms"                    [_thread_blocked, id=23752, stack(0x0000002e34900000,0x0000002e34a00000) (1024K)]
  0x000001850be40bb0 JavaThread "jar transforms Thread 2"           [_thread_blocked, id=13656, stack(0x0000002e34a00000,0x0000002e34b00000) (1024K)]
  0x000001850be41240 JavaThread "jar transforms Thread 3"           [_thread_blocked, id=23724, stack(0x0000002e34b00000,0x0000002e34c00000) (1024K)]
  0x000001850be418d0 JavaThread "jar transforms Thread 4"           [_thread_blocked, id=22328, stack(0x0000002e34c00000,0x0000002e34d00000) (1024K)]
  0x000001850be425f0 JavaThread "jar transforms Thread 5"           [_thread_blocked, id=22308, stack(0x0000002e34d00000,0x0000002e34e00000) (1024K)]
  0x000001850be40520 JavaThread "jar transforms Thread 6"           [_thread_blocked, id=6116, stack(0x0000002e34e00000,0x0000002e34f00000) (1024K)]
  0x000001850be41f60 JavaThread "jar transforms Thread 7"           [_thread_blocked, id=23568, stack(0x0000002e34f00000,0x0000002e35000000) (1024K)]
  0x000001850be43310 JavaThread "jar transforms Thread 8"           [_thread_blocked, id=14304, stack(0x0000002e35000000,0x0000002e35100000) (1024K)]
  0x000001850be3fe90 JavaThread "jar transforms Thread 9"           [_thread_blocked, id=8968, stack(0x0000002e35100000,0x0000002e35200000) (1024K)]
  0x0000018508901960 JavaThread "jar transforms Thread 10"          [_thread_blocked, id=2640, stack(0x0000002e35200000,0x0000002e35300000) (1024K)]
  0x0000018508902d10 JavaThread "jar transforms Thread 11"          [_thread_blocked, id=24308, stack(0x0000002e35300000,0x0000002e35400000) (1024K)]
  0x00000185089033a0 JavaThread "jar transforms Thread 12"          [_thread_blocked, id=12352, stack(0x0000002e35400000,0x0000002e35500000) (1024K)]
  0x0000018508903a30 JavaThread "Cache worker for file content cache (C:\Users\trand\.gradle\caches\8.13\fileContent)"        [_thread_blocked, id=3460, stack(0x0000002e35600000,0x0000002e35700000) (1024K)]
  0x0000018517ef8070 JavaThread "Memory manager"                    [_thread_blocked, id=22424, stack(0x0000002e38300000,0x0000002e38400000) (1024K)]
  0x00000185171c39c0 JavaThread "pool-3-thread-1"                   [_thread_blocked, id=20032, stack(0x0000002e39200000,0x0000002e39300000) (1024K)]
  0x00000185174cf780 JavaThread "Handler for socket connection from /127.0.0.1:62378 to /127.0.0.1:58614"        [_thread_in_native, id=3884, stack(0x0000002e33900000,0x0000002e33a00000) (1024K)]
  0x00000185174cd6b0 JavaThread "Cancel handler"                    [_thread_blocked, id=22484, stack(0x0000002e33b00000,0x0000002e33c00000) (1024K)]
  0x00000185174ce3d0 JavaThread "Asynchronous log dispatcher for DefaultDaemonConnection: socket connection from /127.0.0.1:62378 to /127.0.0.1:58614"        [_thread_blocked, id=18596, stack(0x0000002e33f00000,0x0000002e34000000) (1024K)]
  0x00000185174d1ee0 JavaThread "Stdin handler"                     [_thread_blocked, id=6032, stack(0x0000002e34000000,0x0000002e34100000) (1024K)]
  0x00000185174cea60 JavaThread "Daemon client event forwarder"        [_thread_blocked, id=22820, stack(0x0000002e34300000,0x0000002e34400000) (1024K)]
  0x00000185174b3940 JavaThread "Cache worker for file hash cache (D:\Android\AGRISORTAI\.gradle\8.13\fileHashes)"        [_thread_blocked, id=16868, stack(0x0000002e34400000,0x0000002e34500000) (1024K)]
  0x00000185174b32b0 JavaThread "Cache worker for Build Output Cleanup Cache (D:\Android\AGRISORTAI\.gradle\buildOutputCleanup)"        [_thread_blocked, id=24256, stack(0x0000002e34500000,0x0000002e34600000) (1024K)]
  0x00000185174b3fd0 JavaThread "Cache worker for checksums cache (D:\Android\AGRISORTAI\.gradle\8.13\checksums)"        [_thread_blocked, id=5880, stack(0x0000002e35700000,0x0000002e35800000) (1024K)]
  0x00000185174b4660 JavaThread "Cache worker for cache directory md-supplier (C:\Users\trand\.gradle\caches\8.13\md-supplier)"        [_thread_blocked, id=220, stack(0x0000002e35800000,0x0000002e35900000) (1024K)]
  0x00000185174b4cf0 JavaThread "Cache worker for cache directory md-rule (C:\Users\trand\.gradle\caches\8.13\md-rule)"        [_thread_blocked, id=1400, stack(0x0000002e35900000,0x0000002e35a00000) (1024K)]
  0x00000185174b5380 JavaThread "Unconstrained build operations"        [_thread_blocked, id=9148, stack(0x0000002e35a00000,0x0000002e35b00000) (1024K)]
  0x00000185174b2c20 JavaThread "Unconstrained build operations Thread 2"        [_thread_blocked, id=4372, stack(0x0000002e35b00000,0x0000002e35c00000) (1024K)]
  0x00000185174b7ae0 JavaThread "Unconstrained build operations Thread 3"        [_thread_blocked, id=5324, stack(0x0000002e35c00000,0x0000002e35d00000) (1024K)]
  0x00000185174b60a0 JavaThread "Unconstrained build operations Thread 4"        [_thread_blocked, id=22364, stack(0x0000002e35d00000,0x0000002e35e00000) (1024K)]
  0x00000185174b7450 JavaThread "Unconstrained build operations Thread 5"        [_thread_blocked, id=7712, stack(0x0000002e35e00000,0x0000002e35f00000) (1024K)]
  0x000001851ef8b530 JavaThread "Unconstrained build operations Thread 6"        [_thread_blocked, id=21828, stack(0x0000002e35f00000,0x0000002e36000000) (1024K)]
  0x000001851ef8aea0 JavaThread "Unconstrained build operations Thread 7"        [_thread_blocked, id=22312, stack(0x0000002e36000000,0x0000002e36100000) (1024K)]
  0x000001851ef8bbc0 JavaThread "Unconstrained build operations Thread 8"        [_thread_blocked, id=24524, stack(0x0000002e36100000,0x0000002e36200000) (1024K)]
  0x000001851ef8c250 JavaThread "Unconstrained build operations Thread 9"        [_thread_blocked, id=22772, stack(0x0000002e36200000,0x0000002e36300000) (1024K)]
  0x0000018518feb6c0 JavaThread "Unconstrained build operations Thread 10"        [_thread_blocked, id=21520, stack(0x0000002e36300000,0x0000002e36400000) (1024K)]
  0x0000018518feb030 JavaThread "Unconstrained build operations Thread 11"        [_thread_in_Java, id=1356, stack(0x0000002e36400000,0x0000002e36500000) (1024K)]
  0x0000018518febd50 JavaThread "Unconstrained build operations Thread 12"        [_thread_in_Java, id=21780, stack(0x0000002e36500000,0x0000002e36600000) (1024K)]
  0x0000018518fec3e0 JavaThread "Unconstrained build operations Thread 13"        [_thread_blocked, id=7856, stack(0x0000002e36600000,0x0000002e36700000) (1024K)]
  0x000001851e4fa450 JavaThread "Unconstrained build operations Thread 14"        [_thread_in_Java, id=7840, stack(0x0000002e36700000,0x0000002e36800000) (1024K)]
  0x000001851e4f9dc0 JavaThread "Unconstrained build operations Thread 15"        [_thread_blocked, id=7124, stack(0x0000002e36800000,0x0000002e36900000) (1024K)]
  0x000001851e4faae0 JavaThread "Unconstrained build operations Thread 16"        [_thread_in_Java, id=7864, stack(0x0000002e36900000,0x0000002e36a00000) (1024K)]
  0x000001851e4f7660 JavaThread "Unconstrained build operations Thread 17"        [_thread_blocked, id=6920, stack(0x0000002e36a00000,0x0000002e36b00000) (1024K)]
  0x000001851e4f8380 JavaThread "Unconstrained build operations Thread 18"        [_thread_blocked, id=23340, stack(0x0000002e36b00000,0x0000002e36c00000) (1024K)]
  0x000001851e4f9730 JavaThread "Unconstrained build operations Thread 19"        [_thread_blocked, id=13532, stack(0x0000002e36c00000,0x0000002e36d00000) (1024K)]
  0x000001851e4f8a10 JavaThread "Unconstrained build operations Thread 20"        [_thread_in_Java, id=2504, stack(0x0000002e36d00000,0x0000002e36e00000) (1024K)]
  0x000001851e4f7cf0 JavaThread "Unconstrained build operations Thread 21"        [_thread_blocked, id=22988, stack(0x0000002e36e00000,0x0000002e36f00000) (1024K)]
  0x0000018519564670 JavaThread "Unconstrained build operations Thread 22"        [_thread_blocked, id=22704, stack(0x0000002e36f00000,0x0000002e37000000) (1024K)]
  0x0000018519563fe0 JavaThread "Unconstrained build operations Thread 23"        [_thread_in_Java, id=24156, stack(0x0000002e37000000,0x0000002e37100000) (1024K)]
  0x0000018518404610 JavaThread "Unconstrained build operations Thread 24"        [_thread_in_Java, id=14284, stack(0x0000002e37100000,0x0000002e37200000) (1024K)]
  0x0000018518404ca0 JavaThread "Unconstrained build operations Thread 25"        [_thread_blocked, id=6264, stack(0x0000002e37200000,0x0000002e37300000) (1024K)]
  0x0000018518403f80 JavaThread "Unconstrained build operations Thread 26"        [_thread_blocked, id=18600, stack(0x0000002e37300000,0x0000002e37400000) (1024K)]
  0x0000018518405330 JavaThread "Unconstrained build operations Thread 27"        [_thread_blocked, id=23528, stack(0x0000002e37400000,0x0000002e37500000) (1024K)]
  0x00000185207b2740 JavaThread "Unconstrained build operations Thread 28"        [_thread_blocked, id=23144, stack(0x0000002e37500000,0x0000002e37600000) (1024K)]
  0x00000185207b2dd0 JavaThread "Unconstrained build operations Thread 29"        [_thread_blocked, id=22908, stack(0x0000002e37600000,0x0000002e37700000) (1024K)]
  0x00000185207b3460 JavaThread "Unconstrained build operations Thread 30"        [_thread_blocked, id=11256, stack(0x0000002e37700000,0x0000002e37800000) (1024K)]
  0x00000185207b20b0 JavaThread "Unconstrained build operations Thread 31"        [_thread_blocked, id=1688, stack(0x0000002e37800000,0x0000002e37900000) (1024K)]
  0x00000185207affe0 JavaThread "Unconstrained build operations Thread 32"        [_thread_blocked, id=22616, stack(0x0000002e37900000,0x0000002e37a00000) (1024K)]
  0x00000185207b0670 JavaThread "build event listener"              [_thread_blocked, id=11020, stack(0x0000002e37a00000,0x0000002e37b00000) (1024K)]
  0x00000185207b0d00 JavaThread "build event listener"              [_thread_blocked, id=19808, stack(0x0000002e37b00000,0x0000002e37c00000) (1024K)]
  0x00000185207b1390 JavaThread "Problems report writer"            [_thread_blocked, id=17728, stack(0x0000002e37c00000,0x0000002e37d00000) (1024K)]
  0x000001851e9f5160 JavaThread "pool-7-thread-1"                   [_thread_blocked, id=22216, stack(0x0000002e37d00000,0x0000002e37e00000) (1024K)]
  0x000001851e9f6ba0 JavaThread "build event listener"              [_thread_blocked, id=10984, stack(0x0000002e37e00000,0x0000002e37f00000) (1024K)]
  0x000001851e9f85e0 JavaThread "included builds"                   [_thread_blocked, id=19440, stack(0x0000002e37f00000,0x0000002e38000000) (1024K)]
  0x000001851ea10050 JavaThread "Execution worker"                  [_thread_blocked, id=23172, stack(0x0000002e38000000,0x0000002e38100000) (1024K)]
  0x000001851ea106e0 JavaThread "Execution worker Thread 2"         [_thread_blocked, id=10328, stack(0x0000002e38100000,0x0000002e38200000) (1024K)]
  0x00000185205ef7d0 JavaThread "Execution worker Thread 3"         [_thread_blocked, id=22204, stack(0x0000002e38200000,0x0000002e38300000) (1024K)]
  0x00000185205edd90 JavaThread "Execution worker Thread 4"         [_thread_blocked, id=22024, stack(0x0000002e38400000,0x0000002e38500000) (1024K)]
  0x00000185205ee420 JavaThread "Execution worker Thread 5"         [_thread_blocked, id=2244, stack(0x0000002e38500000,0x0000002e38600000) (1024K)]
  0x00000185205f1210 JavaThread "Execution worker Thread 6"         [_thread_blocked, id=22476, stack(0x0000002e38600000,0x0000002e38700000) (1024K)]
  0x00000185205f0b80 JavaThread "Execution worker Thread 7"         [_thread_blocked, id=22252, stack(0x0000002e38700000,0x0000002e38800000) (1024K)]
  0x00000185205eeab0 JavaThread "Execution worker Thread 8"         [_thread_blocked, id=23728, stack(0x0000002e38800000,0x0000002e38900000) (1024K)]
  0x00000185205ef140 JavaThread "Execution worker Thread 9"         [_thread_blocked, id=9432, stack(0x0000002e38900000,0x0000002e38a00000) (1024K)]
  0x00000185205efe60 JavaThread "Execution worker Thread 10"        [_thread_blocked, id=23124, stack(0x0000002e38a00000,0x0000002e38b00000) (1024K)]
  0x00000185205f04f0 JavaThread "Execution worker Thread 11"        [_thread_blocked, id=24172, stack(0x0000002e38b00000,0x0000002e38c00000) (1024K)]
  0x000001851993e9f0 JavaThread "Cache worker for execution history cache (D:\Android\AGRISORTAI\.gradle\8.13\executionHistory)"        [_thread_blocked, id=18904, stack(0x0000002e38c00000,0x0000002e38d00000) (1024K)]
  0x00000185194e67c0 JavaThread "Unconstrained build operations Thread 33"        [_thread_blocked, id=4260, stack(0x0000002e35500000,0x0000002e35600000) (1024K)]
  0x00000185194e46f0 JavaThread "Unconstrained build operations Thread 34"        [_thread_blocked, id=1908, stack(0x0000002e38d00000,0x0000002e38e00000) (1024K)]
  0x00000185194e5410 JavaThread "Unconstrained build operations Thread 35"        [_thread_blocked, id=12928, stack(0x0000002e38e00000,0x0000002e38f00000) (1024K)]
  0x00000185194e5aa0 JavaThread "Unconstrained build operations Thread 36"        [_thread_blocked, id=24332, stack(0x0000002e38f00000,0x0000002e39000000) (1024K)]
  0x00000185194e6130 JavaThread "Unconstrained build operations Thread 37"        [_thread_blocked, id=9088, stack(0x0000002e39000000,0x0000002e39100000) (1024K)]
  0x00000185194e6e50 JavaThread "Unconstrained build operations Thread 38"        [_thread_blocked, id=21824, stack(0x0000002e39300000,0x0000002e39400000) (1024K)]
  0x00000185194e74e0 JavaThread "Unconstrained build operations Thread 39"        [_thread_blocked, id=21884, stack(0x0000002e39400000,0x0000002e39500000) (1024K)]
  0x00000185194e4060 JavaThread "Unconstrained build operations Thread 40"        [_thread_blocked, id=19336, stack(0x0000002e39500000,0x0000002e39600000) (1024K)]
  0x00000185194e4d80 JavaThread "Unconstrained build operations Thread 41"        [_thread_blocked, id=23176, stack(0x0000002e39600000,0x0000002e39700000) (1024K)]
  0x00000185184a0920 JavaThread "Unconstrained build operations Thread 42"        [_thread_blocked, id=14504, stack(0x0000002e39700000,0x0000002e39800000) (1024K)]
  0x00000185184a29f0 JavaThread "Unconstrained build operations Thread 43"        [_thread_blocked, id=13640, stack(0x0000002e39800000,0x0000002e39900000) (1024K)]
  0x000001851993fda0 JavaThread "WorkerExecutor Queue"              [_thread_blocked, id=18748, stack(0x0000002e39a00000,0x0000002e39b00000) (1024K)]
  0x000001851eb6a730 JavaThread "Unconstrained build operations Thread 44"        [_thread_blocked, id=22128, stack(0x0000002e39b00000,0x0000002e39c00000) (1024K)]
  0x000001851eb6adc0 JavaThread "Unconstrained build operations Thread 45"        [_thread_blocked, id=21880, stack(0x0000002e39c00000,0x0000002e39d00000) (1024K)]
  0x000001851eb6b450 JavaThread "Unconstrained build operations Thread 46"        [_thread_blocked, id=12276, stack(0x0000002e39d00000,0x0000002e39e00000) (1024K)]
  0x000001851eb6a0a0 JavaThread "Unconstrained build operations Thread 47"        [_thread_blocked, id=21712, stack(0x0000002e39e00000,0x0000002e39f00000) (1024K)]
  0x0000018519d4c1b0 JavaThread "Unconstrained build operations Thread 48"        [_thread_blocked, id=23572, stack(0x0000002e39f00000,0x0000002e3a000000) (1024K)]
  0x0000018519d4a0e0 JavaThread "Unconstrained build operations Thread 49"        [_thread_blocked, id=21548, stack(0x0000002e3a000000,0x0000002e3a100000) (1024K)]
  0x0000018519d4b490 JavaThread "Unconstrained build operations Thread 50"        [_thread_blocked, id=2588, stack(0x0000002e3a100000,0x0000002e3a200000) (1024K)]
  0x0000018519d4bb20 JavaThread "Unconstrained build operations Thread 51"        [_thread_blocked, id=7300, stack(0x0000002e3a200000,0x0000002e3a300000) (1024K)]
  0x0000018519d49a50 JavaThread "Unconstrained build operations Thread 52"        [_thread_blocked, id=20956, stack(0x0000002e3a300000,0x0000002e3a400000) (1024K)]
  0x0000018519d4a770 JavaThread "Unconstrained build operations Thread 53"        [_thread_blocked, id=20508, stack(0x0000002e3a400000,0x0000002e3a500000) (1024K)]
  0x0000018519d4c840 JavaThread "Unconstrained build operations Thread 54"        [_thread_blocked, id=24412, stack(0x0000002e3a500000,0x0000002e3a600000) (1024K)]
  0x000001851e764060 JavaThread "Unconstrained build operations Thread 55"        [_thread_blocked, id=6884, stack(0x0000002e3a600000,0x0000002e3a700000) (1024K)]
  0x000001851e7646f0 JavaThread "WorkerExecutor Queue Thread 2"        [_thread_blocked, id=20172, stack(0x0000002e3a700000,0x0000002e3a800000) (1024K)]
  0x00000185203e5b80 JavaThread "Unconstrained build operations Thread 56"        [_thread_blocked, id=18988, stack(0x0000002e3a800000,0x0000002e3a900000) (1024K)]
  0x00000185203e75c0 JavaThread "Unconstrained build operations Thread 57"        [_thread_blocked, id=17832, stack(0x0000002e3a900000,0x0000002e3aa00000) (1024K)]
  0x00000185203e7c50 JavaThread "Unconstrained build operations Thread 58"        [_thread_blocked, id=21896, stack(0x0000002e3aa00000,0x0000002e3ab00000) (1024K)]
  0x0000018519e35b50 JavaThread "Unconstrained build operations Thread 59"        [_thread_blocked, id=6488, stack(0x0000002e3ab00000,0x0000002e3ac00000) (1024K)]
  0x0000018519e347a0 JavaThread "Unconstrained build operations Thread 60"        [_thread_blocked, id=22012, stack(0x0000002e3ac00000,0x0000002e3ad00000) (1024K)]
  0x0000018519e34e30 JavaThread "Unconstrained build operations Thread 61"        [_thread_blocked, id=10708, stack(0x0000002e3ad00000,0x0000002e3ae00000) (1024K)]
  0x00000185203694b0 JavaThread "Unconstrained build operations Thread 62"        [_thread_blocked, id=3084, stack(0x0000002e3ae00000,0x0000002e3af00000) (1024K)]
  0x0000018520369b40 JavaThread "Unconstrained build operations Thread 63"        [_thread_blocked, id=15356, stack(0x0000002e3af00000,0x0000002e3b000000) (1024K)]
  0x000001852036a1d0 JavaThread "Unconstrained build operations Thread 64"        [_thread_blocked, id=23736, stack(0x0000002e3b000000,0x0000002e3b100000) (1024K)]
  0x000001852036a860 JavaThread "Unconstrained build operations Thread 65"        [_thread_blocked, id=22920, stack(0x0000002e3b100000,0x0000002e3b200000) (1024K)]
  0x000001850e1f04a0 JavaThread "Unconstrained build operations Thread 66"        [_thread_blocked, id=16136, stack(0x0000002e3b200000,0x0000002e3b300000) (1024K)]
  0x0000018520368290 JavaThread "WorkerExecutor Queue Thread 3"        [_thread_blocked, id=21100, stack(0x0000002e3b300000,0x0000002e3b400000) (1024K)]
  0x0000018519d4ae00 JavaThread "WorkerExecutor Queue Thread 4"        [_thread_blocked, id=5048, stack(0x0000002e3b400000,0x0000002e3b500000) (1024K)]
  0x000001851fd5b3d0 JavaThread "WorkerExecutor Queue Thread 5"        [_thread_blocked, id=14920, stack(0x0000002e3b500000,0x0000002e3b600000) (1024K)]
  0x000001851ee26e80 JavaThread "WorkerExecutor Queue Thread 6"        [_thread_blocked, id=22444, stack(0x0000002e3b600000,0x0000002e3b700000) (1024K)]
  0x000001851ee27510 JavaThread "WorkerExecutor Queue Thread 7"        [_thread_blocked, id=21752, stack(0x0000002e3b700000,0x0000002e3b800000) (1024K)]
  0x000001851ee25ad0 JavaThread "WorkerExecutor Queue Thread 8"        [_thread_blocked, id=23700, stack(0x0000002e3b800000,0x0000002e3b900000) (1024K)]
  0x000001851ee27ba0 JavaThread "WorkerExecutor Queue Thread 10"        [_thread_blocked, id=11792, stack(0x0000002e3bb00000,0x0000002e3bc00000) (1024K)]
  0x000001850e1ed020 JavaThread "WorkerExecutor Queue Thread 12"        [_thread_blocked, id=23748, stack(0x0000002e3bd00000,0x0000002e3be00000) (1024K)]
  0x000001851fde4e40 JavaThread "Unconstrained build operations Thread 67"        [_thread_blocked, id=21516, stack(0x0000002e3be00000,0x0000002e3bf00000) (1024K)]
  0x00000185190a7060 JavaThread "Unconstrained build operations Thread 68"        [_thread_blocked, id=16860, stack(0x0000002e3bf00000,0x0000002e3c000000) (1024K)]
  0x00000185190aa4e0 JavaThread "Unconstrained build operations Thread 69"        [_thread_blocked, id=10024, stack(0x0000002e3c000000,0x0000002e3c100000) (1024K)]
  0x00000185190a8aa0 JavaThread "Unconstrained build operations Thread 70"        [_thread_blocked, id=22456, stack(0x0000002e3c100000,0x0000002e3c200000) (1024K)]
  0x00000185190a9e50 JavaThread "Unconstrained build operations Thread 71"        [_thread_blocked, id=22448, stack(0x0000002e3c200000,0x0000002e3c300000) (1024K)]
  0x00000185190a9130 JavaThread "Unconstrained build operations Thread 72"        [_thread_blocked, id=20128, stack(0x0000002e3c300000,0x0000002e3c400000) (1024K)]
  0x00000185190a97c0 JavaThread "Unconstrained build operations Thread 73"        [_thread_blocked, id=17844, stack(0x0000002e3c400000,0x0000002e3c500000) (1024K)]
  0x00000185190a76f0 JavaThread "Unconstrained build operations Thread 74"        [_thread_blocked, id=23460, stack(0x0000002e3c500000,0x0000002e3c600000) (1024K)]
  0x0000018520f58870 JavaThread "Unconstrained build operations Thread 75"        [_thread_blocked, id=17288, stack(0x0000002e3c600000,0x0000002e3c700000) (1024K)]
  0x0000018520f56e30 JavaThread "Unconstrained build operations Thread 76"        [_thread_blocked, id=17300, stack(0x0000002e3c700000,0x0000002e3c800000) (1024K)]
  0x0000018520f581e0 JavaThread "Unconstrained build operations Thread 77"        [_thread_blocked, id=21568, stack(0x0000002e3c800000,0x0000002e3c900000) (1024K)]
  0x0000018520f56110 JavaThread "Unconstrained build operations Thread 78"        [_thread_blocked, id=15920, stack(0x0000002e3c900000,0x0000002e3ca00000) (1024K)]
  0x000001851fde5b60 JavaThread "Unconstrained build operations Thread 79"        [_thread_blocked, id=24192, stack(0x0000002e34600000,0x0000002e34700000) (1024K)]
  0x000001851fde3a90 JavaThread "Unconstrained build operations Thread 80"        [_thread_blocked, id=21052, stack(0x0000002e39900000,0x0000002e39a00000) (1024K)]
  0x000001851fde6880 JavaThread "Unconstrained build operations Thread 81"        [_thread_blocked, id=7612, stack(0x0000002e3ca00000,0x0000002e3cb00000) (1024K)]
  0x000001851fde61f0 JavaThread "Unconstrained build operations Thread 82"        [_thread_blocked, id=7824, stack(0x0000002e3cb00000,0x0000002e3cc00000) (1024K)]
  0x000001851fde3400 JavaThread "Unconstrained build operations Thread 83"        [_thread_blocked, id=12480, stack(0x0000002e3cc00000,0x0000002e3cd00000) (1024K)]
  0x000001851fde4120 JavaThread "Unconstrained build operations Thread 84"        [_thread_blocked, id=23028, stack(0x0000002e3cd00000,0x0000002e3ce00000) (1024K)]
  0x00000185204f33e0 JavaThread "Unconstrained build operations Thread 85"        [_thread_blocked, id=23808, stack(0x0000002e3ce00000,0x0000002e3cf00000) (1024K)]
  0x00000185204f2030 JavaThread "Unconstrained build operations Thread 86"        [_thread_blocked, id=1956, stack(0x0000002e3cf00000,0x0000002e3d000000) (1024K)]
  0x00000185204f19a0 JavaThread "Unconstrained build operations Thread 87"        [_thread_blocked, id=23888, stack(0x0000002e3d000000,0x0000002e3d100000) (1024K)]
  0x00000185204eff60 JavaThread "Unconstrained build operations Thread 88"        [_thread_blocked, id=21636, stack(0x0000002e3d100000,0x0000002e3d200000) (1024K)]
  0x00000185204f05f0 JavaThread "Unconstrained build operations Thread 89"        [_thread_blocked, id=11148, stack(0x0000002e3d200000,0x0000002e3d300000) (1024K)]
  0x00000185176fc0c0 JavaThread "C2 CompilerThread1"         daemon [_thread_in_native, id=1620, stack(0x0000002e3d300000,0x0000002e3d400000) (1024K)]
=>0x00000185176fd530 JavaThread "C2 CompilerThread2"         daemon [_thread_in_native, id=16036, stack(0x0000002e3d400000,0x0000002e3d500000) (1024K)]
  0x000001851e636130 JavaThread "Unconstrained build operations Thread 90"        [_thread_blocked, id=400, stack(0x0000002e3d500000,0x0000002e3d600000) (1024K)]
  0x000001851e635aa0 JavaThread "Unconstrained build operations Thread 91"        [_thread_blocked, id=12896, stack(0x0000002e3d600000,0x0000002e3d700000) (1024K)]
  0x000001851e634060 JavaThread "Unconstrained build operations Thread 92"        [_thread_blocked, id=22688, stack(0x0000002e3d700000,0x0000002e3d800000) (1024K)]
  0x000001851e6346f0 JavaThread "Unconstrained build operations Thread 93"        [_thread_blocked, id=20980, stack(0x0000002e3d800000,0x0000002e3d900000) (1024K)]
  0x000001851e632cb0 JavaThread "Unconstrained build operations Thread 94"        [_thread_blocked, id=16888, stack(0x0000002e3d900000,0x0000002e3da00000) (1024K)]
  0x000001851e634d80 JavaThread "Unconstrained build operations Thread 95"        [_thread_blocked, id=2812, stack(0x0000002e3da00000,0x0000002e3db00000) (1024K)]
  0x000001851e6339d0 JavaThread "Unconstrained build operations Thread 96"        [_thread_blocked, id=9280, stack(0x0000002e3db00000,0x0000002e3dc00000) (1024K)]
  0x000001851e4f90a0 JavaThread "Unconstrained build operations Thread 97"        [_thread_blocked, id=8064, stack(0x0000002e3dc00000,0x0000002e3dd00000) (1024K)]
  0x000001850823d870 JavaThread "Unconstrained build operations Thread 98"        [_thread_blocked, id=17704, stack(0x0000002e3dd00000,0x0000002e3de00000) (1024K)]
  0x000001850823c4c0 JavaThread "Unconstrained build operations Thread 99"        [_thread_blocked, id=608, stack(0x0000002e3de00000,0x0000002e3df00000) (1024K)]
  0x000001850823cb50 JavaThread "Unconstrained build operations Thread 100"        [_thread_blocked, id=23240, stack(0x0000002e3df00000,0x0000002e3e000000) (1024K)]
  0x000001851f4ee590 JavaThread "Unconstrained build operations Thread 101"        [_thread_blocked, id=14432, stack(0x0000002e3e000000,0x0000002e3e100000) (1024K)]
  0x000001851f4ec4c0 JavaThread "Unconstrained build operations Thread 102"        [_thread_blocked, id=19012, stack(0x0000002e3e100000,0x0000002e3e200000) (1024K)]
  0x000001851f4ecb50 JavaThread "Unconstrained build operations Thread 103"        [_thread_blocked, id=20884, stack(0x0000002e3e200000,0x0000002e3e300000) (1024K)]
  0x000001851f4edf00 JavaThread "Unconstrained build operations Thread 104"        [_thread_blocked, id=7576, stack(0x0000002e3e300000,0x0000002e3e400000) (1024K)]
  0x000001851f4ef2b0 JavaThread "Unconstrained build operations Thread 105"        [_thread_blocked, id=24556, stack(0x0000002e3e400000,0x0000002e3e500000) (1024K)]
  0x00000185203e9000 JavaThread "Unconstrained build operations Thread 106"        [_thread_blocked, id=6796, stack(0x0000002e3e500000,0x0000002e3e600000) (1024K)]
  0x000001850823b7a0 JavaThread "Unconstrained build operations Thread 107"        [_thread_blocked, id=6756, stack(0x0000002e3e600000,0x0000002e3e700000) (1024K)]
  0x000001850823e590 JavaThread "Unconstrained build operations Thread 108"        [_thread_blocked, id=13864, stack(0x0000002e3e700000,0x0000002e3e800000) (1024K)]
  0x000001850823d1e0 JavaThread "Unconstrained build operations Thread 109"        [_thread_blocked, id=4212, stack(0x0000002e3e800000,0x0000002e3e900000) (1024K)]
  0x000001850823df00 JavaThread "Unconstrained build operations Thread 110"        [_thread_blocked, id=22552, stack(0x0000002e3e900000,0x0000002e3ea00000) (1024K)]
  0x000001850823ec20 JavaThread "Unconstrained build operations Thread 111"        [_thread_blocked, id=22320, stack(0x0000002e3ea00000,0x0000002e3eb00000) (1024K)]
  0x000001851e5f7830 JavaThread "WorkerExecutor Queue Thread 13"        [_thread_blocked, id=11288, stack(0x0000002e3eb00000,0x0000002e3ec00000) (1024K)]
  0x000001851e5f9f90 JavaThread "Unconstrained build operations Thread 112"        [_thread_blocked, id=20336, stack(0x0000002e3ec00000,0x0000002e3ed00000) (1024K)]
  0x000001851e5f6b10 JavaThread "Unconstrained build operations Thread 113"        [_thread_blocked, id=5092, stack(0x0000002e3ed00000,0x0000002e3ee00000) (1024K)]
  0x000001851e5f8550 JavaThread "Unconstrained build operations Thread 114"        [_thread_blocked, id=10820, stack(0x0000002e3ee00000,0x0000002e3ef00000) (1024K)]
  0x000001851e5f7ec0 JavaThread "Unconstrained build operations Thread 115"        [_thread_blocked, id=22188, stack(0x0000002e3ef00000,0x0000002e3f000000) (1024K)]
  0x000001851e5f8be0 JavaThread "Unconstrained build operations Thread 116"        [_thread_blocked, id=21496, stack(0x0000002e3f000000,0x0000002e3f100000) (1024K)]
  0x000001851e5f9270 JavaThread "Unconstrained build operations Thread 117"        [_thread_blocked, id=22016, stack(0x0000002e3f100000,0x0000002e3f200000) (1024K)]
  0x000001851e5f9900 JavaThread "Unconstrained build operations Thread 118"        [_thread_blocked, id=6576, stack(0x0000002e3f200000,0x0000002e3f300000) (1024K)]
  0x00000185184a1640 JavaThread "Unconstrained build operations Thread 119"        [_thread_blocked, id=23960, stack(0x0000002e3f300000,0x0000002e3f400000) (1024K)]
  0x00000185184a2360 JavaThread "Unconstrained build operations Thread 120"        [_thread_blocked, id=4896, stack(0x0000002e3f400000,0x0000002e3f500000) (1024K)]
Total: 197

Other Threads:
  0x000001857f1aa810 VMThread "VM Thread"                           [id=1744, stack(0x0000002e32000000,0x0000002e32100000) (1024K)]
  0x000001857f6909d0 WatcherThread "VM Periodic Task Thread"        [id=1992, stack(0x0000002e31f00000,0x0000002e32000000) (1024K)]
  0x000001856bb079d0 WorkerThread "GC Thread#0"                     [id=24508, stack(0x0000002e31a00000,0x0000002e31b00000) (1024K)]
  0x000001850845e8f0 WorkerThread "GC Thread#1"                     [id=16708, stack(0x0000002e32d00000,0x0000002e32e00000) (1024K)]
  0x00000185082224a0 WorkerThread "GC Thread#2"                     [id=23908, stack(0x0000002e32e00000,0x0000002e32f00000) (1024K)]
  0x00000185084b7b90 WorkerThread "GC Thread#3"                     [id=5708, stack(0x0000002e32f00000,0x0000002e33000000) (1024K)]
  0x00000185084b7f30 WorkerThread "GC Thread#4"                     [id=22696, stack(0x0000002e33000000,0x0000002e33100000) (1024K)]
  0x00000185084b82d0 WorkerThread "GC Thread#5"                     [id=9760, stack(0x0000002e33100000,0x0000002e33200000) (1024K)]
  0x00000185097c5f20 WorkerThread "GC Thread#6"                     [id=8252, stack(0x0000002e33200000,0x0000002e33300000) (1024K)]
  0x00000185097c57e0 WorkerThread "GC Thread#7"                     [id=16916, stack(0x0000002e33300000,0x0000002e33400000) (1024K)]
  0x00000185097c62c0 WorkerThread "GC Thread#8"                     [id=14104, stack(0x0000002e33400000,0x0000002e33500000) (1024K)]
  0x00000185097c6a00 WorkerThread "GC Thread#9"                     [id=20024, stack(0x0000002e33c00000,0x0000002e33d00000) (1024K)]
  0x000001856bb188c0 ConcurrentGCThread "G1 Main Marker"            [id=17336, stack(0x0000002e31b00000,0x0000002e31c00000) (1024K)]
  0x000001856bb1a110 WorkerThread "G1 Conc#0"                       [id=15908, stack(0x0000002e31c00000,0x0000002e31d00000) (1024K)]
  0x00000185097c50a0 WorkerThread "G1 Conc#1"                       [id=22316, stack(0x0000002e33d00000,0x0000002e33e00000) (1024K)]
  0x00000185097c5440 WorkerThread "G1 Conc#2"                       [id=17244, stack(0x0000002e33e00000,0x0000002e33f00000) (1024K)]
  0x000001857f0cd660 ConcurrentGCThread "G1 Refine#0"               [id=22436, stack(0x0000002e31d00000,0x0000002e31e00000) (1024K)]
  0x000001857f0ce0e0 ConcurrentGCThread "G1 Service"                [id=11668, stack(0x0000002e31e00000,0x0000002e31f00000) (1024K)]
Total: 18

Threads with active compile tasks:
C2 CompilerThread0  135503 42373 %     4       com.android.tools.r8.internal.l32::a @ 679 (2024 bytes)
C2 CompilerThread1  135503 42529       4       com.android.tools.r8.internal.wv::b (723 bytes)
C2 CompilerThread2  135503 42376       4       com.android.tools.r8.internal.l32::c (803 bytes)
Total: 3

VM state: not at safepoint (normal execution)

VM Mutex/Monitor currently owned by a thread: None

Heap address: 0x0000000080000000, size: 2048 MB, Compressed Oops mode: 32-bit

CDS archive(s) not mapped
Compressed class space mapped at: 0x0000000100000000-0x0000000140000000, reserved size: 1073741824
Narrow klass base: 0x0000000000000000, Narrow klass shift: 3, Narrow klass range: 0x140000000

GC Precious Log:
 CardTable entry size: 512
 Card Set container configuration: InlinePtr #cards 5 size 8 Array Of Cards #cards 12 size 40 Howl #buckets 4 coarsen threshold 1843 Howl Bitmap #cards 512 size 80 coarsen threshold 460 Card regions per heap region 1 cards per card region 2048
 CPUs: 12 total, 12 available
 Memory: 16068M
 Large Page Support: Disabled
 NUMA Support: Disabled
 Compressed Oops: Enabled (32-bit)
 Heap Region Size: 1M
 Heap Min Capacity: 8M
 Heap Initial Capacity: 252M
 Heap Max Capacity: 2G
 Pre-touch: Disabled
 Parallel Workers: 10
 Concurrent Workers: 3
 Concurrent Refinement Workers: 10
 Periodic GC: Disabled

Heap:
 garbage-first heap   total 1519616K, used 568729K [0x0000000080000000, 0x0000000100000000)
  region size 1024K, 119 young (121856K), 65 survivors (66560K)
 Metaspace       used 258583K, committed 261632K, reserved 1310720K
  class space    used 33617K, committed 35136K, reserved 1048576K

Heap Regions: E=young(eden), S=young(survivor), O=old, HS=humongous(starts), HC=humongous(continues), CS=collection set, F=free, TAMS=top-at-mark-start, PB=parsable bottom
|   0|0x0000000080000000, 0x0000000080100000, 0x0000000080100000|100%|HS|  |TAMS 0x0000000080000000| PB 0x0000000080000000| Complete 
|   1|0x0000000080100000, 0x0000000080200000, 0x0000000080200000|100%|HC|  |TAMS 0x0000000080100000| PB 0x0000000080100000| Complete 
|   2|0x0000000080200000, 0x0000000080300000, 0x0000000080300000|100%|HC|  |TAMS 0x0000000080200000| PB 0x0000000080200000| Complete 
|   3|0x0000000080300000, 0x0000000080400000, 0x0000000080400000|100%| O|  |TAMS 0x0000000080300000| PB 0x0000000080300000| Untracked 
|   4|0x0000000080400000, 0x0000000080500000, 0x0000000080500000|100%| O|  |TAMS 0x0000000080400000| PB 0x0000000080400000| Untracked 
|   5|0x0000000080500000, 0x0000000080600000, 0x0000000080600000|100%| O|  |TAMS 0x0000000080500000| PB 0x0000000080500000| Untracked 
|   6|0x0000000080600000, 0x0000000080700000, 0x0000000080700000|100%|HS|  |TAMS 0x0000000080600000| PB 0x0000000080600000| Complete 
|   7|0x0000000080700000, 0x0000000080800000, 0x0000000080800000|100%| O|  |TAMS 0x0000000080700000| PB 0x0000000080700000| Untracked 
|   8|0x0000000080800000, 0x0000000080900000, 0x0000000080900000|100%| O|  |TAMS 0x0000000080800000| PB 0x0000000080800000| Untracked 
|   9|0x0000000080900000, 0x0000000080a00000, 0x0000000080a00000|100%| O|  |TAMS 0x0000000080900000| PB 0x0000000080900000| Untracked 
|  10|0x0000000080a00000, 0x0000000080b00000, 0x0000000080b00000|100%| O|  |TAMS 0x0000000080a00000| PB 0x0000000080a00000| Untracked 
|  11|0x0000000080b00000, 0x0000000080c00000, 0x0000000080c00000|100%| O|  |TAMS 0x0000000080b00000| PB 0x0000000080b00000| Untracked 
|  12|0x0000000080c00000, 0x0000000080d00000, 0x0000000080d00000|100%| O|  |TAMS 0x0000000080c00000| PB 0x0000000080c00000| Untracked 
|  13|0x0000000080d00000, 0x0000000080e00000, 0x0000000080e00000|100%| O|  |TAMS 0x0000000080d00000| PB 0x0000000080d00000| Untracked 
|  14|0x0000000080e00000, 0x0000000080f00000, 0x0000000080f00000|100%| O|  |TAMS 0x0000000080e00000| PB 0x0000000080e00000| Untracked 
|  15|0x0000000080f00000, 0x0000000081000000, 0x0000000081000000|100%| O|  |TAMS 0x0000000080f00000| PB 0x0000000080f00000| Untracked 
|  16|0x0000000081000000, 0x0000000081100000, 0x0000000081100000|100%| O|  |TAMS 0x0000000081000000| PB 0x0000000081000000| Untracked 
|  17|0x0000000081100000, 0x0000000081200000, 0x0000000081200000|100%| O|  |TAMS 0x0000000081100000| PB 0x0000000081100000| Untracked 
|  18|0x0000000081200000, 0x0000000081300000, 0x0000000081300000|100%| O|  |TAMS 0x0000000081200000| PB 0x0000000081200000| Untracked 
|  19|0x0000000081300000, 0x0000000081400000, 0x0000000081400000|100%| O|  |TAMS 0x0000000081300000| PB 0x0000000081300000| Untracked 
|  20|0x0000000081400000, 0x0000000081500000, 0x0000000081500000|100%| O|  |TAMS 0x0000000081400000| PB 0x0000000081400000| Untracked 
|  21|0x0000000081500000, 0x0000000081600000, 0x0000000081600000|100%|HS|  |TAMS 0x0000000081500000| PB 0x0000000081500000| Complete 
|  22|0x0000000081600000, 0x0000000081700000, 0x0000000081700000|100%|HC|  |TAMS 0x0000000081600000| PB 0x0000000081600000| Complete 
|  23|0x0000000081700000, 0x0000000081800000, 0x0000000081800000|100%|HC|  |TAMS 0x0000000081700000| PB 0x0000000081700000| Complete 
|  24|0x0000000081800000, 0x0000000081900000, 0x0000000081900000|100%|HC|  |TAMS 0x0000000081800000| PB 0x0000000081800000| Complete 
|  25|0x0000000081900000, 0x0000000081a00000, 0x0000000081a00000|100%|HC|  |TAMS 0x0000000081900000| PB 0x0000000081900000| Complete 
|  26|0x0000000081a00000, 0x0000000081b00000, 0x0000000081b00000|100%|HC|  |TAMS 0x0000000081a00000| PB 0x0000000081a00000| Complete 
|  27|0x0000000081b00000, 0x0000000081c00000, 0x0000000081c00000|100%|HS|  |TAMS 0x0000000081b00000| PB 0x0000000081b00000| Complete 
|  28|0x0000000081c00000, 0x0000000081d00000, 0x0000000081d00000|100%|HS|  |TAMS 0x0000000081c00000| PB 0x0000000081c00000| Complete 
|  29|0x0000000081d00000, 0x0000000081e00000, 0x0000000081e00000|100%|HC|  |TAMS 0x0000000081d00000| PB 0x0000000081d00000| Complete 
|  30|0x0000000081e00000, 0x0000000081f00000, 0x0000000081f00000|100%|HS|  |TAMS 0x0000000081e00000| PB 0x0000000081e00000| Complete 
|  31|0x0000000081f00000, 0x0000000082000000, 0x0000000082000000|100%|HC|  |TAMS 0x0000000081f00000| PB 0x0000000081f00000| Complete 
|  32|0x0000000082000000, 0x0000000082100000, 0x0000000082100000|100%|HC|  |TAMS 0x0000000082000000| PB 0x0000000082000000| Complete 
|  33|0x0000000082100000, 0x0000000082200000, 0x0000000082200000|100%|HC|  |TAMS 0x0000000082100000| PB 0x0000000082100000| Complete 
|  34|0x0000000082200000, 0x0000000082300000, 0x0000000082300000|100%|HS|  |TAMS 0x0000000082200000| PB 0x0000000082200000| Complete 
|  35|0x0000000082300000, 0x0000000082400000, 0x0000000082400000|100%|HS|  |TAMS 0x0000000082300000| PB 0x0000000082300000| Complete 
|  36|0x0000000082400000, 0x0000000082500000, 0x0000000082500000|100%|HS|  |TAMS 0x0000000082400000| PB 0x0000000082400000| Complete 
|  37|0x0000000082500000, 0x0000000082600000, 0x0000000082600000|100%|HC|  |TAMS 0x0000000082500000| PB 0x0000000082500000| Complete 
|  38|0x0000000082600000, 0x0000000082700000, 0x0000000082700000|100%|HS|  |TAMS 0x0000000082600000| PB 0x0000000082600000| Complete 
|  39|0x0000000082700000, 0x0000000082800000, 0x0000000082800000|100%| O|  |TAMS 0x0000000082700000| PB 0x0000000082700000| Untracked 
|  40|0x0000000082800000, 0x0000000082900000, 0x0000000082900000|100%| O|  |TAMS 0x0000000082800000| PB 0x0000000082800000| Untracked 
|  41|0x0000000082900000, 0x0000000082a00000, 0x0000000082a00000|100%| O|  |TAMS 0x0000000082900000| PB 0x0000000082900000| Untracked 
|  42|0x0000000082a00000, 0x0000000082b00000, 0x0000000082b00000|100%| O|  |TAMS 0x0000000082a00000| PB 0x0000000082a00000| Untracked 
|  43|0x0000000082b00000, 0x0000000082c00000, 0x0000000082c00000|100%| O|  |TAMS 0x0000000082b00000| PB 0x0000000082b00000| Untracked 
|  44|0x0000000082c00000, 0x0000000082d00000, 0x0000000082d00000|100%| O|  |TAMS 0x0000000082c00000| PB 0x0000000082c00000| Untracked 
|  45|0x0000000082d00000, 0x0000000082e00000, 0x0000000082e00000|100%|HS|  |TAMS 0x0000000082d00000| PB 0x0000000082d00000| Complete 
|  46|0x0000000082e00000, 0x0000000082f00000, 0x0000000082f00000|100%|HC|  |TAMS 0x0000000082e00000| PB 0x0000000082e00000| Complete 
|  47|0x0000000082f00000, 0x0000000083000000, 0x0000000083000000|100%|HC|  |TAMS 0x0000000082f00000| PB 0x0000000082f00000| Complete 
|  48|0x0000000083000000, 0x0000000083100000, 0x0000000083100000|100%|HC|  |TAMS 0x0000000083000000| PB 0x0000000083000000| Complete 
|  49|0x0000000083100000, 0x0000000083200000, 0x0000000083200000|100%|HC|  |TAMS 0x0000000083100000| PB 0x0000000083100000| Complete 
|  50|0x0000000083200000, 0x0000000083300000, 0x0000000083300000|100%|HC|  |TAMS 0x0000000083200000| PB 0x0000000083200000| Complete 
|  51|0x0000000083300000, 0x0000000083400000, 0x0000000083400000|100%| O|  |TAMS 0x0000000083300000| PB 0x0000000083300000| Untracked 
|  52|0x0000000083400000, 0x0000000083500000, 0x0000000083500000|100%| O|  |TAMS 0x0000000083400000| PB 0x0000000083400000| Untracked 
|  53|0x0000000083500000, 0x0000000083600000, 0x0000000083600000|100%| O|  |TAMS 0x0000000083500000| PB 0x0000000083500000| Untracked 
|  54|0x0000000083600000, 0x0000000083700000, 0x0000000083700000|100%|HS|  |TAMS 0x0000000083600000| PB 0x0000000083600000| Complete 
|  55|0x0000000083700000, 0x0000000083800000, 0x0000000083800000|100%|HC|  |TAMS 0x0000000083700000| PB 0x0000000083700000| Complete 
|  56|0x0000000083800000, 0x0000000083900000, 0x0000000083900000|100%| O|  |TAMS 0x0000000083800000| PB 0x0000000083800000| Untracked 
|  57|0x0000000083900000, 0x0000000083a00000, 0x0000000083a00000|100%| O|  |TAMS 0x0000000083900000| PB 0x0000000083900000| Untracked 
|  58|0x0000000083a00000, 0x0000000083b00000, 0x0000000083b00000|100%| O|  |TAMS 0x0000000083a00000| PB 0x0000000083a00000| Untracked 
|  59|0x0000000083b00000, 0x0000000083c00000, 0x0000000083c00000|100%|HS|  |TAMS 0x0000000083b00000| PB 0x0000000083b00000| Complete 
|  60|0x0000000083c00000, 0x0000000083d00000, 0x0000000083d00000|100%|HC|  |TAMS 0x0000000083c00000| PB 0x0000000083c00000| Complete 
|  61|0x0000000083d00000, 0x0000000083e00000, 0x0000000083e00000|100%|HC|  |TAMS 0x0000000083d00000| PB 0x0000000083d00000| Complete 
|  62|0x0000000083e00000, 0x0000000083f00000, 0x0000000083f00000|100%|HC|  |TAMS 0x0000000083e00000| PB 0x0000000083e00000| Complete 
|  63|0x0000000083f00000, 0x0000000084000000, 0x0000000084000000|100%|HS|  |TAMS 0x0000000083f00000| PB 0x0000000083f00000| Complete 
|  64|0x0000000084000000, 0x0000000084100000, 0x0000000084100000|100%|HS|  |TAMS 0x0000000084000000| PB 0x0000000084000000| Complete 
|  65|0x0000000084100000, 0x0000000084200000, 0x0000000084200000|100%| O|  |TAMS 0x0000000084100000| PB 0x0000000084100000| Untracked 
|  66|0x0000000084200000, 0x0000000084300000, 0x0000000084300000|100%| O|  |TAMS 0x0000000084200000| PB 0x0000000084200000| Untracked 
|  67|0x0000000084300000, 0x0000000084400000, 0x0000000084400000|100%| O|  |TAMS 0x0000000084300000| PB 0x0000000084300000| Untracked 
|  68|0x0000000084400000, 0x0000000084500000, 0x0000000084500000|100%| O|  |TAMS 0x0000000084400000| PB 0x0000000084400000| Untracked 
|  69|0x0000000084500000, 0x0000000084600000, 0x0000000084600000|100%|HS|  |TAMS 0x0000000084500000| PB 0x0000000084500000| Complete 
|  70|0x0000000084600000, 0x0000000084700000, 0x0000000084700000|100%|HC|  |TAMS 0x0000000084600000| PB 0x0000000084600000| Complete 
|  71|0x0000000084700000, 0x0000000084800000, 0x0000000084800000|100%|HC|  |TAMS 0x0000000084700000| PB 0x0000000084700000| Complete 
|  72|0x0000000084800000, 0x0000000084900000, 0x0000000084900000|100%|HC|  |TAMS 0x0000000084800000| PB 0x0000000084800000| Complete 
|  73|0x0000000084900000, 0x0000000084a00000, 0x0000000084a00000|100%|HC|  |TAMS 0x0000000084900000| PB 0x0000000084900000| Complete 
|  74|0x0000000084a00000, 0x0000000084b00000, 0x0000000084b00000|100%|HC|  |TAMS 0x0000000084a00000| PB 0x0000000084a00000| Complete 
|  75|0x0000000084b00000, 0x0000000084c00000, 0x0000000084c00000|100%| O|  |TAMS 0x0000000084b00000| PB 0x0000000084b00000| Untracked 
|  76|0x0000000084c00000, 0x0000000084d00000, 0x0000000084d00000|100%| O|  |TAMS 0x0000000084c00000| PB 0x0000000084c00000| Untracked 
|  77|0x0000000084d00000, 0x0000000084e00000, 0x0000000084e00000|100%| O|  |TAMS 0x0000000084d00000| PB 0x0000000084d00000| Untracked 
|  78|0x0000000084e00000, 0x0000000084f00000, 0x0000000084f00000|100%| O|  |TAMS 0x0000000084e00000| PB 0x0000000084e00000| Untracked 
|  79|0x0000000084f00000, 0x0000000085000000, 0x0000000085000000|100%| O|  |TAMS 0x0000000084f00000| PB 0x0000000084f00000| Untracked 
|  80|0x0000000085000000, 0x0000000085100000, 0x0000000085100000|100%| O|  |TAMS 0x0000000085000000| PB 0x0000000085000000| Untracked 
|  81|0x0000000085100000, 0x0000000085200000, 0x0000000085200000|100%| O|  |TAMS 0x0000000085100000| PB 0x0000000085100000| Untracked 
|  82|0x0000000085200000, 0x0000000085300000, 0x0000000085300000|100%| O|  |TAMS 0x0000000085200000| PB 0x0000000085200000| Untracked 
|  83|0x0000000085300000, 0x0000000085400000, 0x0000000085400000|100%| O|  |TAMS 0x0000000085300000| PB 0x0000000085300000| Untracked 
|  84|0x0000000085400000, 0x0000000085500000, 0x0000000085500000|100%| O|  |TAMS 0x0000000085400000| PB 0x0000000085400000| Untracked 
|  85|0x0000000085500000, 0x0000000085600000, 0x0000000085600000|100%| O|  |TAMS 0x0000000085500000| PB 0x0000000085500000| Untracked 
|  86|0x0000000085600000, 0x0000000085700000, 0x0000000085700000|100%| O|  |TAMS 0x0000000085600000| PB 0x0000000085600000| Untracked 
|  87|0x0000000085700000, 0x0000000085800000, 0x0000000085800000|100%| O|  |TAMS 0x0000000085700000| PB 0x0000000085700000| Untracked 
|  88|0x0000000085800000, 0x0000000085900000, 0x0000000085900000|100%| O|  |TAMS 0x0000000085800000| PB 0x0000000085800000| Untracked 
|  89|0x0000000085900000, 0x0000000085a00000, 0x0000000085a00000|100%| O|  |TAMS 0x0000000085900000| PB 0x0000000085900000| Untracked 
|  90|0x0000000085a00000, 0x0000000085b00000, 0x0000000085b00000|100%| O|  |TAMS 0x0000000085a00000| PB 0x0000000085a00000| Untracked 
|  91|0x0000000085b00000, 0x0000000085c00000, 0x0000000085c00000|100%| O|  |TAMS 0x0000000085b00000| PB 0x0000000085b00000| Untracked 
|  92|0x0000000085c00000, 0x0000000085d00000, 0x0000000085d00000|100%| O|  |TAMS 0x0000000085c00000| PB 0x0000000085c00000| Untracked 
|  93|0x0000000085d00000, 0x0000000085e00000, 0x0000000085e00000|100%| O|  |TAMS 0x0000000085d00000| PB 0x0000000085d00000| Untracked 
|  94|0x0000000085e00000, 0x0000000085f00000, 0x0000000085f00000|100%| O|  |TAMS 0x0000000085e00000| PB 0x0000000085e00000| Untracked 
|  95|0x0000000085f00000, 0x0000000086000000, 0x0000000086000000|100%| O|  |TAMS 0x0000000085f00000| PB 0x0000000085f00000| Untracked 
|  96|0x0000000086000000, 0x0000000086100000, 0x0000000086100000|100%| O|  |TAMS 0x0000000086000000| PB 0x0000000086000000| Untracked 
|  97|0x0000000086100000, 0x0000000086200000, 0x0000000086200000|100%| O|  |TAMS 0x0000000086100000| PB 0x0000000086100000| Untracked 
|  98|0x0000000086200000, 0x0000000086300000, 0x0000000086300000|100%| O|  |TAMS 0x0000000086200000| PB 0x0000000086200000| Untracked 
|  99|0x0000000086300000, 0x0000000086400000, 0x0000000086400000|100%| O|  |TAMS 0x0000000086300000| PB 0x0000000086300000| Untracked 
| 100|0x0000000086400000, 0x0000000086500000, 0x0000000086500000|100%| O|  |TAMS 0x0000000086400000| PB 0x0000000086400000| Untracked 
| 101|0x0000000086500000, 0x0000000086600000, 0x0000000086600000|100%|HS|  |TAMS 0x0000000086500000| PB 0x0000000086500000| Complete 
| 102|0x0000000086600000, 0x0000000086700000, 0x0000000086700000|100%|HC|  |TAMS 0x0000000086600000| PB 0x0000000086600000| Complete 
| 103|0x0000000086700000, 0x0000000086800000, 0x0000000086800000|100%|HC|  |TAMS 0x0000000086700000| PB 0x0000000086700000| Complete 
| 104|0x0000000086800000, 0x0000000086900000, 0x0000000086900000|100%|HC|  |TAMS 0x0000000086800000| PB 0x0000000086800000| Complete 
| 105|0x0000000086900000, 0x0000000086a00000, 0x0000000086a00000|100%|HC|  |TAMS 0x0000000086900000| PB 0x0000000086900000| Complete 
| 106|0x0000000086a00000, 0x0000000086b00000, 0x0000000086b00000|100%|HC|  |TAMS 0x0000000086a00000| PB 0x0000000086a00000| Complete 
| 107|0x0000000086b00000, 0x0000000086c00000, 0x0000000086c00000|100%| O|  |TAMS 0x0000000086b00000| PB 0x0000000086b00000| Untracked 
| 108|0x0000000086c00000, 0x0000000086d00000, 0x0000000086d00000|100%| O|  |TAMS 0x0000000086c00000| PB 0x0000000086c00000| Untracked 
| 109|0x0000000086d00000, 0x0000000086e00000, 0x0000000086e00000|100%| O|  |TAMS 0x0000000086d00000| PB 0x0000000086d00000| Untracked 
| 110|0x0000000086e00000, 0x0000000086f00000, 0x0000000086f00000|100%|HS|  |TAMS 0x0000000086e00000| PB 0x0000000086e00000| Complete 
| 111|0x0000000086f00000, 0x0000000087000000, 0x0000000087000000|100%|HC|  |TAMS 0x0000000086f00000| PB 0x0000000086f00000| Complete 
| 112|0x0000000087000000, 0x0000000087100000, 0x0000000087100000|100%| O|  |TAMS 0x0000000087000000| PB 0x0000000087000000| Untracked 
| 113|0x0000000087100000, 0x0000000087200000, 0x0000000087200000|100%| O|  |TAMS 0x0000000087100000| PB 0x0000000087100000| Untracked 
| 114|0x0000000087200000, 0x0000000087300000, 0x0000000087300000|100%| O|  |TAMS 0x0000000087200000| PB 0x0000000087200000| Untracked 
| 115|0x0000000087300000, 0x0000000087400000, 0x0000000087400000|100%| O|  |TAMS 0x0000000087300000| PB 0x0000000087300000| Untracked 
| 116|0x0000000087400000, 0x0000000087500000, 0x0000000087500000|100%| O|  |TAMS 0x0000000087400000| PB 0x0000000087400000| Untracked 
| 117|0x0000000087500000, 0x0000000087600000, 0x0000000087600000|100%| O|  |TAMS 0x0000000087500000| PB 0x0000000087500000| Untracked 
| 118|0x0000000087600000, 0x0000000087700000, 0x0000000087700000|100%| O|  |TAMS 0x0000000087600000| PB 0x0000000087600000| Untracked 
| 119|0x0000000087700000, 0x0000000087800000, 0x0000000087800000|100%| O|  |TAMS 0x0000000087700000| PB 0x0000000087700000| Untracked 
| 120|0x0000000087800000, 0x0000000087900000, 0x0000000087900000|100%| O|  |TAMS 0x0000000087800000| PB 0x0000000087800000| Untracked 
| 121|0x0000000087900000, 0x0000000087a00000, 0x0000000087a00000|100%| O|  |TAMS 0x0000000087900000| PB 0x0000000087900000| Untracked 
| 122|0x0000000087a00000, 0x0000000087b00000, 0x0000000087b00000|100%| O|  |TAMS 0x0000000087a00000| PB 0x0000000087a00000| Untracked 
| 123|0x0000000087b00000, 0x0000000087c00000, 0x0000000087c00000|100%| O|  |TAMS 0x0000000087b00000| PB 0x0000000087b00000| Untracked 
| 124|0x0000000087c00000, 0x0000000087d00000, 0x0000000087d00000|100%| O|  |TAMS 0x0000000087c00000| PB 0x0000000087c00000| Untracked 
| 125|0x0000000087d00000, 0x0000000087e00000, 0x0000000087e00000|100%| O|  |TAMS 0x0000000087d00000| PB 0x0000000087d00000| Untracked 
| 126|0x0000000087e00000, 0x0000000087f00000, 0x0000000087f00000|100%| O|  |TAMS 0x0000000087e00000| PB 0x0000000087e00000| Untracked 
| 127|0x0000000087f00000, 0x0000000088000000, 0x0000000088000000|100%| O|  |TAMS 0x0000000087f00000| PB 0x0000000087f00000| Untracked 
| 128|0x0000000088000000, 0x0000000088100000, 0x0000000088100000|100%| O|  |TAMS 0x0000000088000000| PB 0x0000000088000000| Untracked 
| 129|0x0000000088100000, 0x0000000088200000, 0x0000000088200000|100%| O|  |TAMS 0x0000000088100000| PB 0x0000000088100000| Untracked 
| 130|0x0000000088200000, 0x0000000088300000, 0x0000000088300000|100%| O|  |TAMS 0x0000000088200000| PB 0x0000000088200000| Untracked 
| 131|0x0000000088300000, 0x0000000088400000, 0x0000000088400000|100%| O|  |TAMS 0x0000000088300000| PB 0x0000000088300000| Untracked 
| 132|0x0000000088400000, 0x0000000088500000, 0x0000000088500000|100%| O|  |TAMS 0x0000000088400000| PB 0x0000000088400000| Untracked 
| 133|0x0000000088500000, 0x0000000088600000, 0x0000000088600000|100%| O|  |TAMS 0x0000000088500000| PB 0x0000000088500000| Untracked 
| 134|0x0000000088600000, 0x0000000088700000, 0x0000000088700000|100%| O|  |TAMS 0x0000000088600000| PB 0x0000000088600000| Untracked 
| 135|0x0000000088700000, 0x0000000088700000, 0x0000000088800000|  0%| F|  |TAMS 0x0000000088700000| PB 0x0000000088700000| Untracked 
| 136|0x0000000088800000, 0x0000000088900000, 0x0000000088900000|100%| O|  |TAMS 0x0000000088800000| PB 0x0000000088800000| Untracked 
| 137|0x0000000088900000, 0x0000000088a00000, 0x0000000088a00000|100%| O|  |TAMS 0x0000000088900000| PB 0x0000000088900000| Untracked 
| 138|0x0000000088a00000, 0x0000000088b00000, 0x0000000088b00000|100%| O|  |TAMS 0x0000000088a00000| PB 0x0000000088a00000| Untracked 
| 139|0x0000000088b00000, 0x0000000088c00000, 0x0000000088c00000|100%| O|  |TAMS 0x0000000088b00000| PB 0x0000000088b00000| Untracked 
| 140|0x0000000088c00000, 0x0000000088d00000, 0x0000000088d00000|100%|HS|  |TAMS 0x0000000088c00000| PB 0x0000000088c00000| Complete 
| 141|0x0000000088d00000, 0x0000000088e00000, 0x0000000088e00000|100%| O|  |TAMS 0x0000000088d00000| PB 0x0000000088d00000| Untracked 
| 142|0x0000000088e00000, 0x0000000088f00000, 0x0000000088f00000|100%| O|  |TAMS 0x0000000088e00000| PB 0x0000000088e00000| Untracked 
| 143|0x0000000088f00000, 0x0000000089000000, 0x0000000089000000|100%| O|  |TAMS 0x0000000088f00000| PB 0x0000000088f00000| Untracked 
| 144|0x0000000089000000, 0x0000000089100000, 0x0000000089100000|100%| O|  |TAMS 0x0000000089000000| PB 0x0000000089000000| Untracked 
| 145|0x0000000089100000, 0x0000000089200000, 0x0000000089200000|100%| O|  |TAMS 0x0000000089100000| PB 0x0000000089100000| Untracked 
| 146|0x0000000089200000, 0x0000000089300000, 0x0000000089300000|100%| O|  |TAMS 0x0000000089200000| PB 0x0000000089200000| Untracked 
| 147|0x0000000089300000, 0x0000000089400000, 0x0000000089400000|100%| O|  |TAMS 0x0000000089300000| PB 0x0000000089300000| Untracked 
| 148|0x0000000089400000, 0x0000000089500000, 0x0000000089500000|100%| O|  |TAMS 0x0000000089400000| PB 0x0000000089400000| Untracked 
| 149|0x0000000089500000, 0x0000000089600000, 0x0000000089600000|100%| O|  |TAMS 0x0000000089500000| PB 0x0000000089500000| Untracked 
| 150|0x0000000089600000, 0x0000000089700000, 0x0000000089700000|100%| O|  |TAMS 0x0000000089600000| PB 0x0000000089600000| Untracked 
| 151|0x0000000089700000, 0x0000000089800000, 0x0000000089800000|100%| O|  |TAMS 0x0000000089700000| PB 0x0000000089700000| Untracked 
| 152|0x0000000089800000, 0x0000000089900000, 0x0000000089900000|100%| O|  |TAMS 0x0000000089800000| PB 0x0000000089800000| Untracked 
| 153|0x0000000089900000, 0x0000000089a00000, 0x0000000089a00000|100%|HS|  |TAMS 0x0000000089900000| PB 0x0000000089900000| Complete 
| 154|0x0000000089a00000, 0x0000000089b00000, 0x0000000089b00000|100%| O|  |TAMS 0x0000000089a00000| PB 0x0000000089a00000| Untracked 
| 155|0x0000000089b00000, 0x0000000089c00000, 0x0000000089c00000|100%| O|  |TAMS 0x0000000089b00000| PB 0x0000000089b00000| Untracked 
| 156|0x0000000089c00000, 0x0000000089d00000, 0x0000000089d00000|100%| O|  |TAMS 0x0000000089c00000| PB 0x0000000089c00000| Untracked 
| 157|0x0000000089d00000, 0x0000000089e00000, 0x0000000089e00000|100%| O|  |TAMS 0x0000000089d00000| PB 0x0000000089d00000| Untracked 
| 158|0x0000000089e00000, 0x0000000089f00000, 0x0000000089f00000|100%| O|  |TAMS 0x0000000089e00000| PB 0x0000000089e00000| Untracked 
| 159|0x0000000089f00000, 0x000000008a000000, 0x000000008a000000|100%| O|  |TAMS 0x0000000089f00000| PB 0x0000000089f00000| Untracked 
| 160|0x000000008a000000, 0x000000008a100000, 0x000000008a100000|100%| O|  |TAMS 0x000000008a000000| PB 0x000000008a000000| Untracked 
| 161|0x000000008a100000, 0x000000008a200000, 0x000000008a200000|100%| O|  |TAMS 0x000000008a100000| PB 0x000000008a100000| Untracked 
| 162|0x000000008a200000, 0x000000008a300000, 0x000000008a300000|100%| O|  |TAMS 0x000000008a200000| PB 0x000000008a200000| Untracked 
| 163|0x000000008a300000, 0x000000008a400000, 0x000000008a400000|100%| O|  |TAMS 0x000000008a300000| PB 0x000000008a300000| Untracked 
| 164|0x000000008a400000, 0x000000008a500000, 0x000000008a500000|100%|HS|  |TAMS 0x000000008a400000| PB 0x000000008a400000| Complete 
| 165|0x000000008a500000, 0x000000008a600000, 0x000000008a600000|100%|HS|  |TAMS 0x000000008a500000| PB 0x000000008a500000| Complete 
| 166|0x000000008a600000, 0x000000008a700000, 0x000000008a700000|100%|HS|  |TAMS 0x000000008a600000| PB 0x000000008a600000| Complete 
| 167|0x000000008a700000, 0x000000008a800000, 0x000000008a800000|100%|HC|  |TAMS 0x000000008a700000| PB 0x000000008a700000| Complete 
| 168|0x000000008a800000, 0x000000008a900000, 0x000000008a900000|100%| O|  |TAMS 0x000000008a800000| PB 0x000000008a800000| Untracked 
| 169|0x000000008a900000, 0x000000008aa00000, 0x000000008aa00000|100%| O|  |TAMS 0x000000008a900000| PB 0x000000008a900000| Untracked 
| 170|0x000000008aa00000, 0x000000008ab00000, 0x000000008ab00000|100%| O|  |TAMS 0x000000008aa00000| PB 0x000000008aa00000| Untracked 
| 171|0x000000008ab00000, 0x000000008ac00000, 0x000000008ac00000|100%| O|  |TAMS 0x000000008ab00000| PB 0x000000008ab00000| Untracked 
| 172|0x000000008ac00000, 0x000000008ad00000, 0x000000008ad00000|100%| O|  |TAMS 0x000000008ac00000| PB 0x000000008ac00000| Untracked 
| 173|0x000000008ad00000, 0x000000008ae00000, 0x000000008ae00000|100%| O|  |TAMS 0x000000008ad00000| PB 0x000000008ad00000| Untracked 
| 174|0x000000008ae00000, 0x000000008af00000, 0x000000008af00000|100%| O|  |TAMS 0x000000008ae00000| PB 0x000000008ae00000| Untracked 
| 175|0x000000008af00000, 0x000000008b000000, 0x000000008b000000|100%| O|  |TAMS 0x000000008af00000| PB 0x000000008af00000| Untracked 
| 176|0x000000008b000000, 0x000000008b100000, 0x000000008b100000|100%| O|  |TAMS 0x000000008b000000| PB 0x000000008b000000| Untracked 
| 177|0x000000008b100000, 0x000000008b200000, 0x000000008b200000|100%| O|  |TAMS 0x000000008b100000| PB 0x000000008b100000| Untracked 
| 178|0x000000008b200000, 0x000000008b300000, 0x000000008b300000|100%| O|  |TAMS 0x000000008b200000| PB 0x000000008b200000| Untracked 
| 179|0x000000008b300000, 0x000000008b400000, 0x000000008b400000|100%| O|  |TAMS 0x000000008b300000| PB 0x000000008b300000| Untracked 
| 180|0x000000008b400000, 0x000000008b500000, 0x000000008b500000|100%| O|  |TAMS 0x000000008b400000| PB 0x000000008b400000| Untracked 
| 181|0x000000008b500000, 0x000000008b600000, 0x000000008b600000|100%| O|  |TAMS 0x000000008b500000| PB 0x000000008b500000| Untracked 
| 182|0x000000008b600000, 0x000000008b700000, 0x000000008b700000|100%| O|  |TAMS 0x000000008b600000| PB 0x000000008b600000| Untracked 
| 183|0x000000008b700000, 0x000000008b800000, 0x000000008b800000|100%| O|  |TAMS 0x000000008b700000| PB 0x000000008b700000| Untracked 
| 184|0x000000008b800000, 0x000000008b900000, 0x000000008b900000|100%| O|  |TAMS 0x000000008b800000| PB 0x000000008b800000| Untracked 
| 185|0x000000008b900000, 0x000000008ba00000, 0x000000008ba00000|100%| O|  |TAMS 0x000000008b900000| PB 0x000000008b900000| Untracked 
| 186|0x000000008ba00000, 0x000000008bb00000, 0x000000008bb00000|100%| O|  |TAMS 0x000000008ba00000| PB 0x000000008ba00000| Untracked 
| 187|0x000000008bb00000, 0x000000008bc00000, 0x000000008bc00000|100%| O|  |TAMS 0x000000008bb00000| PB 0x000000008bb00000| Untracked 
| 188|0x000000008bc00000, 0x000000008bd00000, 0x000000008bd00000|100%| O|  |TAMS 0x000000008bc00000| PB 0x000000008bc00000| Untracked 
| 189|0x000000008bd00000, 0x000000008be00000, 0x000000008be00000|100%| O|  |TAMS 0x000000008bd00000| PB 0x000000008bd00000| Untracked 
| 190|0x000000008be00000, 0x000000008bf00000, 0x000000008bf00000|100%| O|  |TAMS 0x000000008be00000| PB 0x000000008be00000| Untracked 
| 191|0x000000008bf00000, 0x000000008c000000, 0x000000008c000000|100%| O|  |TAMS 0x000000008bf00000| PB 0x000000008bf00000| Untracked 
| 192|0x000000008c000000, 0x000000008c100000, 0x000000008c100000|100%| O|  |TAMS 0x000000008c000000| PB 0x000000008c000000| Untracked 
| 193|0x000000008c100000, 0x000000008c200000, 0x000000008c200000|100%| O|  |TAMS 0x000000008c100000| PB 0x000000008c100000| Untracked 
| 194|0x000000008c200000, 0x000000008c300000, 0x000000008c300000|100%| O|  |TAMS 0x000000008c200000| PB 0x000000008c200000| Untracked 
| 195|0x000000008c300000, 0x000000008c400000, 0x000000008c400000|100%| O|  |TAMS 0x000000008c300000| PB 0x000000008c300000| Untracked 
| 196|0x000000008c400000, 0x000000008c500000, 0x000000008c500000|100%| O|  |TAMS 0x000000008c400000| PB 0x000000008c400000| Untracked 
| 197|0x000000008c500000, 0x000000008c600000, 0x000000008c600000|100%| O|  |TAMS 0x000000008c500000| PB 0x000000008c500000| Untracked 
| 198|0x000000008c600000, 0x000000008c700000, 0x000000008c700000|100%| O|  |TAMS 0x000000008c600000| PB 0x000000008c600000| Untracked 
| 199|0x000000008c700000, 0x000000008c800000, 0x000000008c800000|100%| O|  |TAMS 0x000000008c700000| PB 0x000000008c700000| Untracked 
| 200|0x000000008c800000, 0x000000008c900000, 0x000000008c900000|100%| O|  |TAMS 0x000000008c800000| PB 0x000000008c800000| Untracked 
| 201|0x000000008c900000, 0x000000008ca00000, 0x000000008ca00000|100%| O|  |TAMS 0x000000008c900000| PB 0x000000008c900000| Untracked 
| 202|0x000000008ca00000, 0x000000008cb00000, 0x000000008cb00000|100%| O|  |TAMS 0x000000008ca00000| PB 0x000000008ca00000| Untracked 
| 203|0x000000008cb00000, 0x000000008cc00000, 0x000000008cc00000|100%| O|  |TAMS 0x000000008cb00000| PB 0x000000008cb00000| Untracked 
| 204|0x000000008cc00000, 0x000000008cd00000, 0x000000008cd00000|100%| O|  |TAMS 0x000000008cc00000| PB 0x000000008cc00000| Untracked 
| 205|0x000000008cd00000, 0x000000008ce00000, 0x000000008ce00000|100%| O|  |TAMS 0x000000008cd00000| PB 0x000000008cd00000| Untracked 
| 206|0x000000008ce00000, 0x000000008cf00000, 0x000000008cf00000|100%| O|  |TAMS 0x000000008ce00000| PB 0x000000008ce00000| Untracked 
| 207|0x000000008cf00000, 0x000000008d000000, 0x000000008d000000|100%| O|  |TAMS 0x000000008cf00000| PB 0x000000008cf00000| Untracked 
| 208|0x000000008d000000, 0x000000008d100000, 0x000000008d100000|100%| O|  |TAMS 0x000000008d000000| PB 0x000000008d000000| Untracked 
| 209|0x000000008d100000, 0x000000008d200000, 0x000000008d200000|100%| O|  |TAMS 0x000000008d100000| PB 0x000000008d100000| Untracked 
| 210|0x000000008d200000, 0x000000008d300000, 0x000000008d300000|100%| O|  |TAMS 0x000000008d200000| PB 0x000000008d200000| Untracked 
| 211|0x000000008d300000, 0x000000008d400000, 0x000000008d400000|100%|HS|  |TAMS 0x000000008d300000| PB 0x000000008d300000| Complete 
| 212|0x000000008d400000, 0x000000008d500000, 0x000000008d500000|100%|HC|  |TAMS 0x000000008d400000| PB 0x000000008d400000| Complete 
| 213|0x000000008d500000, 0x000000008d600000, 0x000000008d600000|100%|HC|  |TAMS 0x000000008d500000| PB 0x000000008d500000| Complete 
| 214|0x000000008d600000, 0x000000008d700000, 0x000000008d700000|100%|HC|  |TAMS 0x000000008d600000| PB 0x000000008d600000| Complete 
| 215|0x000000008d700000, 0x000000008d800000, 0x000000008d800000|100%| O|  |TAMS 0x000000008d700000| PB 0x000000008d700000| Untracked 
| 216|0x000000008d800000, 0x000000008d900000, 0x000000008d900000|100%|HS|  |TAMS 0x000000008d800000| PB 0x000000008d800000| Complete 
| 217|0x000000008d900000, 0x000000008da00000, 0x000000008da00000|100%| O|  |TAMS 0x000000008d900000| PB 0x000000008d900000| Untracked 
| 218|0x000000008da00000, 0x000000008db00000, 0x000000008db00000|100%| O|  |TAMS 0x000000008da00000| PB 0x000000008da00000| Untracked 
| 219|0x000000008db00000, 0x000000008dc00000, 0x000000008dc00000|100%| O|  |TAMS 0x000000008db00000| PB 0x000000008db00000| Untracked 
| 220|0x000000008dc00000, 0x000000008dd00000, 0x000000008dd00000|100%| O|  |TAMS 0x000000008dc00000| PB 0x000000008dc00000| Untracked 
| 221|0x000000008dd00000, 0x000000008de00000, 0x000000008de00000|100%| O|  |TAMS 0x000000008dd00000| PB 0x000000008dd00000| Untracked 
| 222|0x000000008de00000, 0x000000008df00000, 0x000000008df00000|100%|HS|  |TAMS 0x000000008de00000| PB 0x000000008de00000| Complete 
| 223|0x000000008df00000, 0x000000008e000000, 0x000000008e000000|100%|HC|  |TAMS 0x000000008df00000| PB 0x000000008df00000| Complete 
| 224|0x000000008e000000, 0x000000008e100000, 0x000000008e100000|100%|HS|  |TAMS 0x000000008e000000| PB 0x000000008e000000| Complete 
| 225|0x000000008e100000, 0x000000008e200000, 0x000000008e200000|100%| O|  |TAMS 0x000000008e100000| PB 0x000000008e100000| Untracked 
| 226|0x000000008e200000, 0x000000008e300000, 0x000000008e300000|100%| O|  |TAMS 0x000000008e200000| PB 0x000000008e200000| Untracked 
| 227|0x000000008e300000, 0x000000008e400000, 0x000000008e400000|100%|HS|  |TAMS 0x000000008e300000| PB 0x000000008e300000| Complete 
| 228|0x000000008e400000, 0x000000008e500000, 0x000000008e500000|100%|HS|  |TAMS 0x000000008e400000| PB 0x000000008e400000| Complete 
| 229|0x000000008e500000, 0x000000008e600000, 0x000000008e600000|100%|HC|  |TAMS 0x000000008e500000| PB 0x000000008e500000| Complete 
| 230|0x000000008e600000, 0x000000008e700000, 0x000000008e700000|100%|HC|  |TAMS 0x000000008e600000| PB 0x000000008e600000| Complete 
| 231|0x000000008e700000, 0x000000008e800000, 0x000000008e800000|100%|HC|  |TAMS 0x000000008e700000| PB 0x000000008e700000| Complete 
| 232|0x000000008e800000, 0x000000008e900000, 0x000000008e900000|100%| O|  |TAMS 0x000000008e800000| PB 0x000000008e800000| Untracked 
| 233|0x000000008e900000, 0x000000008ea00000, 0x000000008ea00000|100%| O|  |TAMS 0x000000008e900000| PB 0x000000008e900000| Untracked 
| 234|0x000000008ea00000, 0x000000008eb00000, 0x000000008eb00000|100%| O|  |TAMS 0x000000008ea00000| PB 0x000000008ea00000| Untracked 
| 235|0x000000008eb00000, 0x000000008ec00000, 0x000000008ec00000|100%| O|  |TAMS 0x000000008eb00000| PB 0x000000008eb00000| Untracked 
| 236|0x000000008ec00000, 0x000000008ed00000, 0x000000008ed00000|100%| O|  |TAMS 0x000000008ec00000| PB 0x000000008ec00000| Untracked 
| 237|0x000000008ed00000, 0x000000008ee00000, 0x000000008ee00000|100%| O|  |TAMS 0x000000008ed00000| PB 0x000000008ed00000| Untracked 
| 238|0x000000008ee00000, 0x000000008ef00000, 0x000000008ef00000|100%| O|  |TAMS 0x000000008ee00000| PB 0x000000008ee00000| Untracked 
| 239|0x000000008ef00000, 0x000000008f000000, 0x000000008f000000|100%| O|  |TAMS 0x000000008ef00000| PB 0x000000008ef00000| Untracked 
| 240|0x000000008f000000, 0x000000008f100000, 0x000000008f100000|100%| O|  |TAMS 0x000000008f000000| PB 0x000000008f000000| Untracked 
| 241|0x000000008f100000, 0x000000008f200000, 0x000000008f200000|100%| O|  |TAMS 0x000000008f100000| PB 0x000000008f100000| Untracked 
| 242|0x000000008f200000, 0x000000008f300000, 0x000000008f300000|100%| O|  |TAMS 0x000000008f200000| PB 0x000000008f200000| Untracked 
| 243|0x000000008f300000, 0x000000008f400000, 0x000000008f400000|100%| O|  |TAMS 0x000000008f300000| PB 0x000000008f300000| Untracked 
| 244|0x000000008f400000, 0x000000008f500000, 0x000000008f500000|100%| O|  |TAMS 0x000000008f400000| PB 0x000000008f400000| Untracked 
| 245|0x000000008f500000, 0x000000008f600000, 0x000000008f600000|100%| O|  |TAMS 0x000000008f500000| PB 0x000000008f500000| Untracked 
| 246|0x000000008f600000, 0x000000008f700000, 0x000000008f700000|100%| O|  |TAMS 0x000000008f600000| PB 0x000000008f600000| Untracked 
| 247|0x000000008f700000, 0x000000008f800000, 0x000000008f800000|100%| O|  |TAMS 0x000000008f700000| PB 0x000000008f700000| Untracked 
| 248|0x000000008f800000, 0x000000008f900000, 0x000000008f900000|100%| O|  |TAMS 0x000000008f800000| PB 0x000000008f800000| Untracked 
| 249|0x000000008f900000, 0x000000008fa00000, 0x000000008fa00000|100%| O|  |TAMS 0x000000008f900000| PB 0x000000008f900000| Untracked 
| 250|0x000000008fa00000, 0x000000008fb00000, 0x000000008fb00000|100%| O|  |TAMS 0x000000008fa00000| PB 0x000000008fa00000| Untracked 
| 251|0x000000008fb00000, 0x000000008fc00000, 0x000000008fc00000|100%|HS|  |TAMS 0x000000008fb00000| PB 0x000000008fb00000| Complete 
| 252|0x000000008fc00000, 0x000000008fd00000, 0x000000008fd00000|100%| O|  |TAMS 0x000000008fc00000| PB 0x000000008fc00000| Untracked 
| 253|0x000000008fd00000, 0x000000008fe00000, 0x000000008fe00000|100%| O|  |TAMS 0x000000008fd00000| PB 0x000000008fd00000| Untracked 
| 254|0x000000008fe00000, 0x000000008ff00000, 0x000000008ff00000|100%| O|  |TAMS 0x000000008fe00000| PB 0x000000008fe00000| Untracked 
| 255|0x000000008ff00000, 0x0000000090000000, 0x0000000090000000|100%| O|  |TAMS 0x000000008ff00000| PB 0x000000008ff00000| Untracked 
| 256|0x0000000090000000, 0x0000000090100000, 0x0000000090100000|100%| O|  |TAMS 0x0000000090000000| PB 0x0000000090000000| Untracked 
| 257|0x0000000090100000, 0x0000000090200000, 0x0000000090200000|100%| O|  |TAMS 0x0000000090100000| PB 0x0000000090100000| Untracked 
| 258|0x0000000090200000, 0x0000000090300000, 0x0000000090300000|100%| O|  |TAMS 0x0000000090200000| PB 0x0000000090200000| Untracked 
| 259|0x0000000090300000, 0x0000000090400000, 0x0000000090400000|100%| O|  |TAMS 0x0000000090300000| PB 0x0000000090300000| Untracked 
| 260|0x0000000090400000, 0x0000000090500000, 0x0000000090500000|100%| O|  |TAMS 0x0000000090400000| PB 0x0000000090400000| Untracked 
| 261|0x0000000090500000, 0x0000000090600000, 0x0000000090600000|100%| O|  |TAMS 0x0000000090500000| PB 0x0000000090500000| Untracked 
| 262|0x0000000090600000, 0x0000000090700000, 0x0000000090700000|100%| O|  |TAMS 0x0000000090600000| PB 0x0000000090600000| Untracked 
| 263|0x0000000090700000, 0x0000000090800000, 0x0000000090800000|100%| O|  |TAMS 0x0000000090700000| PB 0x0000000090700000| Untracked 
| 264|0x0000000090800000, 0x0000000090900000, 0x0000000090900000|100%| O|  |TAMS 0x0000000090800000| PB 0x0000000090800000| Untracked 
| 265|0x0000000090900000, 0x0000000090a00000, 0x0000000090a00000|100%| O|  |TAMS 0x0000000090900000| PB 0x0000000090900000| Untracked 
| 266|0x0000000090a00000, 0x0000000090b00000, 0x0000000090b00000|100%| O|  |TAMS 0x0000000090a00000| PB 0x0000000090a00000| Untracked 
| 267|0x0000000090b00000, 0x0000000090c00000, 0x0000000090c00000|100%| O|  |TAMS 0x0000000090b00000| PB 0x0000000090b00000| Untracked 
| 268|0x0000000090c00000, 0x0000000090d00000, 0x0000000090d00000|100%| O|  |TAMS 0x0000000090c00000| PB 0x0000000090c00000| Untracked 
| 269|0x0000000090d00000, 0x0000000090e00000, 0x0000000090e00000|100%| O|  |TAMS 0x0000000090d00000| PB 0x0000000090d00000| Untracked 
| 270|0x0000000090e00000, 0x0000000090f00000, 0x0000000090f00000|100%| O|  |TAMS 0x0000000090e00000| PB 0x0000000090e00000| Untracked 
| 271|0x0000000090f00000, 0x0000000091000000, 0x0000000091000000|100%| O|  |TAMS 0x0000000090f00000| PB 0x0000000090f00000| Untracked 
| 272|0x0000000091000000, 0x0000000091100000, 0x0000000091100000|100%| O|  |TAMS 0x0000000091000000| PB 0x0000000091000000| Untracked 
| 273|0x0000000091100000, 0x0000000091200000, 0x0000000091200000|100%| O|  |TAMS 0x0000000091100000| PB 0x0000000091100000| Untracked 
| 274|0x0000000091200000, 0x0000000091300000, 0x0000000091300000|100%| O|  |TAMS 0x0000000091200000| PB 0x0000000091200000| Untracked 
| 275|0x0000000091300000, 0x0000000091400000, 0x0000000091400000|100%| O|  |TAMS 0x0000000091300000| PB 0x0000000091300000| Untracked 
| 276|0x0000000091400000, 0x0000000091500000, 0x0000000091500000|100%| O|  |TAMS 0x0000000091400000| PB 0x0000000091400000| Untracked 
| 277|0x0000000091500000, 0x0000000091600000, 0x0000000091600000|100%| O|  |TAMS 0x0000000091500000| PB 0x0000000091500000| Untracked 
| 278|0x0000000091600000, 0x0000000091700000, 0x0000000091700000|100%| O|  |TAMS 0x0000000091600000| PB 0x0000000091600000| Untracked 
| 279|0x0000000091700000, 0x0000000091800000, 0x0000000091800000|100%| O|  |TAMS 0x0000000091700000| PB 0x0000000091700000| Untracked 
| 280|0x0000000091800000, 0x0000000091900000, 0x0000000091900000|100%| O|  |TAMS 0x0000000091800000| PB 0x0000000091800000| Untracked 
| 281|0x0000000091900000, 0x0000000091a00000, 0x0000000091a00000|100%| O|  |TAMS 0x0000000091900000| PB 0x0000000091900000| Untracked 
| 282|0x0000000091a00000, 0x0000000091b00000, 0x0000000091b00000|100%| O|  |TAMS 0x0000000091a00000| PB 0x0000000091a00000| Untracked 
| 283|0x0000000091b00000, 0x0000000091c00000, 0x0000000091c00000|100%| O|  |TAMS 0x0000000091b00000| PB 0x0000000091b00000| Untracked 
| 284|0x0000000091c00000, 0x0000000091d00000, 0x0000000091d00000|100%| O|  |TAMS 0x0000000091c00000| PB 0x0000000091c00000| Untracked 
| 285|0x0000000091d00000, 0x0000000091e00000, 0x0000000091e00000|100%| O|  |TAMS 0x0000000091d00000| PB 0x0000000091d00000| Untracked 
| 286|0x0000000091e00000, 0x0000000091f00000, 0x0000000091f00000|100%| O|  |TAMS 0x0000000091e00000| PB 0x0000000091e00000| Untracked 
| 287|0x0000000091f00000, 0x0000000092000000, 0x0000000092000000|100%| O|  |TAMS 0x0000000091f00000| PB 0x0000000091f00000| Untracked 
| 288|0x0000000092000000, 0x0000000092100000, 0x0000000092100000|100%| O|  |TAMS 0x0000000092000000| PB 0x0000000092000000| Untracked 
| 289|0x0000000092100000, 0x0000000092200000, 0x0000000092200000|100%| O|  |TAMS 0x0000000092100000| PB 0x0000000092100000| Untracked 
| 290|0x0000000092200000, 0x0000000092300000, 0x0000000092300000|100%| O|  |TAMS 0x0000000092200000| PB 0x0000000092200000| Untracked 
| 291|0x0000000092300000, 0x0000000092400000, 0x0000000092400000|100%| O|  |TAMS 0x0000000092300000| PB 0x0000000092300000| Untracked 
| 292|0x0000000092400000, 0x0000000092500000, 0x0000000092500000|100%| O|  |TAMS 0x0000000092400000| PB 0x0000000092400000| Untracked 
| 293|0x0000000092500000, 0x0000000092600000, 0x0000000092600000|100%| O|  |TAMS 0x0000000092500000| PB 0x0000000092500000| Untracked 
| 294|0x0000000092600000, 0x0000000092700000, 0x0000000092700000|100%| O|  |TAMS 0x0000000092600000| PB 0x0000000092600000| Untracked 
| 295|0x0000000092700000, 0x0000000092800000, 0x0000000092800000|100%| O|  |TAMS 0x0000000092700000| PB 0x0000000092700000| Untracked 
| 296|0x0000000092800000, 0x0000000092900000, 0x0000000092900000|100%| O|  |TAMS 0x0000000092800000| PB 0x0000000092800000| Untracked 
| 297|0x0000000092900000, 0x0000000092a00000, 0x0000000092a00000|100%| O|  |TAMS 0x0000000092900000| PB 0x0000000092900000| Untracked 
| 298|0x0000000092a00000, 0x0000000092a00000, 0x0000000092b00000|  0%| F|  |TAMS 0x0000000092a00000| PB 0x0000000092a00000| Untracked 
| 299|0x0000000092b00000, 0x0000000092c00000, 0x0000000092c00000|100%| O|  |TAMS 0x0000000092b00000| PB 0x0000000092b00000| Untracked 
| 300|0x0000000092c00000, 0x0000000092d00000, 0x0000000092d00000|100%| O|  |TAMS 0x0000000092c00000| PB 0x0000000092c00000| Untracked 
| 301|0x0000000092d00000, 0x0000000092e00000, 0x0000000092e00000|100%| O|  |TAMS 0x0000000092d00000| PB 0x0000000092d00000| Untracked 
| 302|0x0000000092e00000, 0x0000000092f00000, 0x0000000092f00000|100%| O|  |TAMS 0x0000000092e00000| PB 0x0000000092e00000| Untracked 
| 303|0x0000000092f00000, 0x0000000093000000, 0x0000000093000000|100%| O|  |TAMS 0x0000000092f00000| PB 0x0000000092f00000| Untracked 
| 304|0x0000000093000000, 0x0000000093100000, 0x0000000093100000|100%| O|  |TAMS 0x0000000093000000| PB 0x0000000093000000| Untracked 
| 305|0x0000000093100000, 0x0000000093200000, 0x0000000093200000|100%| O|  |TAMS 0x0000000093100000| PB 0x0000000093100000| Untracked 
| 306|0x0000000093200000, 0x0000000093300000, 0x0000000093300000|100%| O|  |TAMS 0x0000000093200000| PB 0x0000000093200000| Untracked 
| 307|0x0000000093300000, 0x0000000093400000, 0x0000000093400000|100%| O|  |TAMS 0x0000000093300000| PB 0x0000000093300000| Untracked 
| 308|0x0000000093400000, 0x0000000093500000, 0x0000000093500000|100%| O|  |TAMS 0x0000000093400000| PB 0x0000000093400000| Untracked 
| 309|0x0000000093500000, 0x0000000093600000, 0x0000000093600000|100%| O|  |TAMS 0x0000000093500000| PB 0x0000000093500000| Untracked 
| 310|0x0000000093600000, 0x0000000093700000, 0x0000000093700000|100%| O|  |TAMS 0x0000000093600000| PB 0x0000000093600000| Untracked 
| 311|0x0000000093700000, 0x0000000093800000, 0x0000000093800000|100%| O|  |TAMS 0x0000000093700000| PB 0x0000000093700000| Untracked 
| 312|0x0000000093800000, 0x0000000093900000, 0x0000000093900000|100%| O|  |TAMS 0x0000000093800000| PB 0x0000000093800000| Untracked 
| 313|0x0000000093900000, 0x0000000093a00000, 0x0000000093a00000|100%| O|  |TAMS 0x0000000093900000| PB 0x0000000093900000| Untracked 
| 314|0x0000000093a00000, 0x0000000093b00000, 0x0000000093b00000|100%| O|  |TAMS 0x0000000093a00000| PB 0x0000000093a00000| Untracked 
| 315|0x0000000093b00000, 0x0000000093c00000, 0x0000000093c00000|100%| O|  |TAMS 0x0000000093b00000| PB 0x0000000093b00000| Untracked 
| 316|0x0000000093c00000, 0x0000000093d00000, 0x0000000093d00000|100%| O|  |TAMS 0x0000000093c00000| PB 0x0000000093c00000| Untracked 
| 317|0x0000000093d00000, 0x0000000093e00000, 0x0000000093e00000|100%| O|  |TAMS 0x0000000093d00000| PB 0x0000000093d00000| Untracked 
| 318|0x0000000093e00000, 0x0000000093f00000, 0x0000000093f00000|100%| O|  |TAMS 0x0000000093e00000| PB 0x0000000093e00000| Untracked 
| 319|0x0000000093f00000, 0x0000000094000000, 0x0000000094000000|100%| O|  |TAMS 0x0000000093f00000| PB 0x0000000093f00000| Untracked 
| 320|0x0000000094000000, 0x0000000094100000, 0x0000000094100000|100%| O|  |TAMS 0x0000000094000000| PB 0x0000000094000000| Untracked 
| 321|0x0000000094100000, 0x0000000094200000, 0x0000000094200000|100%| O|  |TAMS 0x0000000094100000| PB 0x0000000094100000| Untracked 
| 322|0x0000000094200000, 0x0000000094300000, 0x0000000094300000|100%| O|  |TAMS 0x0000000094200000| PB 0x0000000094200000| Untracked 
| 323|0x0000000094300000, 0x0000000094400000, 0x0000000094400000|100%| O|  |TAMS 0x0000000094300000| PB 0x0000000094300000| Untracked 
| 324|0x0000000094400000, 0x0000000094500000, 0x0000000094500000|100%| O|  |TAMS 0x0000000094400000| PB 0x0000000094400000| Untracked 
| 325|0x0000000094500000, 0x0000000094600000, 0x0000000094600000|100%| O|  |TAMS 0x0000000094500000| PB 0x0000000094500000| Untracked 
| 326|0x0000000094600000, 0x0000000094700000, 0x0000000094700000|100%| O|  |TAMS 0x0000000094600000| PB 0x0000000094600000| Untracked 
| 327|0x0000000094700000, 0x0000000094800000, 0x0000000094800000|100%| O|  |TAMS 0x0000000094700000| PB 0x0000000094700000| Untracked 
| 328|0x0000000094800000, 0x0000000094900000, 0x0000000094900000|100%| O|  |TAMS 0x0000000094800000| PB 0x0000000094800000| Untracked 
| 329|0x0000000094900000, 0x0000000094a00000, 0x0000000094a00000|100%| O|  |TAMS 0x0000000094900000| PB 0x0000000094900000| Untracked 
| 330|0x0000000094a00000, 0x0000000094b00000, 0x0000000094b00000|100%| O|  |TAMS 0x0000000094a00000| PB 0x0000000094a00000| Untracked 
| 331|0x0000000094b00000, 0x0000000094c00000, 0x0000000094c00000|100%| O|  |TAMS 0x0000000094b00000| PB 0x0000000094b00000| Untracked 
| 332|0x0000000094c00000, 0x0000000094d00000, 0x0000000094d00000|100%| O|  |TAMS 0x0000000094c00000| PB 0x0000000094c00000| Untracked 
| 333|0x0000000094d00000, 0x0000000094e00000, 0x0000000094e00000|100%| O|  |TAMS 0x0000000094d00000| PB 0x0000000094d00000| Untracked 
| 334|0x0000000094e00000, 0x0000000094f00000, 0x0000000094f00000|100%| O|  |TAMS 0x0000000094e00000| PB 0x0000000094e00000| Untracked 
| 335|0x0000000094f00000, 0x0000000095000000, 0x0000000095000000|100%| O|  |TAMS 0x0000000094f00000| PB 0x0000000094f00000| Untracked 
| 336|0x0000000095000000, 0x0000000095100000, 0x0000000095100000|100%| O|  |TAMS 0x0000000095000000| PB 0x0000000095000000| Untracked 
| 337|0x0000000095100000, 0x0000000095200000, 0x0000000095200000|100%| O|  |TAMS 0x0000000095100000| PB 0x0000000095100000| Untracked 
| 338|0x0000000095200000, 0x0000000095300000, 0x0000000095300000|100%| O|  |TAMS 0x0000000095200000| PB 0x0000000095200000| Untracked 
| 339|0x0000000095300000, 0x0000000095400000, 0x0000000095400000|100%| O|  |TAMS 0x0000000095300000| PB 0x0000000095300000| Untracked 
| 340|0x0000000095400000, 0x0000000095500000, 0x0000000095500000|100%| O|  |TAMS 0x0000000095400000| PB 0x0000000095400000| Untracked 
| 341|0x0000000095500000, 0x0000000095600000, 0x0000000095600000|100%| O|  |TAMS 0x0000000095500000| PB 0x0000000095500000| Untracked 
| 342|0x0000000095600000, 0x0000000095700000, 0x0000000095700000|100%| O|  |TAMS 0x0000000095600000| PB 0x0000000095600000| Untracked 
| 343|0x0000000095700000, 0x0000000095800000, 0x0000000095800000|100%| O|  |TAMS 0x0000000095700000| PB 0x0000000095700000| Untracked 
| 344|0x0000000095800000, 0x0000000095900000, 0x0000000095900000|100%| O|  |TAMS 0x0000000095800000| PB 0x0000000095800000| Untracked 
| 345|0x0000000095900000, 0x0000000095a00000, 0x0000000095a00000|100%| O|  |TAMS 0x0000000095900000| PB 0x0000000095900000| Untracked 
| 346|0x0000000095a00000, 0x0000000095b00000, 0x0000000095b00000|100%| O|  |TAMS 0x0000000095a00000| PB 0x0000000095a00000| Untracked 
| 347|0x0000000095b00000, 0x0000000095c00000, 0x0000000095c00000|100%| O|  |TAMS 0x0000000095b00000| PB 0x0000000095b00000| Untracked 
| 348|0x0000000095c00000, 0x0000000095d00000, 0x0000000095d00000|100%| O|  |TAMS 0x0000000095c00000| PB 0x0000000095c00000| Untracked 
| 349|0x0000000095d00000, 0x0000000095e00000, 0x0000000095e00000|100%| O|  |TAMS 0x0000000095d00000| PB 0x0000000095d00000| Untracked 
| 350|0x0000000095e00000, 0x0000000095f00000, 0x0000000095f00000|100%| O|  |TAMS 0x0000000095e00000| PB 0x0000000095e00000| Untracked 
| 351|0x0000000095f00000, 0x0000000096000000, 0x0000000096000000|100%| O|  |TAMS 0x0000000095f00000| PB 0x0000000095f00000| Untracked 
| 352|0x0000000096000000, 0x0000000096100000, 0x0000000096100000|100%| O|  |TAMS 0x0000000096000000| PB 0x0000000096000000| Untracked 
| 353|0x0000000096100000, 0x0000000096200000, 0x0000000096200000|100%| O|  |TAMS 0x0000000096100000| PB 0x0000000096100000| Untracked 
| 354|0x0000000096200000, 0x0000000096300000, 0x0000000096300000|100%| O|  |TAMS 0x0000000096200000| PB 0x0000000096200000| Untracked 
| 355|0x0000000096300000, 0x0000000096400000, 0x0000000096400000|100%| O|  |TAMS 0x0000000096300000| PB 0x0000000096300000| Untracked 
| 356|0x0000000096400000, 0x0000000096500000, 0x0000000096500000|100%| O|  |TAMS 0x0000000096400000| PB 0x0000000096400000| Untracked 
| 357|0x0000000096500000, 0x0000000096600000, 0x0000000096600000|100%| O|  |TAMS 0x0000000096500000| PB 0x0000000096500000| Untracked 
| 358|0x0000000096600000, 0x0000000096700000, 0x0000000096700000|100%| O|  |TAMS 0x0000000096600000| PB 0x0000000096600000| Untracked 
| 359|0x0000000096700000, 0x0000000096800000, 0x0000000096800000|100%| O|  |TAMS 0x0000000096700000| PB 0x0000000096700000| Untracked 
| 360|0x0000000096800000, 0x0000000096900000, 0x0000000096900000|100%| O|  |TAMS 0x0000000096800000| PB 0x0000000096800000| Untracked 
| 361|0x0000000096900000, 0x0000000096a00000, 0x0000000096a00000|100%| O|  |TAMS 0x0000000096900000| PB 0x0000000096900000| Untracked 
| 362|0x0000000096a00000, 0x0000000096b00000, 0x0000000096b00000|100%| O|  |TAMS 0x0000000096a00000| PB 0x0000000096a00000| Untracked 
| 363|0x0000000096b00000, 0x0000000096c00000, 0x0000000096c00000|100%| O|  |TAMS 0x0000000096b00000| PB 0x0000000096b00000| Untracked 
| 364|0x0000000096c00000, 0x0000000096d00000, 0x0000000096d00000|100%| O|  |TAMS 0x0000000096c00000| PB 0x0000000096c00000| Untracked 
| 365|0x0000000096d00000, 0x0000000096e00000, 0x0000000096e00000|100%| O|  |TAMS 0x0000000096d00000| PB 0x0000000096d00000| Untracked 
| 366|0x0000000096e00000, 0x0000000096f00000, 0x0000000096f00000|100%| O|  |TAMS 0x0000000096e00000| PB 0x0000000096e00000| Untracked 
| 367|0x0000000096f00000, 0x0000000097000000, 0x0000000097000000|100%| O|  |TAMS 0x0000000096f00000| PB 0x0000000096f00000| Untracked 
| 368|0x0000000097000000, 0x0000000097100000, 0x0000000097100000|100%| O|  |TAMS 0x0000000097000000| PB 0x0000000097000000| Untracked 
| 369|0x0000000097100000, 0x0000000097200000, 0x0000000097200000|100%| O|  |TAMS 0x0000000097100000| PB 0x0000000097100000| Untracked 
| 370|0x0000000097200000, 0x0000000097300000, 0x0000000097300000|100%| O|  |TAMS 0x0000000097200000| PB 0x0000000097200000| Untracked 
| 371|0x0000000097300000, 0x0000000097400000, 0x0000000097400000|100%| O|  |TAMS 0x0000000097300000| PB 0x0000000097300000| Untracked 
| 372|0x0000000097400000, 0x0000000097500000, 0x0000000097500000|100%| O|  |TAMS 0x0000000097400000| PB 0x0000000097400000| Untracked 
| 373|0x0000000097500000, 0x0000000097600000, 0x0000000097600000|100%| O|  |TAMS 0x0000000097500000| PB 0x0000000097500000| Untracked 
| 374|0x0000000097600000, 0x0000000097700000, 0x0000000097700000|100%| O|  |TAMS 0x0000000097600000| PB 0x0000000097600000| Untracked 
| 375|0x0000000097700000, 0x0000000097800000, 0x0000000097800000|100%| O|  |TAMS 0x0000000097700000| PB 0x0000000097700000| Untracked 
| 376|0x0000000097800000, 0x0000000097900000, 0x0000000097900000|100%| O|  |TAMS 0x0000000097800000| PB 0x0000000097800000| Untracked 
| 377|0x0000000097900000, 0x0000000097a00000, 0x0000000097a00000|100%| O|  |TAMS 0x0000000097900000| PB 0x0000000097900000| Untracked 
| 378|0x0000000097a00000, 0x0000000097b00000, 0x0000000097b00000|100%| O|  |TAMS 0x0000000097a00000| PB 0x0000000097a00000| Untracked 
| 379|0x0000000097b00000, 0x0000000097c00000, 0x0000000097c00000|100%| O|  |TAMS 0x0000000097b00000| PB 0x0000000097b00000| Untracked 
| 380|0x0000000097c00000, 0x0000000097d00000, 0x0000000097d00000|100%| O|  |TAMS 0x0000000097c00000| PB 0x0000000097c00000| Untracked 
| 381|0x0000000097d00000, 0x0000000097e00000, 0x0000000097e00000|100%| O|  |TAMS 0x0000000097d00000| PB 0x0000000097d00000| Untracked 
| 382|0x0000000097e00000, 0x0000000097f00000, 0x0000000097f00000|100%| O|  |TAMS 0x0000000097e00000| PB 0x0000000097e00000| Untracked 
| 383|0x0000000097f00000, 0x0000000098000000, 0x0000000098000000|100%| O|  |TAMS 0x0000000097f00000| PB 0x0000000097f00000| Untracked 
| 384|0x0000000098000000, 0x0000000098100000, 0x0000000098100000|100%| O|  |TAMS 0x0000000098000000| PB 0x0000000098000000| Untracked 
| 385|0x0000000098100000, 0x0000000098200000, 0x0000000098200000|100%| O|  |TAMS 0x0000000098100000| PB 0x0000000098100000| Untracked 
| 386|0x0000000098200000, 0x00000000982e6778, 0x0000000098300000| 90%| O|  |TAMS 0x0000000098200000| PB 0x0000000098200000| Untracked 
| 387|0x0000000098300000, 0x0000000098300000, 0x0000000098400000|  0%| F|  |TAMS 0x0000000098300000| PB 0x0000000098300000| Untracked 
| 388|0x0000000098400000, 0x0000000098400000, 0x0000000098500000|  0%| F|  |TAMS 0x0000000098400000| PB 0x0000000098400000| Untracked 
| 389|0x0000000098500000, 0x0000000098500000, 0x0000000098600000|  0%| F|  |TAMS 0x0000000098500000| PB 0x0000000098500000| Untracked 
| 390|0x0000000098600000, 0x0000000098600000, 0x0000000098700000|  0%| F|  |TAMS 0x0000000098600000| PB 0x0000000098600000| Untracked 
| 391|0x0000000098700000, 0x0000000098700000, 0x0000000098800000|  0%| F|  |TAMS 0x0000000098700000| PB 0x0000000098700000| Untracked 
| 392|0x0000000098800000, 0x0000000098800000, 0x0000000098900000|  0%| F|  |TAMS 0x0000000098800000| PB 0x0000000098800000| Untracked 
| 393|0x0000000098900000, 0x0000000098a00000, 0x0000000098a00000|100%| O|  |TAMS 0x0000000098900000| PB 0x0000000098900000| Untracked 
| 394|0x0000000098a00000, 0x0000000098a00000, 0x0000000098b00000|  0%| F|  |TAMS 0x0000000098a00000| PB 0x0000000098a00000| Untracked 
| 395|0x0000000098b00000, 0x0000000098c00000, 0x0000000098c00000|100%| O|  |TAMS 0x0000000098b00000| PB 0x0000000098b00000| Untracked 
| 396|0x0000000098c00000, 0x0000000098c00000, 0x0000000098d00000|  0%| F|  |TAMS 0x0000000098c00000| PB 0x0000000098c00000| Untracked 
| 397|0x0000000098d00000, 0x0000000098e00000, 0x0000000098e00000|100%| O|  |TAMS 0x0000000098d00000| PB 0x0000000098d00000| Untracked 
| 398|0x0000000098e00000, 0x0000000098e00000, 0x0000000098f00000|  0%| F|  |TAMS 0x0000000098e00000| PB 0x0000000098e00000| Untracked 
| 399|0x0000000098f00000, 0x0000000098f00000, 0x0000000099000000|  0%| F|  |TAMS 0x0000000098f00000| PB 0x0000000098f00000| Untracked 
| 400|0x0000000099000000, 0x0000000099000000, 0x0000000099100000|  0%| F|  |TAMS 0x0000000099000000| PB 0x0000000099000000| Untracked 
| 401|0x0000000099100000, 0x0000000099200000, 0x0000000099200000|100%| O|  |TAMS 0x0000000099100000| PB 0x0000000099100000| Untracked 
| 402|0x0000000099200000, 0x0000000099300000, 0x0000000099300000|100%| O|  |TAMS 0x0000000099200000| PB 0x0000000099200000| Untracked 
| 403|0x0000000099300000, 0x0000000099400000, 0x0000000099400000|100%| O|  |TAMS 0x0000000099300000| PB 0x0000000099300000| Untracked 
| 404|0x0000000099400000, 0x0000000099500000, 0x0000000099500000|100%| O|  |TAMS 0x0000000099400000| PB 0x0000000099400000| Untracked 
| 405|0x0000000099500000, 0x0000000099600000, 0x0000000099600000|100%| O|  |TAMS 0x0000000099500000| PB 0x0000000099500000| Untracked 
| 406|0x0000000099600000, 0x0000000099700000, 0x0000000099700000|100%| O|  |TAMS 0x0000000099600000| PB 0x0000000099600000| Untracked 
| 407|0x0000000099700000, 0x0000000099800000, 0x0000000099800000|100%| O|  |TAMS 0x0000000099700000| PB 0x0000000099700000| Untracked 
| 408|0x0000000099800000, 0x0000000099900000, 0x0000000099900000|100%| O|  |TAMS 0x0000000099800000| PB 0x0000000099800000| Untracked 
| 409|0x0000000099900000, 0x0000000099a00000, 0x0000000099a00000|100%| O|  |TAMS 0x0000000099900000| PB 0x0000000099900000| Untracked 
| 410|0x0000000099a00000, 0x0000000099b00000, 0x0000000099b00000|100%| O|  |TAMS 0x0000000099a00000| PB 0x0000000099a00000| Untracked 
| 411|0x0000000099b00000, 0x0000000099b00000, 0x0000000099c00000|  0%| F|  |TAMS 0x0000000099b00000| PB 0x0000000099b00000| Untracked 
| 412|0x0000000099c00000, 0x0000000099c00000, 0x0000000099d00000|  0%| F|  |TAMS 0x0000000099c00000| PB 0x0000000099c00000| Untracked 
| 413|0x0000000099d00000, 0x0000000099d00000, 0x0000000099e00000|  0%| F|  |TAMS 0x0000000099d00000| PB 0x0000000099d00000| Untracked 
| 414|0x0000000099e00000, 0x0000000099e00000, 0x0000000099f00000|  0%| F|  |TAMS 0x0000000099e00000| PB 0x0000000099e00000| Untracked 
| 415|0x0000000099f00000, 0x0000000099f00000, 0x000000009a000000|  0%| F|  |TAMS 0x0000000099f00000| PB 0x0000000099f00000| Untracked 
| 416|0x000000009a000000, 0x000000009a000000, 0x000000009a100000|  0%| F|  |TAMS 0x000000009a000000| PB 0x000000009a000000| Untracked 
| 417|0x000000009a100000, 0x000000009a200000, 0x000000009a200000|100%| O|  |TAMS 0x000000009a100000| PB 0x000000009a100000| Untracked 
| 418|0x000000009a200000, 0x000000009a200000, 0x000000009a300000|  0%| F|  |TAMS 0x000000009a200000| PB 0x000000009a200000| Untracked 
| 419|0x000000009a300000, 0x000000009a300000, 0x000000009a400000|  0%| F|  |TAMS 0x000000009a300000| PB 0x000000009a300000| Untracked 
| 420|0x000000009a400000, 0x000000009a400000, 0x000000009a500000|  0%| F|  |TAMS 0x000000009a400000| PB 0x000000009a400000| Untracked 
| 421|0x000000009a500000, 0x000000009a600000, 0x000000009a600000|100%| O|  |TAMS 0x000000009a500000| PB 0x000000009a500000| Untracked 
| 422|0x000000009a600000, 0x000000009a700000, 0x000000009a700000|100%| O|  |TAMS 0x000000009a600000| PB 0x000000009a600000| Untracked 
| 423|0x000000009a700000, 0x000000009a800000, 0x000000009a800000|100%| O|  |TAMS 0x000000009a700000| PB 0x000000009a700000| Untracked 
| 424|0x000000009a800000, 0x000000009a900000, 0x000000009a900000|100%| O|  |TAMS 0x000000009a800000| PB 0x000000009a800000| Untracked 
| 425|0x000000009a900000, 0x000000009aa00000, 0x000000009aa00000|100%| O|  |TAMS 0x000000009a900000| PB 0x000000009a900000| Untracked 
| 426|0x000000009aa00000, 0x000000009ab00000, 0x000000009ab00000|100%| O|  |TAMS 0x000000009aa00000| PB 0x000000009aa00000| Untracked 
| 427|0x000000009ab00000, 0x000000009ac00000, 0x000000009ac00000|100%| O|  |TAMS 0x000000009ab00000| PB 0x000000009ab00000| Untracked 
| 428|0x000000009ac00000, 0x000000009ad00000, 0x000000009ad00000|100%| O|  |TAMS 0x000000009ac00000| PB 0x000000009ac00000| Untracked 
| 429|0x000000009ad00000, 0x000000009ae00000, 0x000000009ae00000|100%| O|  |TAMS 0x000000009ad00000| PB 0x000000009ad00000| Untracked 
| 430|0x000000009ae00000, 0x000000009af00000, 0x000000009af00000|100%| O|  |TAMS 0x000000009ae00000| PB 0x000000009ae00000| Untracked 
| 431|0x000000009af00000, 0x000000009af00000, 0x000000009b000000|  0%| F|  |TAMS 0x000000009af00000| PB 0x000000009af00000| Untracked 
| 432|0x000000009b000000, 0x000000009b100000, 0x000000009b100000|100%| O|  |TAMS 0x000000009b000000| PB 0x000000009b000000| Untracked 
| 433|0x000000009b100000, 0x000000009b200000, 0x000000009b200000|100%| O|  |TAMS 0x000000009b100000| PB 0x000000009b100000| Untracked 
| 434|0x000000009b200000, 0x000000009b300000, 0x000000009b300000|100%| O|  |TAMS 0x000000009b200000| PB 0x000000009b200000| Untracked 
| 435|0x000000009b300000, 0x000000009b400000, 0x000000009b400000|100%| O|  |TAMS 0x000000009b300000| PB 0x000000009b300000| Untracked 
| 436|0x000000009b400000, 0x000000009b400000, 0x000000009b500000|  0%| F|  |TAMS 0x000000009b400000| PB 0x000000009b400000| Untracked 
| 437|0x000000009b500000, 0x000000009b500000, 0x000000009b600000|  0%| F|  |TAMS 0x000000009b500000| PB 0x000000009b500000| Untracked 
| 438|0x000000009b600000, 0x000000009b700000, 0x000000009b700000|100%| O|  |TAMS 0x000000009b600000| PB 0x000000009b600000| Untracked 
| 439|0x000000009b700000, 0x000000009b800000, 0x000000009b800000|100%| O|  |TAMS 0x000000009b700000| PB 0x000000009b700000| Untracked 
| 440|0x000000009b800000, 0x000000009b900000, 0x000000009b900000|100%| O|  |TAMS 0x000000009b800000| PB 0x000000009b800000| Untracked 
| 441|0x000000009b900000, 0x000000009ba00000, 0x000000009ba00000|100%| O|  |TAMS 0x000000009b900000| PB 0x000000009b900000| Untracked 
| 442|0x000000009ba00000, 0x000000009ba00000, 0x000000009bb00000|  0%| F|  |TAMS 0x000000009ba00000| PB 0x000000009ba00000| Untracked 
| 443|0x000000009bb00000, 0x000000009bc00000, 0x000000009bc00000|100%| O|  |TAMS 0x000000009bb00000| PB 0x000000009bb00000| Untracked 
| 444|0x000000009bc00000, 0x000000009bd00000, 0x000000009bd00000|100%| O|  |TAMS 0x000000009bc00000| PB 0x000000009bc00000| Untracked 
| 445|0x000000009bd00000, 0x000000009be00000, 0x000000009be00000|100%| O|  |TAMS 0x000000009bd00000| PB 0x000000009bd00000| Untracked 
| 446|0x000000009be00000, 0x000000009bf00000, 0x000000009bf00000|100%| O|  |TAMS 0x000000009be00000| PB 0x000000009be00000| Untracked 
| 447|0x000000009bf00000, 0x000000009c000000, 0x000000009c000000|100%| O|  |TAMS 0x000000009bf00000| PB 0x000000009bf00000| Untracked 
| 448|0x000000009c000000, 0x000000009c100000, 0x000000009c100000|100%| O|  |TAMS 0x000000009c000000| PB 0x000000009c000000| Untracked 
| 449|0x000000009c100000, 0x000000009c200000, 0x000000009c200000|100%| O|  |TAMS 0x000000009c100000| PB 0x000000009c100000| Untracked 
| 450|0x000000009c200000, 0x000000009c200000, 0x000000009c300000|  0%| F|  |TAMS 0x000000009c200000| PB 0x000000009c200000| Untracked 
| 451|0x000000009c300000, 0x000000009c400000, 0x000000009c400000|100%| O|  |TAMS 0x000000009c300000| PB 0x000000009c300000| Untracked 
| 452|0x000000009c400000, 0x000000009c400000, 0x000000009c500000|  0%| F|  |TAMS 0x000000009c400000| PB 0x000000009c400000| Untracked 
| 453|0x000000009c500000, 0x000000009c500000, 0x000000009c600000|  0%| F|  |TAMS 0x000000009c500000| PB 0x000000009c500000| Untracked 
| 454|0x000000009c600000, 0x000000009c600000, 0x000000009c700000|  0%| F|  |TAMS 0x000000009c600000| PB 0x000000009c600000| Untracked 
| 455|0x000000009c700000, 0x000000009c700000, 0x000000009c800000|  0%| F|  |TAMS 0x000000009c700000| PB 0x000000009c700000| Untracked 
| 456|0x000000009c800000, 0x000000009c800000, 0x000000009c900000|  0%| F|  |TAMS 0x000000009c800000| PB 0x000000009c800000| Untracked 
| 457|0x000000009c900000, 0x000000009c900000, 0x000000009ca00000|  0%| F|  |TAMS 0x000000009c900000| PB 0x000000009c900000| Untracked 
| 458|0x000000009ca00000, 0x000000009ca00000, 0x000000009cb00000|  0%| F|  |TAMS 0x000000009ca00000| PB 0x000000009ca00000| Untracked 
| 459|0x000000009cb00000, 0x000000009cb00000, 0x000000009cc00000|  0%| F|  |TAMS 0x000000009cb00000| PB 0x000000009cb00000| Untracked 
| 460|0x000000009cc00000, 0x000000009cc00000, 0x000000009cd00000|  0%| F|  |TAMS 0x000000009cc00000| PB 0x000000009cc00000| Untracked 
| 461|0x000000009cd00000, 0x000000009cd00000, 0x000000009ce00000|  0%| F|  |TAMS 0x000000009cd00000| PB 0x000000009cd00000| Untracked 
| 462|0x000000009ce00000, 0x000000009cf00000, 0x000000009cf00000|100%| O|  |TAMS 0x000000009ce00000| PB 0x000000009ce00000| Untracked 
| 463|0x000000009cf00000, 0x000000009cf00000, 0x000000009d000000|  0%| F|  |TAMS 0x000000009cf00000| PB 0x000000009cf00000| Untracked 
| 464|0x000000009d000000, 0x000000009d100000, 0x000000009d100000|100%| O|  |TAMS 0x000000009d000000| PB 0x000000009d000000| Untracked 
| 465|0x000000009d100000, 0x000000009d200000, 0x000000009d200000|100%| O|  |TAMS 0x000000009d100000| PB 0x000000009d100000| Untracked 
| 466|0x000000009d200000, 0x000000009d300000, 0x000000009d300000|100%| O|  |TAMS 0x000000009d200000| PB 0x000000009d200000| Untracked 
| 467|0x000000009d300000, 0x000000009d300000, 0x000000009d400000|  0%| F|  |TAMS 0x000000009d300000| PB 0x000000009d300000| Untracked 
| 468|0x000000009d400000, 0x000000009d400000, 0x000000009d500000|  0%| F|  |TAMS 0x000000009d400000| PB 0x000000009d400000| Untracked 
| 469|0x000000009d500000, 0x000000009d500000, 0x000000009d600000|  0%| F|  |TAMS 0x000000009d500000| PB 0x000000009d500000| Untracked 
| 470|0x000000009d600000, 0x000000009d600000, 0x000000009d700000|  0%| F|  |TAMS 0x000000009d600000| PB 0x000000009d600000| Untracked 
| 471|0x000000009d700000, 0x000000009d700000, 0x000000009d800000|  0%| F|  |TAMS 0x000000009d700000| PB 0x000000009d700000| Untracked 
| 472|0x000000009d800000, 0x000000009d800000, 0x000000009d900000|  0%| F|  |TAMS 0x000000009d800000| PB 0x000000009d800000| Untracked 
| 473|0x000000009d900000, 0x000000009d900000, 0x000000009da00000|  0%| F|  |TAMS 0x000000009d900000| PB 0x000000009d900000| Untracked 
| 474|0x000000009da00000, 0x000000009da00000, 0x000000009db00000|  0%| F|  |TAMS 0x000000009da00000| PB 0x000000009da00000| Untracked 
| 475|0x000000009db00000, 0x000000009db00000, 0x000000009dc00000|  0%| F|  |TAMS 0x000000009db00000| PB 0x000000009db00000| Untracked 
| 476|0x000000009dc00000, 0x000000009dc00000, 0x000000009dd00000|  0%| F|  |TAMS 0x000000009dc00000| PB 0x000000009dc00000| Untracked 
| 477|0x000000009dd00000, 0x000000009dd00000, 0x000000009de00000|  0%| F|  |TAMS 0x000000009dd00000| PB 0x000000009dd00000| Untracked 
| 478|0x000000009de00000, 0x000000009de00000, 0x000000009df00000|  0%| F|  |TAMS 0x000000009de00000| PB 0x000000009de00000| Untracked 
| 479|0x000000009df00000, 0x000000009df00000, 0x000000009e000000|  0%| F|  |TAMS 0x000000009df00000| PB 0x000000009df00000| Untracked 
| 480|0x000000009e000000, 0x000000009e000000, 0x000000009e100000|  0%| F|  |TAMS 0x000000009e000000| PB 0x000000009e000000| Untracked 
| 481|0x000000009e100000, 0x000000009e100000, 0x000000009e200000|  0%| F|  |TAMS 0x000000009e100000| PB 0x000000009e100000| Untracked 
| 482|0x000000009e200000, 0x000000009e200000, 0x000000009e300000|  0%| F|  |TAMS 0x000000009e200000| PB 0x000000009e200000| Untracked 
| 483|0x000000009e300000, 0x000000009e400000, 0x000000009e400000|100%| O|  |TAMS 0x000000009e300000| PB 0x000000009e300000| Untracked 
| 484|0x000000009e400000, 0x000000009e400000, 0x000000009e500000|  0%| F|  |TAMS 0x000000009e400000| PB 0x000000009e400000| Untracked 
| 485|0x000000009e500000, 0x000000009e500000, 0x000000009e600000|  0%| F|  |TAMS 0x000000009e500000| PB 0x000000009e500000| Untracked 
| 486|0x000000009e600000, 0x000000009e600000, 0x000000009e700000|  0%| F|  |TAMS 0x000000009e600000| PB 0x000000009e600000| Untracked 
| 487|0x000000009e700000, 0x000000009e700000, 0x000000009e800000|  0%| F|  |TAMS 0x000000009e700000| PB 0x000000009e700000| Untracked 
| 488|0x000000009e800000, 0x000000009e800000, 0x000000009e900000|  0%| F|  |TAMS 0x000000009e800000| PB 0x000000009e800000| Untracked 
| 489|0x000000009e900000, 0x000000009e900000, 0x000000009ea00000|  0%| F|  |TAMS 0x000000009e900000| PB 0x000000009e900000| Untracked 
| 490|0x000000009ea00000, 0x000000009ea00000, 0x000000009eb00000|  0%| F|  |TAMS 0x000000009ea00000| PB 0x000000009ea00000| Untracked 
| 491|0x000000009eb00000, 0x000000009eb00000, 0x000000009ec00000|  0%| F|  |TAMS 0x000000009eb00000| PB 0x000000009eb00000| Untracked 
| 492|0x000000009ec00000, 0x000000009ec00000, 0x000000009ed00000|  0%| F|  |TAMS 0x000000009ec00000| PB 0x000000009ec00000| Untracked 
| 493|0x000000009ed00000, 0x000000009ed00000, 0x000000009ee00000|  0%| F|  |TAMS 0x000000009ed00000| PB 0x000000009ed00000| Untracked 
| 494|0x000000009ee00000, 0x000000009ee00000, 0x000000009ef00000|  0%| F|  |TAMS 0x000000009ee00000| PB 0x000000009ee00000| Untracked 
| 495|0x000000009ef00000, 0x000000009ef00000, 0x000000009f000000|  0%| F|  |TAMS 0x000000009ef00000| PB 0x000000009ef00000| Untracked 
| 496|0x000000009f000000, 0x000000009f000000, 0x000000009f100000|  0%| F|  |TAMS 0x000000009f000000| PB 0x000000009f000000| Untracked 
| 497|0x000000009f100000, 0x000000009f100000, 0x000000009f200000|  0%| F|  |TAMS 0x000000009f100000| PB 0x000000009f100000| Untracked 
| 498|0x000000009f200000, 0x000000009f200000, 0x000000009f300000|  0%| F|  |TAMS 0x000000009f200000| PB 0x000000009f200000| Untracked 
| 499|0x000000009f300000, 0x000000009f300000, 0x000000009f400000|  0%| F|  |TAMS 0x000000009f300000| PB 0x000000009f300000| Untracked 
| 500|0x000000009f400000, 0x000000009f400000, 0x000000009f500000|  0%| F|  |TAMS 0x000000009f400000| PB 0x000000009f400000| Untracked 
| 501|0x000000009f500000, 0x000000009f500000, 0x000000009f600000|  0%| F|  |TAMS 0x000000009f500000| PB 0x000000009f500000| Untracked 
| 502|0x000000009f600000, 0x000000009f600000, 0x000000009f700000|  0%| F|  |TAMS 0x000000009f600000| PB 0x000000009f600000| Untracked 
| 503|0x000000009f700000, 0x000000009f700000, 0x000000009f800000|  0%| F|  |TAMS 0x000000009f700000| PB 0x000000009f700000| Untracked 
| 504|0x000000009f800000, 0x000000009f800000, 0x000000009f900000|  0%| F|  |TAMS 0x000000009f800000| PB 0x000000009f800000| Untracked 
| 505|0x000000009f900000, 0x000000009f900000, 0x000000009fa00000|  0%| F|  |TAMS 0x000000009f900000| PB 0x000000009f900000| Untracked 
| 506|0x000000009fa00000, 0x000000009fa00000, 0x000000009fb00000|  0%| F|  |TAMS 0x000000009fa00000| PB 0x000000009fa00000| Untracked 
| 507|0x000000009fb00000, 0x000000009fb00000, 0x000000009fc00000|  0%| F|  |TAMS 0x000000009fb00000| PB 0x000000009fb00000| Untracked 
| 508|0x000000009fc00000, 0x000000009fc00000, 0x000000009fd00000|  0%| F|  |TAMS 0x000000009fc00000| PB 0x000000009fc00000| Untracked 
| 509|0x000000009fd00000, 0x000000009fd00000, 0x000000009fe00000|  0%| F|  |TAMS 0x000000009fd00000| PB 0x000000009fd00000| Untracked 
| 510|0x000000009fe00000, 0x000000009fe00000, 0x000000009ff00000|  0%| F|  |TAMS 0x000000009fe00000| PB 0x000000009fe00000| Untracked 
| 511|0x000000009ff00000, 0x000000009ff00000, 0x00000000a0000000|  0%| F|  |TAMS 0x000000009ff00000| PB 0x000000009ff00000| Untracked 
| 512|0x00000000a0000000, 0x00000000a0000000, 0x00000000a0100000|  0%| F|  |TAMS 0x00000000a0000000| PB 0x00000000a0000000| Untracked 
| 513|0x00000000a0100000, 0x00000000a0100000, 0x00000000a0200000|  0%| F|  |TAMS 0x00000000a0100000| PB 0x00000000a0100000| Untracked 
| 514|0x00000000a0200000, 0x00000000a0200000, 0x00000000a0300000|  0%| F|  |TAMS 0x00000000a0200000| PB 0x00000000a0200000| Untracked 
| 515|0x00000000a0300000, 0x00000000a0300000, 0x00000000a0400000|  0%| F|  |TAMS 0x00000000a0300000| PB 0x00000000a0300000| Untracked 
| 516|0x00000000a0400000, 0x00000000a0400000, 0x00000000a0500000|  0%| F|  |TAMS 0x00000000a0400000| PB 0x00000000a0400000| Untracked 
| 517|0x00000000a0500000, 0x00000000a0500000, 0x00000000a0600000|  0%| F|  |TAMS 0x00000000a0500000| PB 0x00000000a0500000| Untracked 
| 518|0x00000000a0600000, 0x00000000a0600000, 0x00000000a0700000|  0%| F|  |TAMS 0x00000000a0600000| PB 0x00000000a0600000| Untracked 
| 519|0x00000000a0700000, 0x00000000a0700000, 0x00000000a0800000|  0%| F|  |TAMS 0x00000000a0700000| PB 0x00000000a0700000| Untracked 
| 520|0x00000000a0800000, 0x00000000a0800000, 0x00000000a0900000|  0%| F|  |TAMS 0x00000000a0800000| PB 0x00000000a0800000| Untracked 
| 521|0x00000000a0900000, 0x00000000a0900000, 0x00000000a0a00000|  0%| F|  |TAMS 0x00000000a0900000| PB 0x00000000a0900000| Untracked 
| 522|0x00000000a0a00000, 0x00000000a0a00000, 0x00000000a0b00000|  0%| F|  |TAMS 0x00000000a0a00000| PB 0x00000000a0a00000| Untracked 
| 523|0x00000000a0b00000, 0x00000000a0b00000, 0x00000000a0c00000|  0%| F|  |TAMS 0x00000000a0b00000| PB 0x00000000a0b00000| Untracked 
| 524|0x00000000a0c00000, 0x00000000a0c00000, 0x00000000a0d00000|  0%| F|  |TAMS 0x00000000a0c00000| PB 0x00000000a0c00000| Untracked 
| 525|0x00000000a0d00000, 0x00000000a0d00000, 0x00000000a0e00000|  0%| F|  |TAMS 0x00000000a0d00000| PB 0x00000000a0d00000| Untracked 
| 526|0x00000000a0e00000, 0x00000000a0e00000, 0x00000000a0f00000|  0%| F|  |TAMS 0x00000000a0e00000| PB 0x00000000a0e00000| Untracked 
| 527|0x00000000a0f00000, 0x00000000a0f00000, 0x00000000a1000000|  0%| F|  |TAMS 0x00000000a0f00000| PB 0x00000000a0f00000| Untracked 
| 528|0x00000000a1000000, 0x00000000a1000000, 0x00000000a1100000|  0%| F|  |TAMS 0x00000000a1000000| PB 0x00000000a1000000| Untracked 
| 529|0x00000000a1100000, 0x00000000a1100000, 0x00000000a1200000|  0%| F|  |TAMS 0x00000000a1100000| PB 0x00000000a1100000| Untracked 
| 530|0x00000000a1200000, 0x00000000a1200000, 0x00000000a1300000|  0%| F|  |TAMS 0x00000000a1200000| PB 0x00000000a1200000| Untracked 
| 531|0x00000000a1300000, 0x00000000a1300000, 0x00000000a1400000|  0%| F|  |TAMS 0x00000000a1300000| PB 0x00000000a1300000| Untracked 
| 532|0x00000000a1400000, 0x00000000a1400000, 0x00000000a1500000|  0%| F|  |TAMS 0x00000000a1400000| PB 0x00000000a1400000| Untracked 
| 533|0x00000000a1500000, 0x00000000a1500000, 0x00000000a1600000|  0%| F|  |TAMS 0x00000000a1500000| PB 0x00000000a1500000| Untracked 
| 534|0x00000000a1600000, 0x00000000a1600000, 0x00000000a1700000|  0%| F|  |TAMS 0x00000000a1600000| PB 0x00000000a1600000| Untracked 
| 535|0x00000000a1700000, 0x00000000a1700000, 0x00000000a1800000|  0%| F|  |TAMS 0x00000000a1700000| PB 0x00000000a1700000| Untracked 
| 536|0x00000000a1800000, 0x00000000a1800000, 0x00000000a1900000|  0%| F|  |TAMS 0x00000000a1800000| PB 0x00000000a1800000| Untracked 
| 537|0x00000000a1900000, 0x00000000a1900000, 0x00000000a1a00000|  0%| F|  |TAMS 0x00000000a1900000| PB 0x00000000a1900000| Untracked 
| 538|0x00000000a1a00000, 0x00000000a1a00000, 0x00000000a1b00000|  0%| F|  |TAMS 0x00000000a1a00000| PB 0x00000000a1a00000| Untracked 
| 539|0x00000000a1b00000, 0x00000000a1b00000, 0x00000000a1c00000|  0%| F|  |TAMS 0x00000000a1b00000| PB 0x00000000a1b00000| Untracked 
| 540|0x00000000a1c00000, 0x00000000a1c00000, 0x00000000a1d00000|  0%| F|  |TAMS 0x00000000a1c00000| PB 0x00000000a1c00000| Untracked 
| 541|0x00000000a1d00000, 0x00000000a1d00000, 0x00000000a1e00000|  0%| F|  |TAMS 0x00000000a1d00000| PB 0x00000000a1d00000| Untracked 
| 542|0x00000000a1e00000, 0x00000000a1e00000, 0x00000000a1f00000|  0%| F|  |TAMS 0x00000000a1e00000| PB 0x00000000a1e00000| Untracked 
| 543|0x00000000a1f00000, 0x00000000a1f00000, 0x00000000a2000000|  0%| F|  |TAMS 0x00000000a1f00000| PB 0x00000000a1f00000| Untracked 
| 544|0x00000000a2000000, 0x00000000a2000000, 0x00000000a2100000|  0%| F|  |TAMS 0x00000000a2000000| PB 0x00000000a2000000| Untracked 
| 545|0x00000000a2100000, 0x00000000a2100000, 0x00000000a2200000|  0%| F|  |TAMS 0x00000000a2100000| PB 0x00000000a2100000| Untracked 
| 546|0x00000000a2200000, 0x00000000a2200000, 0x00000000a2300000|  0%| F|  |TAMS 0x00000000a2200000| PB 0x00000000a2200000| Untracked 
| 547|0x00000000a2300000, 0x00000000a2300000, 0x00000000a2400000|  0%| F|  |TAMS 0x00000000a2300000| PB 0x00000000a2300000| Untracked 
| 548|0x00000000a2400000, 0x00000000a2400000, 0x00000000a2500000|  0%| F|  |TAMS 0x00000000a2400000| PB 0x00000000a2400000| Untracked 
| 549|0x00000000a2500000, 0x00000000a2580000, 0x00000000a2600000| 50%| S|CS|TAMS 0x00000000a2500000| PB 0x00000000a2500000| Complete 
| 550|0x00000000a2600000, 0x00000000a2700000, 0x00000000a2700000|100%| S|CS|TAMS 0x00000000a2600000| PB 0x00000000a2600000| Complete 
| 551|0x00000000a2700000, 0x00000000a2800000, 0x00000000a2800000|100%| S|CS|TAMS 0x00000000a2700000| PB 0x00000000a2700000| Complete 
| 552|0x00000000a2800000, 0x00000000a2900000, 0x00000000a2900000|100%| S|CS|TAMS 0x00000000a2800000| PB 0x00000000a2800000| Complete 
| 553|0x00000000a2900000, 0x00000000a2a00000, 0x00000000a2a00000|100%| S|CS|TAMS 0x00000000a2900000| PB 0x00000000a2900000| Complete 
| 554|0x00000000a2a00000, 0x00000000a2b00000, 0x00000000a2b00000|100%| S|CS|TAMS 0x00000000a2a00000| PB 0x00000000a2a00000| Complete 
| 555|0x00000000a2b00000, 0x00000000a2c00000, 0x00000000a2c00000|100%| S|CS|TAMS 0x00000000a2b00000| PB 0x00000000a2b00000| Complete 
| 556|0x00000000a2c00000, 0x00000000a2d00000, 0x00000000a2d00000|100%| S|CS|TAMS 0x00000000a2c00000| PB 0x00000000a2c00000| Complete 
| 557|0x00000000a2d00000, 0x00000000a2e00000, 0x00000000a2e00000|100%| S|CS|TAMS 0x00000000a2d00000| PB 0x00000000a2d00000| Complete 
| 558|0x00000000a2e00000, 0x00000000a2f00000, 0x00000000a2f00000|100%| S|CS|TAMS 0x00000000a2e00000| PB 0x00000000a2e00000| Complete 
| 559|0x00000000a2f00000, 0x00000000a3000000, 0x00000000a3000000|100%| S|CS|TAMS 0x00000000a2f00000| PB 0x00000000a2f00000| Complete 
| 560|0x00000000a3000000, 0x00000000a3100000, 0x00000000a3100000|100%| S|CS|TAMS 0x00000000a3000000| PB 0x00000000a3000000| Complete 
| 561|0x00000000a3100000, 0x00000000a3200000, 0x00000000a3200000|100%| S|CS|TAMS 0x00000000a3100000| PB 0x00000000a3100000| Complete 
| 562|0x00000000a3200000, 0x00000000a3300000, 0x00000000a3300000|100%| S|CS|TAMS 0x00000000a3200000| PB 0x00000000a3200000| Complete 
| 563|0x00000000a3300000, 0x00000000a3400000, 0x00000000a3400000|100%| S|CS|TAMS 0x00000000a3300000| PB 0x00000000a3300000| Complete 
| 564|0x00000000a3400000, 0x00000000a3500000, 0x00000000a3500000|100%| S|CS|TAMS 0x00000000a3400000| PB 0x00000000a3400000| Complete 
| 565|0x00000000a3500000, 0x00000000a3600000, 0x00000000a3600000|100%| S|CS|TAMS 0x00000000a3500000| PB 0x00000000a3500000| Complete 
| 566|0x00000000a3600000, 0x00000000a3700000, 0x00000000a3700000|100%| S|CS|TAMS 0x00000000a3600000| PB 0x00000000a3600000| Complete 
| 567|0x00000000a3700000, 0x00000000a3800000, 0x00000000a3800000|100%| S|CS|TAMS 0x00000000a3700000| PB 0x00000000a3700000| Complete 
| 568|0x00000000a3800000, 0x00000000a3900000, 0x00000000a3900000|100%| S|CS|TAMS 0x00000000a3800000| PB 0x00000000a3800000| Complete 
| 569|0x00000000a3900000, 0x00000000a3a00000, 0x00000000a3a00000|100%| S|CS|TAMS 0x00000000a3900000| PB 0x00000000a3900000| Complete 
| 570|0x00000000a3a00000, 0x00000000a3b00000, 0x00000000a3b00000|100%| S|CS|TAMS 0x00000000a3a00000| PB 0x00000000a3a00000| Complete 
| 571|0x00000000a3b00000, 0x00000000a3c00000, 0x00000000a3c00000|100%| S|CS|TAMS 0x00000000a3b00000| PB 0x00000000a3b00000| Complete 
| 572|0x00000000a3c00000, 0x00000000a3d00000, 0x00000000a3d00000|100%| S|CS|TAMS 0x00000000a3c00000| PB 0x00000000a3c00000| Complete 
| 573|0x00000000a3d00000, 0x00000000a3e00000, 0x00000000a3e00000|100%| S|CS|TAMS 0x00000000a3d00000| PB 0x00000000a3d00000| Complete 
| 574|0x00000000a3e00000, 0x00000000a3f00000, 0x00000000a3f00000|100%| S|CS|TAMS 0x00000000a3e00000| PB 0x00000000a3e00000| Complete 
| 575|0x00000000a3f00000, 0x00000000a4000000, 0x00000000a4000000|100%| S|CS|TAMS 0x00000000a3f00000| PB 0x00000000a3f00000| Complete 
| 576|0x00000000a4000000, 0x00000000a4100000, 0x00000000a4100000|100%| S|CS|TAMS 0x00000000a4000000| PB 0x00000000a4000000| Complete 
| 577|0x00000000a4100000, 0x00000000a4200000, 0x00000000a4200000|100%| S|CS|TAMS 0x00000000a4100000| PB 0x00000000a4100000| Complete 
| 578|0x00000000a4200000, 0x00000000a4300000, 0x00000000a4300000|100%| S|CS|TAMS 0x00000000a4200000| PB 0x00000000a4200000| Complete 
| 579|0x00000000a4300000, 0x00000000a4400000, 0x00000000a4400000|100%| S|CS|TAMS 0x00000000a4300000| PB 0x00000000a4300000| Complete 
| 580|0x00000000a4400000, 0x00000000a4500000, 0x00000000a4500000|100%| S|CS|TAMS 0x00000000a4400000| PB 0x00000000a4400000| Complete 
| 581|0x00000000a4500000, 0x00000000a4600000, 0x00000000a4600000|100%| S|CS|TAMS 0x00000000a4500000| PB 0x00000000a4500000| Complete 
| 582|0x00000000a4600000, 0x00000000a4700000, 0x00000000a4700000|100%| S|CS|TAMS 0x00000000a4600000| PB 0x00000000a4600000| Complete 
| 583|0x00000000a4700000, 0x00000000a4800000, 0x00000000a4800000|100%| S|CS|TAMS 0x00000000a4700000| PB 0x00000000a4700000| Complete 
| 584|0x00000000a4800000, 0x00000000a4900000, 0x00000000a4900000|100%| S|CS|TAMS 0x00000000a4800000| PB 0x00000000a4800000| Complete 
| 585|0x00000000a4900000, 0x00000000a4900000, 0x00000000a4a00000|  0%| F|  |TAMS 0x00000000a4900000| PB 0x00000000a4900000| Untracked 
| 586|0x00000000a4a00000, 0x00000000a4a00000, 0x00000000a4b00000|  0%| F|  |TAMS 0x00000000a4a00000| PB 0x00000000a4a00000| Untracked 
| 587|0x00000000a4b00000, 0x00000000a4b00000, 0x00000000a4c00000|  0%| F|  |TAMS 0x00000000a4b00000| PB 0x00000000a4b00000| Untracked 
| 588|0x00000000a4c00000, 0x00000000a4c00000, 0x00000000a4d00000|  0%| F|  |TAMS 0x00000000a4c00000| PB 0x00000000a4c00000| Untracked 
| 589|0x00000000a4d00000, 0x00000000a4d00000, 0x00000000a4e00000|  0%| F|  |TAMS 0x00000000a4d00000| PB 0x00000000a4d00000| Untracked 
| 590|0x00000000a4e00000, 0x00000000a4e00000, 0x00000000a4f00000|  0%| F|  |TAMS 0x00000000a4e00000| PB 0x00000000a4e00000| Untracked 
| 591|0x00000000a4f00000, 0x00000000a4f00000, 0x00000000a5000000|  0%| F|  |TAMS 0x00000000a4f00000| PB 0x00000000a4f00000| Untracked 
| 592|0x00000000a5000000, 0x00000000a5000000, 0x00000000a5100000|  0%| F|  |TAMS 0x00000000a5000000| PB 0x00000000a5000000| Untracked 
| 593|0x00000000a5100000, 0x00000000a5100000, 0x00000000a5200000|  0%| F|  |TAMS 0x00000000a5100000| PB 0x00000000a5100000| Untracked 
| 594|0x00000000a5200000, 0x00000000a5200000, 0x00000000a5300000|  0%| F|  |TAMS 0x00000000a5200000| PB 0x00000000a5200000| Untracked 
| 595|0x00000000a5300000, 0x00000000a5300000, 0x00000000a5400000|  0%| F|  |TAMS 0x00000000a5300000| PB 0x00000000a5300000| Untracked 
| 596|0x00000000a5400000, 0x00000000a5400000, 0x00000000a5500000|  0%| F|  |TAMS 0x00000000a5400000| PB 0x00000000a5400000| Untracked 
| 597|0x00000000a5500000, 0x00000000a5500000, 0x00000000a5600000|  0%| F|  |TAMS 0x00000000a5500000| PB 0x00000000a5500000| Untracked 
| 598|0x00000000a5600000, 0x00000000a5600000, 0x00000000a5700000|  0%| F|  |TAMS 0x00000000a5600000| PB 0x00000000a5600000| Untracked 
| 599|0x00000000a5700000, 0x00000000a5700000, 0x00000000a5800000|  0%| F|  |TAMS 0x00000000a5700000| PB 0x00000000a5700000| Untracked 
| 600|0x00000000a5800000, 0x00000000a5800000, 0x00000000a5900000|  0%| F|  |TAMS 0x00000000a5800000| PB 0x00000000a5800000| Untracked 
| 601|0x00000000a5900000, 0x00000000a5900000, 0x00000000a5a00000|  0%| F|  |TAMS 0x00000000a5900000| PB 0x00000000a5900000| Untracked 
| 602|0x00000000a5a00000, 0x00000000a5a00000, 0x00000000a5b00000|  0%| F|  |TAMS 0x00000000a5a00000| PB 0x00000000a5a00000| Untracked 
| 603|0x00000000a5b00000, 0x00000000a5b00000, 0x00000000a5c00000|  0%| F|  |TAMS 0x00000000a5b00000| PB 0x00000000a5b00000| Untracked 
| 604|0x00000000a5c00000, 0x00000000a5c00000, 0x00000000a5d00000|  0%| F|  |TAMS 0x00000000a5c00000| PB 0x00000000a5c00000| Untracked 
| 605|0x00000000a5d00000, 0x00000000a5d00000, 0x00000000a5e00000|  0%| F|  |TAMS 0x00000000a5d00000| PB 0x00000000a5d00000| Untracked 
| 606|0x00000000a5e00000, 0x00000000a5e00000, 0x00000000a5f00000|  0%| F|  |TAMS 0x00000000a5e00000| PB 0x00000000a5e00000| Untracked 
| 607|0x00000000a5f00000, 0x00000000a5f00000, 0x00000000a6000000|  0%| F|  |TAMS 0x00000000a5f00000| PB 0x00000000a5f00000| Untracked 
| 608|0x00000000a6000000, 0x00000000a6000000, 0x00000000a6100000|  0%| F|  |TAMS 0x00000000a6000000| PB 0x00000000a6000000| Untracked 
| 609|0x00000000a6100000, 0x00000000a6100000, 0x00000000a6200000|  0%| F|  |TAMS 0x00000000a6100000| PB 0x00000000a6100000| Untracked 
| 610|0x00000000a6200000, 0x00000000a6200000, 0x00000000a6300000|  0%| F|  |TAMS 0x00000000a6200000| PB 0x00000000a6200000| Untracked 
| 611|0x00000000a6300000, 0x00000000a6300000, 0x00000000a6400000|  0%| F|  |TAMS 0x00000000a6300000| PB 0x00000000a6300000| Untracked 
| 612|0x00000000a6400000, 0x00000000a6400000, 0x00000000a6500000|  0%| F|  |TAMS 0x00000000a6400000| PB 0x00000000a6400000| Untracked 
| 613|0x00000000a6500000, 0x00000000a6500000, 0x00000000a6600000|  0%| F|  |TAMS 0x00000000a6500000| PB 0x00000000a6500000| Untracked 
| 614|0x00000000a6600000, 0x00000000a6600000, 0x00000000a6700000|  0%| F|  |TAMS 0x00000000a6600000| PB 0x00000000a6600000| Untracked 
| 615|0x00000000a6700000, 0x00000000a6700000, 0x00000000a6800000|  0%| F|  |TAMS 0x00000000a6700000| PB 0x00000000a6700000| Untracked 
| 616|0x00000000a6800000, 0x00000000a6800000, 0x00000000a6900000|  0%| F|  |TAMS 0x00000000a6800000| PB 0x00000000a6800000| Untracked 
| 617|0x00000000a6900000, 0x00000000a6900000, 0x00000000a6a00000|  0%| F|  |TAMS 0x00000000a6900000| PB 0x00000000a6900000| Untracked 
| 618|0x00000000a6a00000, 0x00000000a6a00000, 0x00000000a6b00000|  0%| F|  |TAMS 0x00000000a6a00000| PB 0x00000000a6a00000| Untracked 
| 619|0x00000000a6b00000, 0x00000000a6b00000, 0x00000000a6c00000|  0%| F|  |TAMS 0x00000000a6b00000| PB 0x00000000a6b00000| Untracked 
| 620|0x00000000a6c00000, 0x00000000a6c00000, 0x00000000a6d00000|  0%| F|  |TAMS 0x00000000a6c00000| PB 0x00000000a6c00000| Untracked 
| 621|0x00000000a6d00000, 0x00000000a6d00000, 0x00000000a6e00000|  0%| F|  |TAMS 0x00000000a6d00000| PB 0x00000000a6d00000| Untracked 
| 622|0x00000000a6e00000, 0x00000000a6e00000, 0x00000000a6f00000|  0%| F|  |TAMS 0x00000000a6e00000| PB 0x00000000a6e00000| Untracked 
| 623|0x00000000a6f00000, 0x00000000a6f00000, 0x00000000a7000000|  0%| F|  |TAMS 0x00000000a6f00000| PB 0x00000000a6f00000| Untracked 
| 624|0x00000000a7000000, 0x00000000a7000000, 0x00000000a7100000|  0%| F|  |TAMS 0x00000000a7000000| PB 0x00000000a7000000| Untracked 
| 625|0x00000000a7100000, 0x00000000a7100000, 0x00000000a7200000|  0%| F|  |TAMS 0x00000000a7100000| PB 0x00000000a7100000| Untracked 
| 626|0x00000000a7200000, 0x00000000a7200000, 0x00000000a7300000|  0%| F|  |TAMS 0x00000000a7200000| PB 0x00000000a7200000| Untracked 
| 627|0x00000000a7300000, 0x00000000a7300000, 0x00000000a7400000|  0%| F|  |TAMS 0x00000000a7300000| PB 0x00000000a7300000| Untracked 
| 628|0x00000000a7400000, 0x00000000a7400000, 0x00000000a7500000|  0%| F|  |TAMS 0x00000000a7400000| PB 0x00000000a7400000| Untracked 
| 629|0x00000000a7500000, 0x00000000a7600000, 0x00000000a7600000|100%| S|CS|TAMS 0x00000000a7500000| PB 0x00000000a7500000| Complete 
| 630|0x00000000a7600000, 0x00000000a7700000, 0x00000000a7700000|100%| S|CS|TAMS 0x00000000a7600000| PB 0x00000000a7600000| Complete 
| 631|0x00000000a7700000, 0x00000000a7800000, 0x00000000a7800000|100%| S|CS|TAMS 0x00000000a7700000| PB 0x00000000a7700000| Complete 
| 632|0x00000000a7800000, 0x00000000a7900000, 0x00000000a7900000|100%| S|CS|TAMS 0x00000000a7800000| PB 0x00000000a7800000| Complete 
| 633|0x00000000a7900000, 0x00000000a7a00000, 0x00000000a7a00000|100%| S|CS|TAMS 0x00000000a7900000| PB 0x00000000a7900000| Complete 
| 634|0x00000000a7a00000, 0x00000000a7b00000, 0x00000000a7b00000|100%| S|CS|TAMS 0x00000000a7a00000| PB 0x00000000a7a00000| Complete 
| 635|0x00000000a7b00000, 0x00000000a7c00000, 0x00000000a7c00000|100%| S|CS|TAMS 0x00000000a7b00000| PB 0x00000000a7b00000| Complete 
| 636|0x00000000a7c00000, 0x00000000a7d00000, 0x00000000a7d00000|100%| S|CS|TAMS 0x00000000a7c00000| PB 0x00000000a7c00000| Complete 
| 637|0x00000000a7d00000, 0x00000000a7e00000, 0x00000000a7e00000|100%| S|CS|TAMS 0x00000000a7d00000| PB 0x00000000a7d00000| Complete 
| 638|0x00000000a7e00000, 0x00000000a7f00000, 0x00000000a7f00000|100%| S|CS|TAMS 0x00000000a7e00000| PB 0x00000000a7e00000| Complete 
| 639|0x00000000a7f00000, 0x00000000a8000000, 0x00000000a8000000|100%| S|CS|TAMS 0x00000000a7f00000| PB 0x00000000a7f00000| Complete 
| 640|0x00000000a8000000, 0x00000000a8100000, 0x00000000a8100000|100%| S|CS|TAMS 0x00000000a8000000| PB 0x00000000a8000000| Complete 
| 641|0x00000000a8100000, 0x00000000a8200000, 0x00000000a8200000|100%| S|CS|TAMS 0x00000000a8100000| PB 0x00000000a8100000| Complete 
| 642|0x00000000a8200000, 0x00000000a8300000, 0x00000000a8300000|100%| S|CS|TAMS 0x00000000a8200000| PB 0x00000000a8200000| Complete 
| 643|0x00000000a8300000, 0x00000000a8400000, 0x00000000a8400000|100%| S|CS|TAMS 0x00000000a8300000| PB 0x00000000a8300000| Complete 
| 644|0x00000000a8400000, 0x00000000a8500000, 0x00000000a8500000|100%| S|CS|TAMS 0x00000000a8400000| PB 0x00000000a8400000| Complete 
| 645|0x00000000a8500000, 0x00000000a8600000, 0x00000000a8600000|100%| S|CS|TAMS 0x00000000a8500000| PB 0x00000000a8500000| Complete 
| 646|0x00000000a8600000, 0x00000000a8700000, 0x00000000a8700000|100%| S|CS|TAMS 0x00000000a8600000| PB 0x00000000a8600000| Complete 
| 647|0x00000000a8700000, 0x00000000a8800000, 0x00000000a8800000|100%| S|CS|TAMS 0x00000000a8700000| PB 0x00000000a8700000| Complete 
| 648|0x00000000a8800000, 0x00000000a8900000, 0x00000000a8900000|100%| S|CS|TAMS 0x00000000a8800000| PB 0x00000000a8800000| Complete 
| 649|0x00000000a8900000, 0x00000000a8a00000, 0x00000000a8a00000|100%| S|CS|TAMS 0x00000000a8900000| PB 0x00000000a8900000| Complete 
| 650|0x00000000a8a00000, 0x00000000a8b00000, 0x00000000a8b00000|100%| S|CS|TAMS 0x00000000a8a00000| PB 0x00000000a8a00000| Complete 
| 651|0x00000000a8b00000, 0x00000000a8c00000, 0x00000000a8c00000|100%| S|CS|TAMS 0x00000000a8b00000| PB 0x00000000a8b00000| Complete 
| 652|0x00000000a8c00000, 0x00000000a8d00000, 0x00000000a8d00000|100%| S|CS|TAMS 0x00000000a8c00000| PB 0x00000000a8c00000| Complete 
| 653|0x00000000a8d00000, 0x00000000a8e00000, 0x00000000a8e00000|100%| S|CS|TAMS 0x00000000a8d00000| PB 0x00000000a8d00000| Complete 
| 654|0x00000000a8e00000, 0x00000000a8f00000, 0x00000000a8f00000|100%| S|CS|TAMS 0x00000000a8e00000| PB 0x00000000a8e00000| Complete 
| 655|0x00000000a8f00000, 0x00000000a9000000, 0x00000000a9000000|100%| S|CS|TAMS 0x00000000a8f00000| PB 0x00000000a8f00000| Complete 
| 656|0x00000000a9000000, 0x00000000a9100000, 0x00000000a9100000|100%| S|CS|TAMS 0x00000000a9000000| PB 0x00000000a9000000| Complete 
| 657|0x00000000a9100000, 0x00000000a9200000, 0x00000000a9200000|100%| S|CS|TAMS 0x00000000a9100000| PB 0x00000000a9100000| Complete 
| 658|0x00000000a9200000, 0x00000000a9200000, 0x00000000a9300000|  0%| F|  |TAMS 0x00000000a9200000| PB 0x00000000a9200000| Untracked 
| 659|0x00000000a9300000, 0x00000000a9300000, 0x00000000a9400000|  0%| F|  |TAMS 0x00000000a9300000| PB 0x00000000a9300000| Untracked 
| 660|0x00000000a9400000, 0x00000000a9400000, 0x00000000a9500000|  0%| F|  |TAMS 0x00000000a9400000| PB 0x00000000a9400000| Untracked 
| 661|0x00000000a9500000, 0x00000000a9500000, 0x00000000a9600000|  0%| F|  |TAMS 0x00000000a9500000| PB 0x00000000a9500000| Untracked 
| 662|0x00000000a9600000, 0x00000000a9600000, 0x00000000a9700000|  0%| F|  |TAMS 0x00000000a9600000| PB 0x00000000a9600000| Untracked 
| 663|0x00000000a9700000, 0x00000000a9700000, 0x00000000a9800000|  0%| F|  |TAMS 0x00000000a9700000| PB 0x00000000a9700000| Untracked 
| 664|0x00000000a9800000, 0x00000000a9800000, 0x00000000a9900000|  0%| F|  |TAMS 0x00000000a9800000| PB 0x00000000a9800000| Untracked 
| 665|0x00000000a9900000, 0x00000000a9900000, 0x00000000a9a00000|  0%| F|  |TAMS 0x00000000a9900000| PB 0x00000000a9900000| Untracked 
| 666|0x00000000a9a00000, 0x00000000a9a00000, 0x00000000a9b00000|  0%| F|  |TAMS 0x00000000a9a00000| PB 0x00000000a9a00000| Untracked 
| 667|0x00000000a9b00000, 0x00000000a9b00000, 0x00000000a9c00000|  0%| F|  |TAMS 0x00000000a9b00000| PB 0x00000000a9b00000| Untracked 
| 668|0x00000000a9c00000, 0x00000000a9c00000, 0x00000000a9d00000|  0%| F|  |TAMS 0x00000000a9c00000| PB 0x00000000a9c00000| Untracked 
| 669|0x00000000a9d00000, 0x00000000a9d00000, 0x00000000a9e00000|  0%| F|  |TAMS 0x00000000a9d00000| PB 0x00000000a9d00000| Untracked 
| 670|0x00000000a9e00000, 0x00000000a9e00000, 0x00000000a9f00000|  0%| F|  |TAMS 0x00000000a9e00000| PB 0x00000000a9e00000| Untracked 
| 671|0x00000000a9f00000, 0x00000000a9f00000, 0x00000000aa000000|  0%| F|  |TAMS 0x00000000a9f00000| PB 0x00000000a9f00000| Untracked 
| 672|0x00000000aa000000, 0x00000000aa000000, 0x00000000aa100000|  0%| F|  |TAMS 0x00000000aa000000| PB 0x00000000aa000000| Untracked 
| 673|0x00000000aa100000, 0x00000000aa100000, 0x00000000aa200000|  0%| F|  |TAMS 0x00000000aa100000| PB 0x00000000aa100000| Untracked 
| 674|0x00000000aa200000, 0x00000000aa200000, 0x00000000aa300000|  0%| F|  |TAMS 0x00000000aa200000| PB 0x00000000aa200000| Untracked 
| 675|0x00000000aa300000, 0x00000000aa300000, 0x00000000aa400000|  0%| F|  |TAMS 0x00000000aa300000| PB 0x00000000aa300000| Untracked 
| 676|0x00000000aa400000, 0x00000000aa400000, 0x00000000aa500000|  0%| F|  |TAMS 0x00000000aa400000| PB 0x00000000aa400000| Untracked 
| 677|0x00000000aa500000, 0x00000000aa500000, 0x00000000aa600000|  0%| F|  |TAMS 0x00000000aa500000| PB 0x00000000aa500000| Untracked 
| 678|0x00000000aa600000, 0x00000000aa600000, 0x00000000aa700000|  0%| F|  |TAMS 0x00000000aa600000| PB 0x00000000aa600000| Untracked 
| 679|0x00000000aa700000, 0x00000000aa700000, 0x00000000aa800000|  0%| F|  |TAMS 0x00000000aa700000| PB 0x00000000aa700000| Untracked 
| 680|0x00000000aa800000, 0x00000000aa800000, 0x00000000aa900000|  0%| F|  |TAMS 0x00000000aa800000| PB 0x00000000aa800000| Untracked 
| 681|0x00000000aa900000, 0x00000000aa900000, 0x00000000aaa00000|  0%| F|  |TAMS 0x00000000aa900000| PB 0x00000000aa900000| Untracked 
| 682|0x00000000aaa00000, 0x00000000aaa00000, 0x00000000aab00000|  0%| F|  |TAMS 0x00000000aaa00000| PB 0x00000000aaa00000| Untracked 
| 683|0x00000000aab00000, 0x00000000aab00000, 0x00000000aac00000|  0%| F|  |TAMS 0x00000000aab00000| PB 0x00000000aab00000| Untracked 
| 684|0x00000000aac00000, 0x00000000aac00000, 0x00000000aad00000|  0%| F|  |TAMS 0x00000000aac00000| PB 0x00000000aac00000| Untracked 
| 685|0x00000000aad00000, 0x00000000aad00000, 0x00000000aae00000|  0%| F|  |TAMS 0x00000000aad00000| PB 0x00000000aad00000| Untracked 
| 686|0x00000000aae00000, 0x00000000aae00000, 0x00000000aaf00000|  0%| F|  |TAMS 0x00000000aae00000| PB 0x00000000aae00000| Untracked 
| 687|0x00000000aaf00000, 0x00000000aaf00000, 0x00000000ab000000|  0%| F|  |TAMS 0x00000000aaf00000| PB 0x00000000aaf00000| Untracked 
| 688|0x00000000ab000000, 0x00000000ab000000, 0x00000000ab100000|  0%| F|  |TAMS 0x00000000ab000000| PB 0x00000000ab000000| Untracked 
| 689|0x00000000ab100000, 0x00000000ab100000, 0x00000000ab200000|  0%| F|  |TAMS 0x00000000ab100000| PB 0x00000000ab100000| Untracked 
| 690|0x00000000ab200000, 0x00000000ab200000, 0x00000000ab300000|  0%| F|  |TAMS 0x00000000ab200000| PB 0x00000000ab200000| Untracked 
| 691|0x00000000ab300000, 0x00000000ab300000, 0x00000000ab400000|  0%| F|  |TAMS 0x00000000ab300000| PB 0x00000000ab300000| Untracked 
| 692|0x00000000ab400000, 0x00000000ab400000, 0x00000000ab500000|  0%| F|  |TAMS 0x00000000ab400000| PB 0x00000000ab400000| Untracked 
| 693|0x00000000ab500000, 0x00000000ab500000, 0x00000000ab600000|  0%| F|  |TAMS 0x00000000ab500000| PB 0x00000000ab500000| Untracked 
| 694|0x00000000ab600000, 0x00000000ab600000, 0x00000000ab700000|  0%| F|  |TAMS 0x00000000ab600000| PB 0x00000000ab600000| Untracked 
| 695|0x00000000ab700000, 0x00000000ab700000, 0x00000000ab800000|  0%| F|  |TAMS 0x00000000ab700000| PB 0x00000000ab700000| Untracked 
| 696|0x00000000ab800000, 0x00000000ab800000, 0x00000000ab900000|  0%| F|  |TAMS 0x00000000ab800000| PB 0x00000000ab800000| Untracked 
| 697|0x00000000ab900000, 0x00000000ab900000, 0x00000000aba00000|  0%| F|  |TAMS 0x00000000ab900000| PB 0x00000000ab900000| Untracked 
| 698|0x00000000aba00000, 0x00000000aba00000, 0x00000000abb00000|  0%| F|  |TAMS 0x00000000aba00000| PB 0x00000000aba00000| Untracked 
| 699|0x00000000abb00000, 0x00000000abb00000, 0x00000000abc00000|  0%| F|  |TAMS 0x00000000abb00000| PB 0x00000000abb00000| Untracked 
| 700|0x00000000abc00000, 0x00000000abc00000, 0x00000000abd00000|  0%| F|  |TAMS 0x00000000abc00000| PB 0x00000000abc00000| Untracked 
| 701|0x00000000abd00000, 0x00000000abd00000, 0x00000000abe00000|  0%| F|  |TAMS 0x00000000abd00000| PB 0x00000000abd00000| Untracked 
| 702|0x00000000abe00000, 0x00000000abe00000, 0x00000000abf00000|  0%| F|  |TAMS 0x00000000abe00000| PB 0x00000000abe00000| Untracked 
| 703|0x00000000abf00000, 0x00000000abf00000, 0x00000000ac000000|  0%| F|  |TAMS 0x00000000abf00000| PB 0x00000000abf00000| Untracked 
| 704|0x00000000ac000000, 0x00000000ac000000, 0x00000000ac100000|  0%| F|  |TAMS 0x00000000ac000000| PB 0x00000000ac000000| Untracked 
| 705|0x00000000ac100000, 0x00000000ac100000, 0x00000000ac200000|  0%| F|  |TAMS 0x00000000ac100000| PB 0x00000000ac100000| Untracked 
| 706|0x00000000ac200000, 0x00000000ac200000, 0x00000000ac300000|  0%| F|  |TAMS 0x00000000ac200000| PB 0x00000000ac200000| Untracked 
| 707|0x00000000ac300000, 0x00000000ac300000, 0x00000000ac400000|  0%| F|  |TAMS 0x00000000ac300000| PB 0x00000000ac300000| Untracked 
| 708|0x00000000ac400000, 0x00000000ac400000, 0x00000000ac500000|  0%| F|  |TAMS 0x00000000ac400000| PB 0x00000000ac400000| Untracked 
| 709|0x00000000ac500000, 0x00000000ac500000, 0x00000000ac600000|  0%| F|  |TAMS 0x00000000ac500000| PB 0x00000000ac500000| Untracked 
| 710|0x00000000ac600000, 0x00000000ac600000, 0x00000000ac700000|  0%| F|  |TAMS 0x00000000ac600000| PB 0x00000000ac600000| Untracked 
| 711|0x00000000ac700000, 0x00000000ac700000, 0x00000000ac800000|  0%| F|  |TAMS 0x00000000ac700000| PB 0x00000000ac700000| Untracked 
| 712|0x00000000ac800000, 0x00000000ac800000, 0x00000000ac900000|  0%| F|  |TAMS 0x00000000ac800000| PB 0x00000000ac800000| Untracked 
| 713|0x00000000ac900000, 0x00000000ac900000, 0x00000000aca00000|  0%| F|  |TAMS 0x00000000ac900000| PB 0x00000000ac900000| Untracked 
| 714|0x00000000aca00000, 0x00000000aca00000, 0x00000000acb00000|  0%| F|  |TAMS 0x00000000aca00000| PB 0x00000000aca00000| Untracked 
| 715|0x00000000acb00000, 0x00000000acb00000, 0x00000000acc00000|  0%| F|  |TAMS 0x00000000acb00000| PB 0x00000000acb00000| Untracked 
| 716|0x00000000acc00000, 0x00000000acc00000, 0x00000000acd00000|  0%| F|  |TAMS 0x00000000acc00000| PB 0x00000000acc00000| Untracked 
| 717|0x00000000acd00000, 0x00000000acd00000, 0x00000000ace00000|  0%| F|  |TAMS 0x00000000acd00000| PB 0x00000000acd00000| Untracked 
| 718|0x00000000ace00000, 0x00000000ace00000, 0x00000000acf00000|  0%| F|  |TAMS 0x00000000ace00000| PB 0x00000000ace00000| Untracked 
| 719|0x00000000acf00000, 0x00000000acf00000, 0x00000000ad000000|  0%| F|  |TAMS 0x00000000acf00000| PB 0x00000000acf00000| Untracked 
| 720|0x00000000ad000000, 0x00000000ad000000, 0x00000000ad100000|  0%| F|  |TAMS 0x00000000ad000000| PB 0x00000000ad000000| Untracked 
| 721|0x00000000ad100000, 0x00000000ad100000, 0x00000000ad200000|  0%| F|  |TAMS 0x00000000ad100000| PB 0x00000000ad100000| Untracked 
| 722|0x00000000ad200000, 0x00000000ad200000, 0x00000000ad300000|  0%| F|  |TAMS 0x00000000ad200000| PB 0x00000000ad200000| Untracked 
| 723|0x00000000ad300000, 0x00000000ad300000, 0x00000000ad400000|  0%| F|  |TAMS 0x00000000ad300000| PB 0x00000000ad300000| Untracked 
| 724|0x00000000ad400000, 0x00000000ad400000, 0x00000000ad500000|  0%| F|  |TAMS 0x00000000ad400000| PB 0x00000000ad400000| Untracked 
| 725|0x00000000ad500000, 0x00000000ad500000, 0x00000000ad600000|  0%| F|  |TAMS 0x00000000ad500000| PB 0x00000000ad500000| Untracked 
| 726|0x00000000ad600000, 0x00000000ad600000, 0x00000000ad700000|  0%| F|  |TAMS 0x00000000ad600000| PB 0x00000000ad600000| Untracked 
| 727|0x00000000ad700000, 0x00000000ad700000, 0x00000000ad800000|  0%| F|  |TAMS 0x00000000ad700000| PB 0x00000000ad700000| Untracked 
| 728|0x00000000ad800000, 0x00000000ad800000, 0x00000000ad900000|  0%| F|  |TAMS 0x00000000ad800000| PB 0x00000000ad800000| Untracked 
| 729|0x00000000ad900000, 0x00000000ad900000, 0x00000000ada00000|  0%| F|  |TAMS 0x00000000ad900000| PB 0x00000000ad900000| Untracked 
| 730|0x00000000ada00000, 0x00000000ada00000, 0x00000000adb00000|  0%| F|  |TAMS 0x00000000ada00000| PB 0x00000000ada00000| Untracked 
| 731|0x00000000adb00000, 0x00000000adb00000, 0x00000000adc00000|  0%| F|  |TAMS 0x00000000adb00000| PB 0x00000000adb00000| Untracked 
| 732|0x00000000adc00000, 0x00000000adc00000, 0x00000000add00000|  0%| F|  |TAMS 0x00000000adc00000| PB 0x00000000adc00000| Untracked 
| 733|0x00000000add00000, 0x00000000add00000, 0x00000000ade00000|  0%| F|  |TAMS 0x00000000add00000| PB 0x00000000add00000| Untracked 
| 734|0x00000000ade00000, 0x00000000ade00000, 0x00000000adf00000|  0%| F|  |TAMS 0x00000000ade00000| PB 0x00000000ade00000| Untracked 
| 735|0x00000000adf00000, 0x00000000adf00000, 0x00000000ae000000|  0%| F|  |TAMS 0x00000000adf00000| PB 0x00000000adf00000| Untracked 
| 736|0x00000000ae000000, 0x00000000ae000000, 0x00000000ae100000|  0%| F|  |TAMS 0x00000000ae000000| PB 0x00000000ae000000| Untracked 
| 737|0x00000000ae100000, 0x00000000ae100000, 0x00000000ae200000|  0%| F|  |TAMS 0x00000000ae100000| PB 0x00000000ae100000| Untracked 
| 738|0x00000000ae200000, 0x00000000ae200000, 0x00000000ae300000|  0%| F|  |TAMS 0x00000000ae200000| PB 0x00000000ae200000| Untracked 
| 739|0x00000000ae300000, 0x00000000ae300000, 0x00000000ae400000|  0%| F|  |TAMS 0x00000000ae300000| PB 0x00000000ae300000| Untracked 
| 740|0x00000000ae400000, 0x00000000ae400000, 0x00000000ae500000|  0%| F|  |TAMS 0x00000000ae400000| PB 0x00000000ae400000| Untracked 
| 741|0x00000000ae500000, 0x00000000ae500000, 0x00000000ae600000|  0%| F|  |TAMS 0x00000000ae500000| PB 0x00000000ae500000| Untracked 
| 742|0x00000000ae600000, 0x00000000ae600000, 0x00000000ae700000|  0%| F|  |TAMS 0x00000000ae600000| PB 0x00000000ae600000| Untracked 
| 743|0x00000000ae700000, 0x00000000ae700000, 0x00000000ae800000|  0%| F|  |TAMS 0x00000000ae700000| PB 0x00000000ae700000| Untracked 
| 744|0x00000000ae800000, 0x00000000ae800000, 0x00000000ae900000|  0%| F|  |TAMS 0x00000000ae800000| PB 0x00000000ae800000| Untracked 
| 745|0x00000000ae900000, 0x00000000ae900000, 0x00000000aea00000|  0%| F|  |TAMS 0x00000000ae900000| PB 0x00000000ae900000| Untracked 
| 746|0x00000000aea00000, 0x00000000aea00000, 0x00000000aeb00000|  0%| F|  |TAMS 0x00000000aea00000| PB 0x00000000aea00000| Untracked 
| 747|0x00000000aeb00000, 0x00000000aeb00000, 0x00000000aec00000|  0%| F|  |TAMS 0x00000000aeb00000| PB 0x00000000aeb00000| Untracked 
| 748|0x00000000aec00000, 0x00000000aec00000, 0x00000000aed00000|  0%| F|  |TAMS 0x00000000aec00000| PB 0x00000000aec00000| Untracked 
| 749|0x00000000aed00000, 0x00000000aed00000, 0x00000000aee00000|  0%| F|  |TAMS 0x00000000aed00000| PB 0x00000000aed00000| Untracked 
| 750|0x00000000aee00000, 0x00000000aee00000, 0x00000000aef00000|  0%| F|  |TAMS 0x00000000aee00000| PB 0x00000000aee00000| Untracked 
| 751|0x00000000aef00000, 0x00000000aef00000, 0x00000000af000000|  0%| F|  |TAMS 0x00000000aef00000| PB 0x00000000aef00000| Untracked 
| 752|0x00000000af000000, 0x00000000af000000, 0x00000000af100000|  0%| F|  |TAMS 0x00000000af000000| PB 0x00000000af000000| Untracked 
| 753|0x00000000af100000, 0x00000000af100000, 0x00000000af200000|  0%| F|  |TAMS 0x00000000af100000| PB 0x00000000af100000| Untracked 
| 754|0x00000000af200000, 0x00000000af200000, 0x00000000af300000|  0%| F|  |TAMS 0x00000000af200000| PB 0x00000000af200000| Untracked 
| 755|0x00000000af300000, 0x00000000af300000, 0x00000000af400000|  0%| F|  |TAMS 0x00000000af300000| PB 0x00000000af300000| Untracked 
| 756|0x00000000af400000, 0x00000000af400000, 0x00000000af500000|  0%| F|  |TAMS 0x00000000af400000| PB 0x00000000af400000| Untracked 
| 757|0x00000000af500000, 0x00000000af500000, 0x00000000af600000|  0%| F|  |TAMS 0x00000000af500000| PB 0x00000000af500000| Untracked 
| 758|0x00000000af600000, 0x00000000af600000, 0x00000000af700000|  0%| F|  |TAMS 0x00000000af600000| PB 0x00000000af600000| Untracked 
| 759|0x00000000af700000, 0x00000000af700000, 0x00000000af800000|  0%| F|  |TAMS 0x00000000af700000| PB 0x00000000af700000| Untracked 
| 760|0x00000000af800000, 0x00000000af800000, 0x00000000af900000|  0%| F|  |TAMS 0x00000000af800000| PB 0x00000000af800000| Untracked 
| 761|0x00000000af900000, 0x00000000af900000, 0x00000000afa00000|  0%| F|  |TAMS 0x00000000af900000| PB 0x00000000af900000| Untracked 
| 762|0x00000000afa00000, 0x00000000afa00000, 0x00000000afb00000|  0%| F|  |TAMS 0x00000000afa00000| PB 0x00000000afa00000| Untracked 
| 763|0x00000000afb00000, 0x00000000afb00000, 0x00000000afc00000|  0%| F|  |TAMS 0x00000000afb00000| PB 0x00000000afb00000| Untracked 
| 764|0x00000000afc00000, 0x00000000afc00000, 0x00000000afd00000|  0%| F|  |TAMS 0x00000000afc00000| PB 0x00000000afc00000| Untracked 
| 765|0x00000000afd00000, 0x00000000afd00000, 0x00000000afe00000|  0%| F|  |TAMS 0x00000000afd00000| PB 0x00000000afd00000| Untracked 
| 766|0x00000000afe00000, 0x00000000afe00000, 0x00000000aff00000|  0%| F|  |TAMS 0x00000000afe00000| PB 0x00000000afe00000| Untracked 
| 767|0x00000000aff00000, 0x00000000aff00000, 0x00000000b0000000|  0%| F|  |TAMS 0x00000000aff00000| PB 0x00000000aff00000| Untracked 
| 768|0x00000000b0000000, 0x00000000b0000000, 0x00000000b0100000|  0%| F|  |TAMS 0x00000000b0000000| PB 0x00000000b0000000| Untracked 
| 769|0x00000000b0100000, 0x00000000b0100000, 0x00000000b0200000|  0%| F|  |TAMS 0x00000000b0100000| PB 0x00000000b0100000| Untracked 
| 770|0x00000000b0200000, 0x00000000b0200000, 0x00000000b0300000|  0%| F|  |TAMS 0x00000000b0200000| PB 0x00000000b0200000| Untracked 
| 771|0x00000000b0300000, 0x00000000b0300000, 0x00000000b0400000|  0%| F|  |TAMS 0x00000000b0300000| PB 0x00000000b0300000| Untracked 
| 772|0x00000000b0400000, 0x00000000b0400000, 0x00000000b0500000|  0%| F|  |TAMS 0x00000000b0400000| PB 0x00000000b0400000| Untracked 
| 773|0x00000000b0500000, 0x00000000b0500000, 0x00000000b0600000|  0%| F|  |TAMS 0x00000000b0500000| PB 0x00000000b0500000| Untracked 
| 774|0x00000000b0600000, 0x00000000b0600000, 0x00000000b0700000|  0%| F|  |TAMS 0x00000000b0600000| PB 0x00000000b0600000| Untracked 
| 775|0x00000000b0700000, 0x00000000b0700000, 0x00000000b0800000|  0%| F|  |TAMS 0x00000000b0700000| PB 0x00000000b0700000| Untracked 
| 776|0x00000000b0800000, 0x00000000b0800000, 0x00000000b0900000|  0%| F|  |TAMS 0x00000000b0800000| PB 0x00000000b0800000| Untracked 
| 777|0x00000000b0900000, 0x00000000b0900000, 0x00000000b0a00000|  0%| F|  |TAMS 0x00000000b0900000| PB 0x00000000b0900000| Untracked 
| 778|0x00000000b0a00000, 0x00000000b0a00000, 0x00000000b0b00000|  0%| F|  |TAMS 0x00000000b0a00000| PB 0x00000000b0a00000| Untracked 
| 779|0x00000000b0b00000, 0x00000000b0b00000, 0x00000000b0c00000|  0%| F|  |TAMS 0x00000000b0b00000| PB 0x00000000b0b00000| Untracked 
| 780|0x00000000b0c00000, 0x00000000b0c00000, 0x00000000b0d00000|  0%| F|  |TAMS 0x00000000b0c00000| PB 0x00000000b0c00000| Untracked 
| 781|0x00000000b0d00000, 0x00000000b0d00000, 0x00000000b0e00000|  0%| F|  |TAMS 0x00000000b0d00000| PB 0x00000000b0d00000| Untracked 
| 782|0x00000000b0e00000, 0x00000000b0e00000, 0x00000000b0f00000|  0%| F|  |TAMS 0x00000000b0e00000| PB 0x00000000b0e00000| Untracked 
| 783|0x00000000b0f00000, 0x00000000b0f00000, 0x00000000b1000000|  0%| F|  |TAMS 0x00000000b0f00000| PB 0x00000000b0f00000| Untracked 
| 784|0x00000000b1000000, 0x00000000b1000000, 0x00000000b1100000|  0%| F|  |TAMS 0x00000000b1000000| PB 0x00000000b1000000| Untracked 
| 785|0x00000000b1100000, 0x00000000b1100000, 0x00000000b1200000|  0%| F|  |TAMS 0x00000000b1100000| PB 0x00000000b1100000| Untracked 
| 786|0x00000000b1200000, 0x00000000b1200000, 0x00000000b1300000|  0%| F|  |TAMS 0x00000000b1200000| PB 0x00000000b1200000| Untracked 
| 787|0x00000000b1300000, 0x00000000b1300000, 0x00000000b1400000|  0%| F|  |TAMS 0x00000000b1300000| PB 0x00000000b1300000| Untracked 
| 788|0x00000000b1400000, 0x00000000b1400000, 0x00000000b1500000|  0%| F|  |TAMS 0x00000000b1400000| PB 0x00000000b1400000| Untracked 
| 789|0x00000000b1500000, 0x00000000b1500000, 0x00000000b1600000|  0%| F|  |TAMS 0x00000000b1500000| PB 0x00000000b1500000| Untracked 
| 790|0x00000000b1600000, 0x00000000b1600000, 0x00000000b1700000|  0%| F|  |TAMS 0x00000000b1600000| PB 0x00000000b1600000| Untracked 
| 791|0x00000000b1700000, 0x00000000b1700000, 0x00000000b1800000|  0%| F|  |TAMS 0x00000000b1700000| PB 0x00000000b1700000| Untracked 
| 792|0x00000000b1800000, 0x00000000b1800000, 0x00000000b1900000|  0%| F|  |TAMS 0x00000000b1800000| PB 0x00000000b1800000| Untracked 
| 793|0x00000000b1900000, 0x00000000b1900000, 0x00000000b1a00000|  0%| F|  |TAMS 0x00000000b1900000| PB 0x00000000b1900000| Untracked 
| 794|0x00000000b1a00000, 0x00000000b1a00000, 0x00000000b1b00000|  0%| F|  |TAMS 0x00000000b1a00000| PB 0x00000000b1a00000| Untracked 
| 795|0x00000000b1b00000, 0x00000000b1b00000, 0x00000000b1c00000|  0%| F|  |TAMS 0x00000000b1b00000| PB 0x00000000b1b00000| Untracked 
| 796|0x00000000b1c00000, 0x00000000b1c00000, 0x00000000b1d00000|  0%| F|  |TAMS 0x00000000b1c00000| PB 0x00000000b1c00000| Untracked 
| 797|0x00000000b1d00000, 0x00000000b1d00000, 0x00000000b1e00000|  0%| F|  |TAMS 0x00000000b1d00000| PB 0x00000000b1d00000| Untracked 
| 798|0x00000000b1e00000, 0x00000000b1e00000, 0x00000000b1f00000|  0%| F|  |TAMS 0x00000000b1e00000| PB 0x00000000b1e00000| Untracked 
| 799|0x00000000b1f00000, 0x00000000b1f00000, 0x00000000b2000000|  0%| F|  |TAMS 0x00000000b1f00000| PB 0x00000000b1f00000| Untracked 
| 800|0x00000000b2000000, 0x00000000b2000000, 0x00000000b2100000|  0%| F|  |TAMS 0x00000000b2000000| PB 0x00000000b2000000| Untracked 
| 801|0x00000000b2100000, 0x00000000b2100000, 0x00000000b2200000|  0%| F|  |TAMS 0x00000000b2100000| PB 0x00000000b2100000| Untracked 
| 802|0x00000000b2200000, 0x00000000b2200000, 0x00000000b2300000|  0%| F|  |TAMS 0x00000000b2200000| PB 0x00000000b2200000| Untracked 
| 803|0x00000000b2300000, 0x00000000b2300000, 0x00000000b2400000|  0%| F|  |TAMS 0x00000000b2300000| PB 0x00000000b2300000| Untracked 
| 804|0x00000000b2400000, 0x00000000b2400000, 0x00000000b2500000|  0%| F|  |TAMS 0x00000000b2400000| PB 0x00000000b2400000| Untracked 
| 805|0x00000000b2500000, 0x00000000b2500000, 0x00000000b2600000|  0%| F|  |TAMS 0x00000000b2500000| PB 0x00000000b2500000| Untracked 
| 806|0x00000000b2600000, 0x00000000b2600000, 0x00000000b2700000|  0%| F|  |TAMS 0x00000000b2600000| PB 0x00000000b2600000| Untracked 
| 807|0x00000000b2700000, 0x00000000b2700000, 0x00000000b2800000|  0%| F|  |TAMS 0x00000000b2700000| PB 0x00000000b2700000| Untracked 
| 808|0x00000000b2800000, 0x00000000b2800000, 0x00000000b2900000|  0%| F|  |TAMS 0x00000000b2800000| PB 0x00000000b2800000| Untracked 
| 809|0x00000000b2900000, 0x00000000b2900000, 0x00000000b2a00000|  0%| F|  |TAMS 0x00000000b2900000| PB 0x00000000b2900000| Untracked 
| 810|0x00000000b2a00000, 0x00000000b2a00000, 0x00000000b2b00000|  0%| F|  |TAMS 0x00000000b2a00000| PB 0x00000000b2a00000| Untracked 
| 811|0x00000000b2b00000, 0x00000000b2b00000, 0x00000000b2c00000|  0%| F|  |TAMS 0x00000000b2b00000| PB 0x00000000b2b00000| Untracked 
| 812|0x00000000b2c00000, 0x00000000b2c00000, 0x00000000b2d00000|  0%| F|  |TAMS 0x00000000b2c00000| PB 0x00000000b2c00000| Untracked 
| 813|0x00000000b2d00000, 0x00000000b2d00000, 0x00000000b2e00000|  0%| F|  |TAMS 0x00000000b2d00000| PB 0x00000000b2d00000| Untracked 
| 814|0x00000000b2e00000, 0x00000000b2e00000, 0x00000000b2f00000|  0%| F|  |TAMS 0x00000000b2e00000| PB 0x00000000b2e00000| Untracked 
| 815|0x00000000b2f00000, 0x00000000b2f00000, 0x00000000b3000000|  0%| F|  |TAMS 0x00000000b2f00000| PB 0x00000000b2f00000| Untracked 
| 816|0x00000000b3000000, 0x00000000b3000000, 0x00000000b3100000|  0%| F|  |TAMS 0x00000000b3000000| PB 0x00000000b3000000| Untracked 
| 817|0x00000000b3100000, 0x00000000b3100000, 0x00000000b3200000|  0%| F|  |TAMS 0x00000000b3100000| PB 0x00000000b3100000| Untracked 
| 818|0x00000000b3200000, 0x00000000b3200000, 0x00000000b3300000|  0%| F|  |TAMS 0x00000000b3200000| PB 0x00000000b3200000| Untracked 
| 819|0x00000000b3300000, 0x00000000b3300000, 0x00000000b3400000|  0%| F|  |TAMS 0x00000000b3300000| PB 0x00000000b3300000| Untracked 
| 820|0x00000000b3400000, 0x00000000b3400000, 0x00000000b3500000|  0%| F|  |TAMS 0x00000000b3400000| PB 0x00000000b3400000| Untracked 
| 821|0x00000000b3500000, 0x00000000b3500000, 0x00000000b3600000|  0%| F|  |TAMS 0x00000000b3500000| PB 0x00000000b3500000| Untracked 
| 822|0x00000000b3600000, 0x00000000b3600000, 0x00000000b3700000|  0%| F|  |TAMS 0x00000000b3600000| PB 0x00000000b3600000| Untracked 
| 823|0x00000000b3700000, 0x00000000b3700000, 0x00000000b3800000|  0%| F|  |TAMS 0x00000000b3700000| PB 0x00000000b3700000| Untracked 
| 824|0x00000000b3800000, 0x00000000b3800000, 0x00000000b3900000|  0%| F|  |TAMS 0x00000000b3800000| PB 0x00000000b3800000| Untracked 
| 825|0x00000000b3900000, 0x00000000b3900000, 0x00000000b3a00000|  0%| F|  |TAMS 0x00000000b3900000| PB 0x00000000b3900000| Untracked 
| 826|0x00000000b3a00000, 0x00000000b3a00000, 0x00000000b3b00000|  0%| F|  |TAMS 0x00000000b3a00000| PB 0x00000000b3a00000| Untracked 
| 827|0x00000000b3b00000, 0x00000000b3b00000, 0x00000000b3c00000|  0%| F|  |TAMS 0x00000000b3b00000| PB 0x00000000b3b00000| Untracked 
| 828|0x00000000b3c00000, 0x00000000b3c00000, 0x00000000b3d00000|  0%| F|  |TAMS 0x00000000b3c00000| PB 0x00000000b3c00000| Untracked 
| 829|0x00000000b3d00000, 0x00000000b3d00000, 0x00000000b3e00000|  0%| F|  |TAMS 0x00000000b3d00000| PB 0x00000000b3d00000| Untracked 
| 830|0x00000000b3e00000, 0x00000000b3e00000, 0x00000000b3f00000|  0%| F|  |TAMS 0x00000000b3e00000| PB 0x00000000b3e00000| Untracked 
| 831|0x00000000b3f00000, 0x00000000b3f00000, 0x00000000b4000000|  0%| F|  |TAMS 0x00000000b3f00000| PB 0x00000000b3f00000| Untracked 
| 832|0x00000000b4000000, 0x00000000b4000000, 0x00000000b4100000|  0%| F|  |TAMS 0x00000000b4000000| PB 0x00000000b4000000| Untracked 
| 833|0x00000000b4100000, 0x00000000b4100000, 0x00000000b4200000|  0%| F|  |TAMS 0x00000000b4100000| PB 0x00000000b4100000| Untracked 
| 834|0x00000000b4200000, 0x00000000b4200000, 0x00000000b4300000|  0%| F|  |TAMS 0x00000000b4200000| PB 0x00000000b4200000| Untracked 
| 835|0x00000000b4300000, 0x00000000b4300000, 0x00000000b4400000|  0%| F|  |TAMS 0x00000000b4300000| PB 0x00000000b4300000| Untracked 
| 836|0x00000000b4400000, 0x00000000b4400000, 0x00000000b4500000|  0%| F|  |TAMS 0x00000000b4400000| PB 0x00000000b4400000| Untracked 
| 837|0x00000000b4500000, 0x00000000b4500000, 0x00000000b4600000|  0%| F|  |TAMS 0x00000000b4500000| PB 0x00000000b4500000| Untracked 
| 838|0x00000000b4600000, 0x00000000b4600000, 0x00000000b4700000|  0%| F|  |TAMS 0x00000000b4600000| PB 0x00000000b4600000| Untracked 
| 839|0x00000000b4700000, 0x00000000b4700000, 0x00000000b4800000|  0%| F|  |TAMS 0x00000000b4700000| PB 0x00000000b4700000| Untracked 
| 840|0x00000000b4800000, 0x00000000b4800000, 0x00000000b4900000|  0%| F|  |TAMS 0x00000000b4800000| PB 0x00000000b4800000| Untracked 
| 841|0x00000000b4900000, 0x00000000b4900000, 0x00000000b4a00000|  0%| F|  |TAMS 0x00000000b4900000| PB 0x00000000b4900000| Untracked 
| 842|0x00000000b4a00000, 0x00000000b4a00000, 0x00000000b4b00000|  0%| F|  |TAMS 0x00000000b4a00000| PB 0x00000000b4a00000| Untracked 
| 843|0x00000000b4b00000, 0x00000000b4b00000, 0x00000000b4c00000|  0%| F|  |TAMS 0x00000000b4b00000| PB 0x00000000b4b00000| Untracked 
| 844|0x00000000b4c00000, 0x00000000b4c00000, 0x00000000b4d00000|  0%| F|  |TAMS 0x00000000b4c00000| PB 0x00000000b4c00000| Untracked 
| 845|0x00000000b4d00000, 0x00000000b4d00000, 0x00000000b4e00000|  0%| F|  |TAMS 0x00000000b4d00000| PB 0x00000000b4d00000| Untracked 
| 846|0x00000000b4e00000, 0x00000000b4e00000, 0x00000000b4f00000|  0%| F|  |TAMS 0x00000000b4e00000| PB 0x00000000b4e00000| Untracked 
| 847|0x00000000b4f00000, 0x00000000b4f00000, 0x00000000b5000000|  0%| F|  |TAMS 0x00000000b4f00000| PB 0x00000000b4f00000| Untracked 
| 848|0x00000000b5000000, 0x00000000b5000000, 0x00000000b5100000|  0%| F|  |TAMS 0x00000000b5000000| PB 0x00000000b5000000| Untracked 
| 849|0x00000000b5100000, 0x00000000b5100000, 0x00000000b5200000|  0%| F|  |TAMS 0x00000000b5100000| PB 0x00000000b5100000| Untracked 
| 850|0x00000000b5200000, 0x00000000b5200000, 0x00000000b5300000|  0%| F|  |TAMS 0x00000000b5200000| PB 0x00000000b5200000| Untracked 
| 851|0x00000000b5300000, 0x00000000b5300000, 0x00000000b5400000|  0%| F|  |TAMS 0x00000000b5300000| PB 0x00000000b5300000| Untracked 
| 852|0x00000000b5400000, 0x00000000b5400000, 0x00000000b5500000|  0%| F|  |TAMS 0x00000000b5400000| PB 0x00000000b5400000| Untracked 
| 853|0x00000000b5500000, 0x00000000b5500000, 0x00000000b5600000|  0%| F|  |TAMS 0x00000000b5500000| PB 0x00000000b5500000| Untracked 
| 854|0x00000000b5600000, 0x00000000b5600000, 0x00000000b5700000|  0%| F|  |TAMS 0x00000000b5600000| PB 0x00000000b5600000| Untracked 
| 855|0x00000000b5700000, 0x00000000b5700000, 0x00000000b5800000|  0%| F|  |TAMS 0x00000000b5700000| PB 0x00000000b5700000| Untracked 
| 856|0x00000000b5800000, 0x00000000b5800000, 0x00000000b5900000|  0%| F|  |TAMS 0x00000000b5800000| PB 0x00000000b5800000| Untracked 
| 857|0x00000000b5900000, 0x00000000b5900000, 0x00000000b5a00000|  0%| F|  |TAMS 0x00000000b5900000| PB 0x00000000b5900000| Untracked 
| 858|0x00000000b5a00000, 0x00000000b5a00000, 0x00000000b5b00000|  0%| F|  |TAMS 0x00000000b5a00000| PB 0x00000000b5a00000| Untracked 
| 859|0x00000000b5b00000, 0x00000000b5b00000, 0x00000000b5c00000|  0%| F|  |TAMS 0x00000000b5b00000| PB 0x00000000b5b00000| Untracked 
| 860|0x00000000b5c00000, 0x00000000b5c00000, 0x00000000b5d00000|  0%| F|  |TAMS 0x00000000b5c00000| PB 0x00000000b5c00000| Untracked 
| 861|0x00000000b5d00000, 0x00000000b5d00000, 0x00000000b5e00000|  0%| F|  |TAMS 0x00000000b5d00000| PB 0x00000000b5d00000| Untracked 
| 862|0x00000000b5e00000, 0x00000000b5e00000, 0x00000000b5f00000|  0%| F|  |TAMS 0x00000000b5e00000| PB 0x00000000b5e00000| Untracked 
| 863|0x00000000b5f00000, 0x00000000b5f00000, 0x00000000b6000000|  0%| F|  |TAMS 0x00000000b5f00000| PB 0x00000000b5f00000| Untracked 
| 864|0x00000000b6000000, 0x00000000b6000000, 0x00000000b6100000|  0%| F|  |TAMS 0x00000000b6000000| PB 0x00000000b6000000| Untracked 
| 865|0x00000000b6100000, 0x00000000b6100000, 0x00000000b6200000|  0%| F|  |TAMS 0x00000000b6100000| PB 0x00000000b6100000| Untracked 
| 866|0x00000000b6200000, 0x00000000b6200000, 0x00000000b6300000|  0%| F|  |TAMS 0x00000000b6200000| PB 0x00000000b6200000| Untracked 
| 867|0x00000000b6300000, 0x00000000b6300000, 0x00000000b6400000|  0%| F|  |TAMS 0x00000000b6300000| PB 0x00000000b6300000| Untracked 
| 868|0x00000000b6400000, 0x00000000b6400000, 0x00000000b6500000|  0%| F|  |TAMS 0x00000000b6400000| PB 0x00000000b6400000| Untracked 
| 869|0x00000000b6500000, 0x00000000b6500000, 0x00000000b6600000|  0%| F|  |TAMS 0x00000000b6500000| PB 0x00000000b6500000| Untracked 
| 870|0x00000000b6600000, 0x00000000b6600000, 0x00000000b6700000|  0%| F|  |TAMS 0x00000000b6600000| PB 0x00000000b6600000| Untracked 
| 871|0x00000000b6700000, 0x00000000b6700000, 0x00000000b6800000|  0%| F|  |TAMS 0x00000000b6700000| PB 0x00000000b6700000| Untracked 
| 872|0x00000000b6800000, 0x00000000b6800000, 0x00000000b6900000|  0%| F|  |TAMS 0x00000000b6800000| PB 0x00000000b6800000| Untracked 
| 873|0x00000000b6900000, 0x00000000b6900000, 0x00000000b6a00000|  0%| F|  |TAMS 0x00000000b6900000| PB 0x00000000b6900000| Untracked 
| 874|0x00000000b6a00000, 0x00000000b6a00000, 0x00000000b6b00000|  0%| F|  |TAMS 0x00000000b6a00000| PB 0x00000000b6a00000| Untracked 
| 875|0x00000000b6b00000, 0x00000000b6b00000, 0x00000000b6c00000|  0%| F|  |TAMS 0x00000000b6b00000| PB 0x00000000b6b00000| Untracked 
| 876|0x00000000b6c00000, 0x00000000b6c00000, 0x00000000b6d00000|  0%| F|  |TAMS 0x00000000b6c00000| PB 0x00000000b6c00000| Untracked 
| 877|0x00000000b6d00000, 0x00000000b6d00000, 0x00000000b6e00000|  0%| F|  |TAMS 0x00000000b6d00000| PB 0x00000000b6d00000| Untracked 
| 878|0x00000000b6e00000, 0x00000000b6e00000, 0x00000000b6f00000|  0%| F|  |TAMS 0x00000000b6e00000| PB 0x00000000b6e00000| Untracked 
| 879|0x00000000b6f00000, 0x00000000b6f00000, 0x00000000b7000000|  0%| F|  |TAMS 0x00000000b6f00000| PB 0x00000000b6f00000| Untracked 
| 880|0x00000000b7000000, 0x00000000b7000000, 0x00000000b7100000|  0%| F|  |TAMS 0x00000000b7000000| PB 0x00000000b7000000| Untracked 
| 881|0x00000000b7100000, 0x00000000b7100000, 0x00000000b7200000|  0%| F|  |TAMS 0x00000000b7100000| PB 0x00000000b7100000| Untracked 
| 882|0x00000000b7200000, 0x00000000b7200000, 0x00000000b7300000|  0%| F|  |TAMS 0x00000000b7200000| PB 0x00000000b7200000| Untracked 
| 883|0x00000000b7300000, 0x00000000b7300000, 0x00000000b7400000|  0%| F|  |TAMS 0x00000000b7300000| PB 0x00000000b7300000| Untracked 
| 884|0x00000000b7400000, 0x00000000b7400000, 0x00000000b7500000|  0%| F|  |TAMS 0x00000000b7400000| PB 0x00000000b7400000| Untracked 
| 885|0x00000000b7500000, 0x00000000b7500000, 0x00000000b7600000|  0%| F|  |TAMS 0x00000000b7500000| PB 0x00000000b7500000| Untracked 
| 886|0x00000000b7600000, 0x00000000b7600000, 0x00000000b7700000|  0%| F|  |TAMS 0x00000000b7600000| PB 0x00000000b7600000| Untracked 
| 887|0x00000000b7700000, 0x00000000b7700000, 0x00000000b7800000|  0%| F|  |TAMS 0x00000000b7700000| PB 0x00000000b7700000| Untracked 
| 888|0x00000000b7800000, 0x00000000b7800000, 0x00000000b7900000|  0%| F|  |TAMS 0x00000000b7800000| PB 0x00000000b7800000| Untracked 
| 889|0x00000000b7900000, 0x00000000b7900000, 0x00000000b7a00000|  0%| F|  |TAMS 0x00000000b7900000| PB 0x00000000b7900000| Untracked 
| 890|0x00000000b7a00000, 0x00000000b7a00000, 0x00000000b7b00000|  0%| F|  |TAMS 0x00000000b7a00000| PB 0x00000000b7a00000| Untracked 
| 891|0x00000000b7b00000, 0x00000000b7b00000, 0x00000000b7c00000|  0%| F|  |TAMS 0x00000000b7b00000| PB 0x00000000b7b00000| Untracked 
| 892|0x00000000b7c00000, 0x00000000b7c00000, 0x00000000b7d00000|  0%| F|  |TAMS 0x00000000b7c00000| PB 0x00000000b7c00000| Untracked 
| 893|0x00000000b7d00000, 0x00000000b7d00000, 0x00000000b7e00000|  0%| F|  |TAMS 0x00000000b7d00000| PB 0x00000000b7d00000| Untracked 
| 894|0x00000000b7e00000, 0x00000000b7e00000, 0x00000000b7f00000|  0%| F|  |TAMS 0x00000000b7e00000| PB 0x00000000b7e00000| Untracked 
| 895|0x00000000b7f00000, 0x00000000b7f00000, 0x00000000b8000000|  0%| F|  |TAMS 0x00000000b7f00000| PB 0x00000000b7f00000| Untracked 
| 896|0x00000000b8000000, 0x00000000b8000000, 0x00000000b8100000|  0%| F|  |TAMS 0x00000000b8000000| PB 0x00000000b8000000| Untracked 
| 897|0x00000000b8100000, 0x00000000b8100000, 0x00000000b8200000|  0%| F|  |TAMS 0x00000000b8100000| PB 0x00000000b8100000| Untracked 
| 898|0x00000000b8200000, 0x00000000b8200000, 0x00000000b8300000|  0%| F|  |TAMS 0x00000000b8200000| PB 0x00000000b8200000| Untracked 
| 899|0x00000000b8300000, 0x00000000b8300000, 0x00000000b8400000|  0%| F|  |TAMS 0x00000000b8300000| PB 0x00000000b8300000| Untracked 
| 900|0x00000000b8400000, 0x00000000b8400000, 0x00000000b8500000|  0%| F|  |TAMS 0x00000000b8400000| PB 0x00000000b8400000| Untracked 
| 901|0x00000000b8500000, 0x00000000b8500000, 0x00000000b8600000|  0%| F|  |TAMS 0x00000000b8500000| PB 0x00000000b8500000| Untracked 
| 902|0x00000000b8600000, 0x00000000b8600000, 0x00000000b8700000|  0%| F|  |TAMS 0x00000000b8600000| PB 0x00000000b8600000| Untracked 
| 903|0x00000000b8700000, 0x00000000b8700000, 0x00000000b8800000|  0%| F|  |TAMS 0x00000000b8700000| PB 0x00000000b8700000| Untracked 
| 904|0x00000000b8800000, 0x00000000b8800000, 0x00000000b8900000|  0%| F|  |TAMS 0x00000000b8800000| PB 0x00000000b8800000| Untracked 
| 905|0x00000000b8900000, 0x00000000b8900000, 0x00000000b8a00000|  0%| F|  |TAMS 0x00000000b8900000| PB 0x00000000b8900000| Untracked 
| 906|0x00000000b8a00000, 0x00000000b8a00000, 0x00000000b8b00000|  0%| F|  |TAMS 0x00000000b8a00000| PB 0x00000000b8a00000| Untracked 
| 907|0x00000000b8b00000, 0x00000000b8b00000, 0x00000000b8c00000|  0%| F|  |TAMS 0x00000000b8b00000| PB 0x00000000b8b00000| Untracked 
| 908|0x00000000b8c00000, 0x00000000b8c00000, 0x00000000b8d00000|  0%| F|  |TAMS 0x00000000b8c00000| PB 0x00000000b8c00000| Untracked 
| 909|0x00000000b8d00000, 0x00000000b8d00000, 0x00000000b8e00000|  0%| F|  |TAMS 0x00000000b8d00000| PB 0x00000000b8d00000| Untracked 
| 910|0x00000000b8e00000, 0x00000000b8e00000, 0x00000000b8f00000|  0%| F|  |TAMS 0x00000000b8e00000| PB 0x00000000b8e00000| Untracked 
| 911|0x00000000b8f00000, 0x00000000b8f00000, 0x00000000b9000000|  0%| F|  |TAMS 0x00000000b8f00000| PB 0x00000000b8f00000| Untracked 
| 912|0x00000000b9000000, 0x00000000b9000000, 0x00000000b9100000|  0%| F|  |TAMS 0x00000000b9000000| PB 0x00000000b9000000| Untracked 
| 913|0x00000000b9100000, 0x00000000b9100000, 0x00000000b9200000|  0%| F|  |TAMS 0x00000000b9100000| PB 0x00000000b9100000| Untracked 
| 914|0x00000000b9200000, 0x00000000b9200000, 0x00000000b9300000|  0%| F|  |TAMS 0x00000000b9200000| PB 0x00000000b9200000| Untracked 
| 915|0x00000000b9300000, 0x00000000b9300000, 0x00000000b9400000|  0%| F|  |TAMS 0x00000000b9300000| PB 0x00000000b9300000| Untracked 
| 916|0x00000000b9400000, 0x00000000b9400000, 0x00000000b9500000|  0%| F|  |TAMS 0x00000000b9400000| PB 0x00000000b9400000| Untracked 
| 917|0x00000000b9500000, 0x00000000b9500000, 0x00000000b9600000|  0%| F|  |TAMS 0x00000000b9500000| PB 0x00000000b9500000| Untracked 
| 918|0x00000000b9600000, 0x00000000b9600000, 0x00000000b9700000|  0%| F|  |TAMS 0x00000000b9600000| PB 0x00000000b9600000| Untracked 
| 919|0x00000000b9700000, 0x00000000b9700000, 0x00000000b9800000|  0%| F|  |TAMS 0x00000000b9700000| PB 0x00000000b9700000| Untracked 
| 920|0x00000000b9800000, 0x00000000b9800000, 0x00000000b9900000|  0%| F|  |TAMS 0x00000000b9800000| PB 0x00000000b9800000| Untracked 
| 921|0x00000000b9900000, 0x00000000b9900000, 0x00000000b9a00000|  0%| F|  |TAMS 0x00000000b9900000| PB 0x00000000b9900000| Untracked 
| 922|0x00000000b9a00000, 0x00000000b9a00000, 0x00000000b9b00000|  0%| F|  |TAMS 0x00000000b9a00000| PB 0x00000000b9a00000| Untracked 
| 923|0x00000000b9b00000, 0x00000000b9b00000, 0x00000000b9c00000|  0%| F|  |TAMS 0x00000000b9b00000| PB 0x00000000b9b00000| Untracked 
| 924|0x00000000b9c00000, 0x00000000b9c00000, 0x00000000b9d00000|  0%| F|  |TAMS 0x00000000b9c00000| PB 0x00000000b9c00000| Untracked 
| 925|0x00000000b9d00000, 0x00000000b9d00000, 0x00000000b9e00000|  0%| F|  |TAMS 0x00000000b9d00000| PB 0x00000000b9d00000| Untracked 
| 926|0x00000000b9e00000, 0x00000000b9e00000, 0x00000000b9f00000|  0%| F|  |TAMS 0x00000000b9e00000| PB 0x00000000b9e00000| Untracked 
| 927|0x00000000b9f00000, 0x00000000b9f00000, 0x00000000ba000000|  0%| F|  |TAMS 0x00000000b9f00000| PB 0x00000000b9f00000| Untracked 
| 928|0x00000000ba000000, 0x00000000ba000000, 0x00000000ba100000|  0%| F|  |TAMS 0x00000000ba000000| PB 0x00000000ba000000| Untracked 
| 929|0x00000000ba100000, 0x00000000ba100000, 0x00000000ba200000|  0%| F|  |TAMS 0x00000000ba100000| PB 0x00000000ba100000| Untracked 
| 930|0x00000000ba200000, 0x00000000ba200000, 0x00000000ba300000|  0%| F|  |TAMS 0x00000000ba200000| PB 0x00000000ba200000| Untracked 
| 931|0x00000000ba300000, 0x00000000ba300000, 0x00000000ba400000|  0%| F|  |TAMS 0x00000000ba300000| PB 0x00000000ba300000| Untracked 
| 932|0x00000000ba400000, 0x00000000ba400000, 0x00000000ba500000|  0%| F|  |TAMS 0x00000000ba400000| PB 0x00000000ba400000| Untracked 
| 933|0x00000000ba500000, 0x00000000ba500000, 0x00000000ba600000|  0%| F|  |TAMS 0x00000000ba500000| PB 0x00000000ba500000| Untracked 
| 934|0x00000000ba600000, 0x00000000ba600000, 0x00000000ba700000|  0%| F|  |TAMS 0x00000000ba600000| PB 0x00000000ba600000| Untracked 
| 935|0x00000000ba700000, 0x00000000ba700000, 0x00000000ba800000|  0%| F|  |TAMS 0x00000000ba700000| PB 0x00000000ba700000| Untracked 
| 936|0x00000000ba800000, 0x00000000ba800000, 0x00000000ba900000|  0%| F|  |TAMS 0x00000000ba800000| PB 0x00000000ba800000| Untracked 
| 937|0x00000000ba900000, 0x00000000ba900000, 0x00000000baa00000|  0%| F|  |TAMS 0x00000000ba900000| PB 0x00000000ba900000| Untracked 
| 938|0x00000000baa00000, 0x00000000baa00000, 0x00000000bab00000|  0%| F|  |TAMS 0x00000000baa00000| PB 0x00000000baa00000| Untracked 
| 939|0x00000000bab00000, 0x00000000bab00000, 0x00000000bac00000|  0%| F|  |TAMS 0x00000000bab00000| PB 0x00000000bab00000| Untracked 
| 940|0x00000000bac00000, 0x00000000bac00000, 0x00000000bad00000|  0%| F|  |TAMS 0x00000000bac00000| PB 0x00000000bac00000| Untracked 
| 941|0x00000000bad00000, 0x00000000bad00000, 0x00000000bae00000|  0%| F|  |TAMS 0x00000000bad00000| PB 0x00000000bad00000| Untracked 
| 942|0x00000000bae00000, 0x00000000bae00000, 0x00000000baf00000|  0%| F|  |TAMS 0x00000000bae00000| PB 0x00000000bae00000| Untracked 
| 943|0x00000000baf00000, 0x00000000baf00000, 0x00000000bb000000|  0%| F|  |TAMS 0x00000000baf00000| PB 0x00000000baf00000| Untracked 
| 944|0x00000000bb000000, 0x00000000bb000000, 0x00000000bb100000|  0%| F|  |TAMS 0x00000000bb000000| PB 0x00000000bb000000| Untracked 
| 945|0x00000000bb100000, 0x00000000bb100000, 0x00000000bb200000|  0%| F|  |TAMS 0x00000000bb100000| PB 0x00000000bb100000| Untracked 
| 946|0x00000000bb200000, 0x00000000bb200000, 0x00000000bb300000|  0%| F|  |TAMS 0x00000000bb200000| PB 0x00000000bb200000| Untracked 
| 947|0x00000000bb300000, 0x00000000bb300000, 0x00000000bb400000|  0%| F|  |TAMS 0x00000000bb300000| PB 0x00000000bb300000| Untracked 
| 948|0x00000000bb400000, 0x00000000bb400000, 0x00000000bb500000|  0%| F|  |TAMS 0x00000000bb400000| PB 0x00000000bb400000| Untracked 
| 949|0x00000000bb500000, 0x00000000bb500000, 0x00000000bb600000|  0%| F|  |TAMS 0x00000000bb500000| PB 0x00000000bb500000| Untracked 
| 950|0x00000000bb600000, 0x00000000bb600000, 0x00000000bb700000|  0%| F|  |TAMS 0x00000000bb600000| PB 0x00000000bb600000| Untracked 
| 951|0x00000000bb700000, 0x00000000bb700000, 0x00000000bb800000|  0%| F|  |TAMS 0x00000000bb700000| PB 0x00000000bb700000| Untracked 
| 952|0x00000000bb800000, 0x00000000bb800000, 0x00000000bb900000|  0%| F|  |TAMS 0x00000000bb800000| PB 0x00000000bb800000| Untracked 
| 953|0x00000000bb900000, 0x00000000bb900000, 0x00000000bba00000|  0%| F|  |TAMS 0x00000000bb900000| PB 0x00000000bb900000| Untracked 
| 954|0x00000000bba00000, 0x00000000bba00000, 0x00000000bbb00000|  0%| F|  |TAMS 0x00000000bba00000| PB 0x00000000bba00000| Untracked 
| 955|0x00000000bbb00000, 0x00000000bbb00000, 0x00000000bbc00000|  0%| F|  |TAMS 0x00000000bbb00000| PB 0x00000000bbb00000| Untracked 
| 956|0x00000000bbc00000, 0x00000000bbc00000, 0x00000000bbd00000|  0%| F|  |TAMS 0x00000000bbc00000| PB 0x00000000bbc00000| Untracked 
| 957|0x00000000bbd00000, 0x00000000bbd00000, 0x00000000bbe00000|  0%| F|  |TAMS 0x00000000bbd00000| PB 0x00000000bbd00000| Untracked 
| 958|0x00000000bbe00000, 0x00000000bbe00000, 0x00000000bbf00000|  0%| F|  |TAMS 0x00000000bbe00000| PB 0x00000000bbe00000| Untracked 
| 959|0x00000000bbf00000, 0x00000000bbf00000, 0x00000000bc000000|  0%| F|  |TAMS 0x00000000bbf00000| PB 0x00000000bbf00000| Untracked 
| 960|0x00000000bc000000, 0x00000000bc000000, 0x00000000bc100000|  0%| F|  |TAMS 0x00000000bc000000| PB 0x00000000bc000000| Untracked 
| 961|0x00000000bc100000, 0x00000000bc100000, 0x00000000bc200000|  0%| F|  |TAMS 0x00000000bc100000| PB 0x00000000bc100000| Untracked 
| 962|0x00000000bc200000, 0x00000000bc200000, 0x00000000bc300000|  0%| F|  |TAMS 0x00000000bc200000| PB 0x00000000bc200000| Untracked 
| 963|0x00000000bc300000, 0x00000000bc300000, 0x00000000bc400000|  0%| F|  |TAMS 0x00000000bc300000| PB 0x00000000bc300000| Untracked 
| 964|0x00000000bc400000, 0x00000000bc400000, 0x00000000bc500000|  0%| F|  |TAMS 0x00000000bc400000| PB 0x00000000bc400000| Untracked 
| 965|0x00000000bc500000, 0x00000000bc500000, 0x00000000bc600000|  0%| F|  |TAMS 0x00000000bc500000| PB 0x00000000bc500000| Untracked 
| 966|0x00000000bc600000, 0x00000000bc600000, 0x00000000bc700000|  0%| F|  |TAMS 0x00000000bc600000| PB 0x00000000bc600000| Untracked 
| 967|0x00000000bc700000, 0x00000000bc700000, 0x00000000bc800000|  0%| F|  |TAMS 0x00000000bc700000| PB 0x00000000bc700000| Untracked 
| 968|0x00000000bc800000, 0x00000000bc800000, 0x00000000bc900000|  0%| F|  |TAMS 0x00000000bc800000| PB 0x00000000bc800000| Untracked 
| 969|0x00000000bc900000, 0x00000000bc900000, 0x00000000bca00000|  0%| F|  |TAMS 0x00000000bc900000| PB 0x00000000bc900000| Untracked 
| 970|0x00000000bca00000, 0x00000000bca00000, 0x00000000bcb00000|  0%| F|  |TAMS 0x00000000bca00000| PB 0x00000000bca00000| Untracked 
| 971|0x00000000bcb00000, 0x00000000bcb00000, 0x00000000bcc00000|  0%| F|  |TAMS 0x00000000bcb00000| PB 0x00000000bcb00000| Untracked 
| 972|0x00000000bcc00000, 0x00000000bcc00000, 0x00000000bcd00000|  0%| F|  |TAMS 0x00000000bcc00000| PB 0x00000000bcc00000| Untracked 
| 973|0x00000000bcd00000, 0x00000000bcd00000, 0x00000000bce00000|  0%| F|  |TAMS 0x00000000bcd00000| PB 0x00000000bcd00000| Untracked 
| 974|0x00000000bce00000, 0x00000000bce00000, 0x00000000bcf00000|  0%| F|  |TAMS 0x00000000bce00000| PB 0x00000000bce00000| Untracked 
| 975|0x00000000bcf00000, 0x00000000bcf00000, 0x00000000bd000000|  0%| F|  |TAMS 0x00000000bcf00000| PB 0x00000000bcf00000| Untracked 
| 976|0x00000000bd000000, 0x00000000bd000000, 0x00000000bd100000|  0%| F|  |TAMS 0x00000000bd000000| PB 0x00000000bd000000| Untracked 
| 977|0x00000000bd100000, 0x00000000bd100000, 0x00000000bd200000|  0%| F|  |TAMS 0x00000000bd100000| PB 0x00000000bd100000| Untracked 
| 978|0x00000000bd200000, 0x00000000bd200000, 0x00000000bd300000|  0%| F|  |TAMS 0x00000000bd200000| PB 0x00000000bd200000| Untracked 
| 979|0x00000000bd300000, 0x00000000bd300000, 0x00000000bd400000|  0%| F|  |TAMS 0x00000000bd300000| PB 0x00000000bd300000| Untracked 
| 980|0x00000000bd400000, 0x00000000bd400000, 0x00000000bd500000|  0%| F|  |TAMS 0x00000000bd400000| PB 0x00000000bd400000| Untracked 
| 981|0x00000000bd500000, 0x00000000bd500000, 0x00000000bd600000|  0%| F|  |TAMS 0x00000000bd500000| PB 0x00000000bd500000| Untracked 
| 982|0x00000000bd600000, 0x00000000bd600000, 0x00000000bd700000|  0%| F|  |TAMS 0x00000000bd600000| PB 0x00000000bd600000| Untracked 
| 983|0x00000000bd700000, 0x00000000bd700000, 0x00000000bd800000|  0%| F|  |TAMS 0x00000000bd700000| PB 0x00000000bd700000| Untracked 
| 984|0x00000000bd800000, 0x00000000bd800000, 0x00000000bd900000|  0%| F|  |TAMS 0x00000000bd800000| PB 0x00000000bd800000| Untracked 
| 985|0x00000000bd900000, 0x00000000bd900000, 0x00000000bda00000|  0%| F|  |TAMS 0x00000000bd900000| PB 0x00000000bd900000| Untracked 
| 986|0x00000000bda00000, 0x00000000bda00000, 0x00000000bdb00000|  0%| F|  |TAMS 0x00000000bda00000| PB 0x00000000bda00000| Untracked 
| 987|0x00000000bdb00000, 0x00000000bdb00000, 0x00000000bdc00000|  0%| F|  |TAMS 0x00000000bdb00000| PB 0x00000000bdb00000| Untracked 
| 988|0x00000000bdc00000, 0x00000000bdc00000, 0x00000000bdd00000|  0%| F|  |TAMS 0x00000000bdc00000| PB 0x00000000bdc00000| Untracked 
| 989|0x00000000bdd00000, 0x00000000bdd00000, 0x00000000bde00000|  0%| F|  |TAMS 0x00000000bdd00000| PB 0x00000000bdd00000| Untracked 
| 990|0x00000000bde00000, 0x00000000bde00000, 0x00000000bdf00000|  0%| F|  |TAMS 0x00000000bde00000| PB 0x00000000bde00000| Untracked 
| 991|0x00000000bdf00000, 0x00000000bdf00000, 0x00000000be000000|  0%| F|  |TAMS 0x00000000bdf00000| PB 0x00000000bdf00000| Untracked 
| 992|0x00000000be000000, 0x00000000be000000, 0x00000000be100000|  0%| F|  |TAMS 0x00000000be000000| PB 0x00000000be000000| Untracked 
| 993|0x00000000be100000, 0x00000000be100000, 0x00000000be200000|  0%| F|  |TAMS 0x00000000be100000| PB 0x00000000be100000| Untracked 
| 994|0x00000000be200000, 0x00000000be200000, 0x00000000be300000|  0%| F|  |TAMS 0x00000000be200000| PB 0x00000000be200000| Untracked 
| 995|0x00000000be300000, 0x00000000be300000, 0x00000000be400000|  0%| F|  |TAMS 0x00000000be300000| PB 0x00000000be300000| Untracked 
| 996|0x00000000be400000, 0x00000000be400000, 0x00000000be500000|  0%| F|  |TAMS 0x00000000be400000| PB 0x00000000be400000| Untracked 
| 997|0x00000000be500000, 0x00000000be500000, 0x00000000be600000|  0%| F|  |TAMS 0x00000000be500000| PB 0x00000000be500000| Untracked 
| 998|0x00000000be600000, 0x00000000be600000, 0x00000000be700000|  0%| F|  |TAMS 0x00000000be600000| PB 0x00000000be600000| Untracked 
| 999|0x00000000be700000, 0x00000000be700000, 0x00000000be800000|  0%| F|  |TAMS 0x00000000be700000| PB 0x00000000be700000| Untracked 
|1000|0x00000000be800000, 0x00000000be800000, 0x00000000be900000|  0%| F|  |TAMS 0x00000000be800000| PB 0x00000000be800000| Untracked 
|1001|0x00000000be900000, 0x00000000be900000, 0x00000000bea00000|  0%| F|  |TAMS 0x00000000be900000| PB 0x00000000be900000| Untracked 
|1002|0x00000000bea00000, 0x00000000bea00000, 0x00000000beb00000|  0%| F|  |TAMS 0x00000000bea00000| PB 0x00000000bea00000| Untracked 
|1003|0x00000000beb00000, 0x00000000beb00000, 0x00000000bec00000|  0%| F|  |TAMS 0x00000000beb00000| PB 0x00000000beb00000| Untracked 
|1004|0x00000000bec00000, 0x00000000bec00000, 0x00000000bed00000|  0%| F|  |TAMS 0x00000000bec00000| PB 0x00000000bec00000| Untracked 
|1005|0x00000000bed00000, 0x00000000bed00000, 0x00000000bee00000|  0%| F|  |TAMS 0x00000000bed00000| PB 0x00000000bed00000| Untracked 
|1006|0x00000000bee00000, 0x00000000bee00000, 0x00000000bef00000|  0%| F|  |TAMS 0x00000000bee00000| PB 0x00000000bee00000| Untracked 
|1007|0x00000000bef00000, 0x00000000bef00000, 0x00000000bf000000|  0%| F|  |TAMS 0x00000000bef00000| PB 0x00000000bef00000| Untracked 
|1008|0x00000000bf000000, 0x00000000bf000000, 0x00000000bf100000|  0%| F|  |TAMS 0x00000000bf000000| PB 0x00000000bf000000| Untracked 
|1009|0x00000000bf100000, 0x00000000bf100000, 0x00000000bf200000|  0%| F|  |TAMS 0x00000000bf100000| PB 0x00000000bf100000| Untracked 
|1010|0x00000000bf200000, 0x00000000bf200000, 0x00000000bf300000|  0%| F|  |TAMS 0x00000000bf200000| PB 0x00000000bf200000| Untracked 
|1011|0x00000000bf300000, 0x00000000bf300000, 0x00000000bf400000|  0%| F|  |TAMS 0x00000000bf300000| PB 0x00000000bf300000| Untracked 
|1012|0x00000000bf400000, 0x00000000bf400000, 0x00000000bf500000|  0%| F|  |TAMS 0x00000000bf400000| PB 0x00000000bf400000| Untracked 
|1013|0x00000000bf500000, 0x00000000bf500000, 0x00000000bf600000|  0%| F|  |TAMS 0x00000000bf500000| PB 0x00000000bf500000| Untracked 
|1014|0x00000000bf600000, 0x00000000bf600000, 0x00000000bf700000|  0%| F|  |TAMS 0x00000000bf600000| PB 0x00000000bf600000| Untracked 
|1015|0x00000000bf700000, 0x00000000bf700000, 0x00000000bf800000|  0%| F|  |TAMS 0x00000000bf700000| PB 0x00000000bf700000| Untracked 
|1016|0x00000000bf800000, 0x00000000bf800000, 0x00000000bf900000|  0%| F|  |TAMS 0x00000000bf800000| PB 0x00000000bf800000| Untracked 
|1017|0x00000000bf900000, 0x00000000bf900000, 0x00000000bfa00000|  0%| F|  |TAMS 0x00000000bf900000| PB 0x00000000bf900000| Untracked 
|1018|0x00000000bfa00000, 0x00000000bfa00000, 0x00000000bfb00000|  0%| F|  |TAMS 0x00000000bfa00000| PB 0x00000000bfa00000| Untracked 
|1019|0x00000000bfb00000, 0x00000000bfb00000, 0x00000000bfc00000|  0%| F|  |TAMS 0x00000000bfb00000| PB 0x00000000bfb00000| Untracked 
|1020|0x00000000bfc00000, 0x00000000bfc00000, 0x00000000bfd00000|  0%| F|  |TAMS 0x00000000bfc00000| PB 0x00000000bfc00000| Untracked 
|1021|0x00000000bfd00000, 0x00000000bfd00000, 0x00000000bfe00000|  0%| F|  |TAMS 0x00000000bfd00000| PB 0x00000000bfd00000| Untracked 
|1022|0x00000000bfe00000, 0x00000000bfe00000, 0x00000000bff00000|  0%| F|  |TAMS 0x00000000bfe00000| PB 0x00000000bfe00000| Untracked 
|1023|0x00000000bff00000, 0x00000000bff00000, 0x00000000c0000000|  0%| F|  |TAMS 0x00000000bff00000| PB 0x00000000bff00000| Untracked 
|1024|0x00000000c0000000, 0x00000000c0000000, 0x00000000c0100000|  0%| F|  |TAMS 0x00000000c0000000| PB 0x00000000c0000000| Untracked 
|1025|0x00000000c0100000, 0x00000000c0100000, 0x00000000c0200000|  0%| F|  |TAMS 0x00000000c0100000| PB 0x00000000c0100000| Untracked 
|1026|0x00000000c0200000, 0x00000000c0200000, 0x00000000c0300000|  0%| F|  |TAMS 0x00000000c0200000| PB 0x00000000c0200000| Untracked 
|1027|0x00000000c0300000, 0x00000000c0300000, 0x00000000c0400000|  0%| F|  |TAMS 0x00000000c0300000| PB 0x00000000c0300000| Untracked 
|1028|0x00000000c0400000, 0x00000000c0400000, 0x00000000c0500000|  0%| F|  |TAMS 0x00000000c0400000| PB 0x00000000c0400000| Untracked 
|1029|0x00000000c0500000, 0x00000000c0500000, 0x00000000c0600000|  0%| F|  |TAMS 0x00000000c0500000| PB 0x00000000c0500000| Untracked 
|1030|0x00000000c0600000, 0x00000000c0600000, 0x00000000c0700000|  0%| F|  |TAMS 0x00000000c0600000| PB 0x00000000c0600000| Untracked 
|1031|0x00000000c0700000, 0x00000000c0700000, 0x00000000c0800000|  0%| F|  |TAMS 0x00000000c0700000| PB 0x00000000c0700000| Untracked 
|1032|0x00000000c0800000, 0x00000000c0800000, 0x00000000c0900000|  0%| F|  |TAMS 0x00000000c0800000| PB 0x00000000c0800000| Untracked 
|1033|0x00000000c0900000, 0x00000000c0900000, 0x00000000c0a00000|  0%| F|  |TAMS 0x00000000c0900000| PB 0x00000000c0900000| Untracked 
|1034|0x00000000c0a00000, 0x00000000c0a00000, 0x00000000c0b00000|  0%| F|  |TAMS 0x00000000c0a00000| PB 0x00000000c0a00000| Untracked 
|1035|0x00000000c0b00000, 0x00000000c0b00000, 0x00000000c0c00000|  0%| F|  |TAMS 0x00000000c0b00000| PB 0x00000000c0b00000| Untracked 
|1036|0x00000000c0c00000, 0x00000000c0c00000, 0x00000000c0d00000|  0%| F|  |TAMS 0x00000000c0c00000| PB 0x00000000c0c00000| Untracked 
|1037|0x00000000c0d00000, 0x00000000c0d00000, 0x00000000c0e00000|  0%| F|  |TAMS 0x00000000c0d00000| PB 0x00000000c0d00000| Untracked 
|1038|0x00000000c0e00000, 0x00000000c0e00000, 0x00000000c0f00000|  0%| F|  |TAMS 0x00000000c0e00000| PB 0x00000000c0e00000| Untracked 
|1039|0x00000000c0f00000, 0x00000000c0f00000, 0x00000000c1000000|  0%| F|  |TAMS 0x00000000c0f00000| PB 0x00000000c0f00000| Untracked 
|1040|0x00000000c1000000, 0x00000000c1000000, 0x00000000c1100000|  0%| F|  |TAMS 0x00000000c1000000| PB 0x00000000c1000000| Untracked 
|1041|0x00000000c1100000, 0x00000000c1100000, 0x00000000c1200000|  0%| F|  |TAMS 0x00000000c1100000| PB 0x00000000c1100000| Untracked 
|1042|0x00000000c1200000, 0x00000000c1200000, 0x00000000c1300000|  0%| F|  |TAMS 0x00000000c1200000| PB 0x00000000c1200000| Untracked 
|1043|0x00000000c1300000, 0x00000000c1300000, 0x00000000c1400000|  0%| F|  |TAMS 0x00000000c1300000| PB 0x00000000c1300000| Untracked 
|1044|0x00000000c1400000, 0x00000000c1400000, 0x00000000c1500000|  0%| F|  |TAMS 0x00000000c1400000| PB 0x00000000c1400000| Untracked 
|1045|0x00000000c1500000, 0x00000000c1500000, 0x00000000c1600000|  0%| F|  |TAMS 0x00000000c1500000| PB 0x00000000c1500000| Untracked 
|1046|0x00000000c1600000, 0x00000000c1600000, 0x00000000c1700000|  0%| F|  |TAMS 0x00000000c1600000| PB 0x00000000c1600000| Untracked 
|1047|0x00000000c1700000, 0x00000000c1700000, 0x00000000c1800000|  0%| F|  |TAMS 0x00000000c1700000| PB 0x00000000c1700000| Untracked 
|1048|0x00000000c1800000, 0x00000000c1800000, 0x00000000c1900000|  0%| F|  |TAMS 0x00000000c1800000| PB 0x00000000c1800000| Untracked 
|1049|0x00000000c1900000, 0x00000000c1900000, 0x00000000c1a00000|  0%| F|  |TAMS 0x00000000c1900000| PB 0x00000000c1900000| Untracked 
|1050|0x00000000c1a00000, 0x00000000c1a00000, 0x00000000c1b00000|  0%| F|  |TAMS 0x00000000c1a00000| PB 0x00000000c1a00000| Untracked 
|1051|0x00000000c1b00000, 0x00000000c1b00000, 0x00000000c1c00000|  0%| F|  |TAMS 0x00000000c1b00000| PB 0x00000000c1b00000| Untracked 
|1052|0x00000000c1c00000, 0x00000000c1c00000, 0x00000000c1d00000|  0%| F|  |TAMS 0x00000000c1c00000| PB 0x00000000c1c00000| Untracked 
|1053|0x00000000c1d00000, 0x00000000c1d00000, 0x00000000c1e00000|  0%| F|  |TAMS 0x00000000c1d00000| PB 0x00000000c1d00000| Untracked 
|1054|0x00000000c1e00000, 0x00000000c1e00000, 0x00000000c1f00000|  0%| F|  |TAMS 0x00000000c1e00000| PB 0x00000000c1e00000| Untracked 
|1055|0x00000000c1f00000, 0x00000000c1f00000, 0x00000000c2000000|  0%| F|  |TAMS 0x00000000c1f00000| PB 0x00000000c1f00000| Untracked 
|1056|0x00000000c2000000, 0x00000000c2000000, 0x00000000c2100000|  0%| F|  |TAMS 0x00000000c2000000| PB 0x00000000c2000000| Untracked 
|1057|0x00000000c2100000, 0x00000000c2100000, 0x00000000c2200000|  0%| F|  |TAMS 0x00000000c2100000| PB 0x00000000c2100000| Untracked 
|1058|0x00000000c2200000, 0x00000000c2200000, 0x00000000c2300000|  0%| F|  |TAMS 0x00000000c2200000| PB 0x00000000c2200000| Untracked 
|1059|0x00000000c2300000, 0x00000000c2300000, 0x00000000c2400000|  0%| F|  |TAMS 0x00000000c2300000| PB 0x00000000c2300000| Untracked 
|1060|0x00000000c2400000, 0x00000000c2400000, 0x00000000c2500000|  0%| F|  |TAMS 0x00000000c2400000| PB 0x00000000c2400000| Untracked 
|1061|0x00000000c2500000, 0x00000000c2500000, 0x00000000c2600000|  0%| F|  |TAMS 0x00000000c2500000| PB 0x00000000c2500000| Untracked 
|1062|0x00000000c2600000, 0x00000000c2600000, 0x00000000c2700000|  0%| F|  |TAMS 0x00000000c2600000| PB 0x00000000c2600000| Untracked 
|1063|0x00000000c2700000, 0x00000000c2700000, 0x00000000c2800000|  0%| F|  |TAMS 0x00000000c2700000| PB 0x00000000c2700000| Untracked 
|1064|0x00000000c2800000, 0x00000000c2800000, 0x00000000c2900000|  0%| F|  |TAMS 0x00000000c2800000| PB 0x00000000c2800000| Untracked 
|1065|0x00000000c2900000, 0x00000000c2900000, 0x00000000c2a00000|  0%| F|  |TAMS 0x00000000c2900000| PB 0x00000000c2900000| Untracked 
|1066|0x00000000c2a00000, 0x00000000c2a00000, 0x00000000c2b00000|  0%| F|  |TAMS 0x00000000c2a00000| PB 0x00000000c2a00000| Untracked 
|1067|0x00000000c2b00000, 0x00000000c2b00000, 0x00000000c2c00000|  0%| F|  |TAMS 0x00000000c2b00000| PB 0x00000000c2b00000| Untracked 
|1068|0x00000000c2c00000, 0x00000000c2c00000, 0x00000000c2d00000|  0%| F|  |TAMS 0x00000000c2c00000| PB 0x00000000c2c00000| Untracked 
|1069|0x00000000c2d00000, 0x00000000c2d00000, 0x00000000c2e00000|  0%| F|  |TAMS 0x00000000c2d00000| PB 0x00000000c2d00000| Untracked 
|1070|0x00000000c2e00000, 0x00000000c2e00000, 0x00000000c2f00000|  0%| F|  |TAMS 0x00000000c2e00000| PB 0x00000000c2e00000| Untracked 
|1071|0x00000000c2f00000, 0x00000000c2f00000, 0x00000000c3000000|  0%| F|  |TAMS 0x00000000c2f00000| PB 0x00000000c2f00000| Untracked 
|1072|0x00000000c3000000, 0x00000000c3000000, 0x00000000c3100000|  0%| F|  |TAMS 0x00000000c3000000| PB 0x00000000c3000000| Untracked 
|1073|0x00000000c3100000, 0x00000000c3100000, 0x00000000c3200000|  0%| F|  |TAMS 0x00000000c3100000| PB 0x00000000c3100000| Untracked 
|1074|0x00000000c3200000, 0x00000000c3200000, 0x00000000c3300000|  0%| F|  |TAMS 0x00000000c3200000| PB 0x00000000c3200000| Untracked 
|1075|0x00000000c3300000, 0x00000000c3300000, 0x00000000c3400000|  0%| F|  |TAMS 0x00000000c3300000| PB 0x00000000c3300000| Untracked 
|1076|0x00000000c3400000, 0x00000000c3400000, 0x00000000c3500000|  0%| F|  |TAMS 0x00000000c3400000| PB 0x00000000c3400000| Untracked 
|1077|0x00000000c3500000, 0x00000000c3500000, 0x00000000c3600000|  0%| F|  |TAMS 0x00000000c3500000| PB 0x00000000c3500000| Untracked 
|1078|0x00000000c3600000, 0x00000000c3600000, 0x00000000c3700000|  0%| F|  |TAMS 0x00000000c3600000| PB 0x00000000c3600000| Untracked 
|1079|0x00000000c3700000, 0x00000000c3700000, 0x00000000c3800000|  0%| F|  |TAMS 0x00000000c3700000| PB 0x00000000c3700000| Untracked 
|1080|0x00000000c3800000, 0x00000000c3800000, 0x00000000c3900000|  0%| F|  |TAMS 0x00000000c3800000| PB 0x00000000c3800000| Untracked 
|1081|0x00000000c3900000, 0x00000000c3900000, 0x00000000c3a00000|  0%| F|  |TAMS 0x00000000c3900000| PB 0x00000000c3900000| Untracked 
|1082|0x00000000c3a00000, 0x00000000c3a00000, 0x00000000c3b00000|  0%| F|  |TAMS 0x00000000c3a00000| PB 0x00000000c3a00000| Untracked 
|1083|0x00000000c3b00000, 0x00000000c3b00000, 0x00000000c3c00000|  0%| F|  |TAMS 0x00000000c3b00000| PB 0x00000000c3b00000| Untracked 
|1084|0x00000000c3c00000, 0x00000000c3c00000, 0x00000000c3d00000|  0%| F|  |TAMS 0x00000000c3c00000| PB 0x00000000c3c00000| Untracked 
|1085|0x00000000c3d00000, 0x00000000c3d00000, 0x00000000c3e00000|  0%| F|  |TAMS 0x00000000c3d00000| PB 0x00000000c3d00000| Untracked 
|1086|0x00000000c3e00000, 0x00000000c3e00000, 0x00000000c3f00000|  0%| F|  |TAMS 0x00000000c3e00000| PB 0x00000000c3e00000| Untracked 
|1087|0x00000000c3f00000, 0x00000000c3f00000, 0x00000000c4000000|  0%| F|  |TAMS 0x00000000c3f00000| PB 0x00000000c3f00000| Untracked 
|1088|0x00000000c4000000, 0x00000000c4000000, 0x00000000c4100000|  0%| F|  |TAMS 0x00000000c4000000| PB 0x00000000c4000000| Untracked 
|1089|0x00000000c4100000, 0x00000000c4100000, 0x00000000c4200000|  0%| F|  |TAMS 0x00000000c4100000| PB 0x00000000c4100000| Untracked 
|1090|0x00000000c4200000, 0x00000000c4200000, 0x00000000c4300000|  0%| F|  |TAMS 0x00000000c4200000| PB 0x00000000c4200000| Untracked 
|1091|0x00000000c4300000, 0x00000000c4300000, 0x00000000c4400000|  0%| F|  |TAMS 0x00000000c4300000| PB 0x00000000c4300000| Untracked 
|1092|0x00000000c4400000, 0x00000000c4400000, 0x00000000c4500000|  0%| F|  |TAMS 0x00000000c4400000| PB 0x00000000c4400000| Untracked 
|1093|0x00000000c4500000, 0x00000000c4500000, 0x00000000c4600000|  0%| F|  |TAMS 0x00000000c4500000| PB 0x00000000c4500000| Untracked 
|1094|0x00000000c4600000, 0x00000000c4600000, 0x00000000c4700000|  0%| F|  |TAMS 0x00000000c4600000| PB 0x00000000c4600000| Untracked 
|1095|0x00000000c4700000, 0x00000000c4700000, 0x00000000c4800000|  0%| F|  |TAMS 0x00000000c4700000| PB 0x00000000c4700000| Untracked 
|1096|0x00000000c4800000, 0x00000000c4800000, 0x00000000c4900000|  0%| F|  |TAMS 0x00000000c4800000| PB 0x00000000c4800000| Untracked 
|1097|0x00000000c4900000, 0x00000000c4900000, 0x00000000c4a00000|  0%| F|  |TAMS 0x00000000c4900000| PB 0x00000000c4900000| Untracked 
|1098|0x00000000c4a00000, 0x00000000c4a00000, 0x00000000c4b00000|  0%| F|  |TAMS 0x00000000c4a00000| PB 0x00000000c4a00000| Untracked 
|1099|0x00000000c4b00000, 0x00000000c4b00000, 0x00000000c4c00000|  0%| F|  |TAMS 0x00000000c4b00000| PB 0x00000000c4b00000| Untracked 
|1100|0x00000000c4c00000, 0x00000000c4c00000, 0x00000000c4d00000|  0%| F|  |TAMS 0x00000000c4c00000| PB 0x00000000c4c00000| Untracked 
|1101|0x00000000c4d00000, 0x00000000c4d00000, 0x00000000c4e00000|  0%| F|  |TAMS 0x00000000c4d00000| PB 0x00000000c4d00000| Untracked 
|1102|0x00000000c4e00000, 0x00000000c4e00000, 0x00000000c4f00000|  0%| F|  |TAMS 0x00000000c4e00000| PB 0x00000000c4e00000| Untracked 
|1103|0x00000000c4f00000, 0x00000000c4f00000, 0x00000000c5000000|  0%| F|  |TAMS 0x00000000c4f00000| PB 0x00000000c4f00000| Untracked 
|1104|0x00000000c5000000, 0x00000000c5000000, 0x00000000c5100000|  0%| F|  |TAMS 0x00000000c5000000| PB 0x00000000c5000000| Untracked 
|1105|0x00000000c5100000, 0x00000000c5100000, 0x00000000c5200000|  0%| F|  |TAMS 0x00000000c5100000| PB 0x00000000c5100000| Untracked 
|1106|0x00000000c5200000, 0x00000000c5200000, 0x00000000c5300000|  0%| F|  |TAMS 0x00000000c5200000| PB 0x00000000c5200000| Untracked 
|1107|0x00000000c5300000, 0x00000000c5300000, 0x00000000c5400000|  0%| F|  |TAMS 0x00000000c5300000| PB 0x00000000c5300000| Untracked 
|1108|0x00000000c5400000, 0x00000000c5400000, 0x00000000c5500000|  0%| F|  |TAMS 0x00000000c5400000| PB 0x00000000c5400000| Untracked 
|1109|0x00000000c5500000, 0x00000000c5500000, 0x00000000c5600000|  0%| F|  |TAMS 0x00000000c5500000| PB 0x00000000c5500000| Untracked 
|1110|0x00000000c5600000, 0x00000000c5600000, 0x00000000c5700000|  0%| F|  |TAMS 0x00000000c5600000| PB 0x00000000c5600000| Untracked 
|1111|0x00000000c5700000, 0x00000000c5700000, 0x00000000c5800000|  0%| F|  |TAMS 0x00000000c5700000| PB 0x00000000c5700000| Untracked 
|1112|0x00000000c5800000, 0x00000000c5800000, 0x00000000c5900000|  0%| F|  |TAMS 0x00000000c5800000| PB 0x00000000c5800000| Untracked 
|1113|0x00000000c5900000, 0x00000000c5900000, 0x00000000c5a00000|  0%| F|  |TAMS 0x00000000c5900000| PB 0x00000000c5900000| Untracked 
|1114|0x00000000c5a00000, 0x00000000c5a00000, 0x00000000c5b00000|  0%| F|  |TAMS 0x00000000c5a00000| PB 0x00000000c5a00000| Untracked 
|1115|0x00000000c5b00000, 0x00000000c5b00000, 0x00000000c5c00000|  0%| F|  |TAMS 0x00000000c5b00000| PB 0x00000000c5b00000| Untracked 
|1116|0x00000000c5c00000, 0x00000000c5c00000, 0x00000000c5d00000|  0%| F|  |TAMS 0x00000000c5c00000| PB 0x00000000c5c00000| Untracked 
|1117|0x00000000c5d00000, 0x00000000c5d00000, 0x00000000c5e00000|  0%| F|  |TAMS 0x00000000c5d00000| PB 0x00000000c5d00000| Untracked 
|1118|0x00000000c5e00000, 0x00000000c5e00000, 0x00000000c5f00000|  0%| F|  |TAMS 0x00000000c5e00000| PB 0x00000000c5e00000| Untracked 
|1119|0x00000000c5f00000, 0x00000000c5f00000, 0x00000000c6000000|  0%| F|  |TAMS 0x00000000c5f00000| PB 0x00000000c5f00000| Untracked 
|1120|0x00000000c6000000, 0x00000000c6000000, 0x00000000c6100000|  0%| F|  |TAMS 0x00000000c6000000| PB 0x00000000c6000000| Untracked 
|1121|0x00000000c6100000, 0x00000000c6100000, 0x00000000c6200000|  0%| F|  |TAMS 0x00000000c6100000| PB 0x00000000c6100000| Untracked 
|1122|0x00000000c6200000, 0x00000000c6200000, 0x00000000c6300000|  0%| F|  |TAMS 0x00000000c6200000| PB 0x00000000c6200000| Untracked 
|1123|0x00000000c6300000, 0x00000000c6300000, 0x00000000c6400000|  0%| F|  |TAMS 0x00000000c6300000| PB 0x00000000c6300000| Untracked 
|1124|0x00000000c6400000, 0x00000000c6400000, 0x00000000c6500000|  0%| F|  |TAMS 0x00000000c6400000| PB 0x00000000c6400000| Untracked 
|1125|0x00000000c6500000, 0x00000000c6500000, 0x00000000c6600000|  0%| F|  |TAMS 0x00000000c6500000| PB 0x00000000c6500000| Untracked 
|1126|0x00000000c6600000, 0x00000000c6600000, 0x00000000c6700000|  0%| F|  |TAMS 0x00000000c6600000| PB 0x00000000c6600000| Untracked 
|1127|0x00000000c6700000, 0x00000000c6700000, 0x00000000c6800000|  0%| F|  |TAMS 0x00000000c6700000| PB 0x00000000c6700000| Untracked 
|1128|0x00000000c6800000, 0x00000000c6800000, 0x00000000c6900000|  0%| F|  |TAMS 0x00000000c6800000| PB 0x00000000c6800000| Untracked 
|1129|0x00000000c6900000, 0x00000000c6900000, 0x00000000c6a00000|  0%| F|  |TAMS 0x00000000c6900000| PB 0x00000000c6900000| Untracked 
|1130|0x00000000c6a00000, 0x00000000c6a00000, 0x00000000c6b00000|  0%| F|  |TAMS 0x00000000c6a00000| PB 0x00000000c6a00000| Untracked 
|1131|0x00000000c6b00000, 0x00000000c6b00000, 0x00000000c6c00000|  0%| F|  |TAMS 0x00000000c6b00000| PB 0x00000000c6b00000| Untracked 
|1132|0x00000000c6c00000, 0x00000000c6c00000, 0x00000000c6d00000|  0%| F|  |TAMS 0x00000000c6c00000| PB 0x00000000c6c00000| Untracked 
|1133|0x00000000c6d00000, 0x00000000c6d00000, 0x00000000c6e00000|  0%| F|  |TAMS 0x00000000c6d00000| PB 0x00000000c6d00000| Untracked 
|1134|0x00000000c6e00000, 0x00000000c6e00000, 0x00000000c6f00000|  0%| F|  |TAMS 0x00000000c6e00000| PB 0x00000000c6e00000| Untracked 
|1135|0x00000000c6f00000, 0x00000000c6f00000, 0x00000000c7000000|  0%| F|  |TAMS 0x00000000c6f00000| PB 0x00000000c6f00000| Untracked 
|1136|0x00000000c7000000, 0x00000000c7000000, 0x00000000c7100000|  0%| F|  |TAMS 0x00000000c7000000| PB 0x00000000c7000000| Untracked 
|1137|0x00000000c7100000, 0x00000000c7100000, 0x00000000c7200000|  0%| F|  |TAMS 0x00000000c7100000| PB 0x00000000c7100000| Untracked 
|1138|0x00000000c7200000, 0x00000000c7200000, 0x00000000c7300000|  0%| F|  |TAMS 0x00000000c7200000| PB 0x00000000c7200000| Untracked 
|1139|0x00000000c7300000, 0x00000000c7300000, 0x00000000c7400000|  0%| F|  |TAMS 0x00000000c7300000| PB 0x00000000c7300000| Untracked 
|1140|0x00000000c7400000, 0x00000000c7400000, 0x00000000c7500000|  0%| F|  |TAMS 0x00000000c7400000| PB 0x00000000c7400000| Untracked 
|1141|0x00000000c7500000, 0x00000000c7500000, 0x00000000c7600000|  0%| F|  |TAMS 0x00000000c7500000| PB 0x00000000c7500000| Untracked 
|1142|0x00000000c7600000, 0x00000000c7600000, 0x00000000c7700000|  0%| F|  |TAMS 0x00000000c7600000| PB 0x00000000c7600000| Untracked 
|1143|0x00000000c7700000, 0x00000000c7700000, 0x00000000c7800000|  0%| F|  |TAMS 0x00000000c7700000| PB 0x00000000c7700000| Untracked 
|1144|0x00000000c7800000, 0x00000000c7800000, 0x00000000c7900000|  0%| F|  |TAMS 0x00000000c7800000| PB 0x00000000c7800000| Untracked 
|1145|0x00000000c7900000, 0x00000000c7900000, 0x00000000c7a00000|  0%| F|  |TAMS 0x00000000c7900000| PB 0x00000000c7900000| Untracked 
|1146|0x00000000c7a00000, 0x00000000c7a00000, 0x00000000c7b00000|  0%| F|  |TAMS 0x00000000c7a00000| PB 0x00000000c7a00000| Untracked 
|1147|0x00000000c7b00000, 0x00000000c7b00000, 0x00000000c7c00000|  0%| F|  |TAMS 0x00000000c7b00000| PB 0x00000000c7b00000| Untracked 
|1148|0x00000000c7c00000, 0x00000000c7c00000, 0x00000000c7d00000|  0%| F|  |TAMS 0x00000000c7c00000| PB 0x00000000c7c00000| Untracked 
|1149|0x00000000c7d00000, 0x00000000c7d00000, 0x00000000c7e00000|  0%| F|  |TAMS 0x00000000c7d00000| PB 0x00000000c7d00000| Untracked 
|1150|0x00000000c7e00000, 0x00000000c7e00000, 0x00000000c7f00000|  0%| F|  |TAMS 0x00000000c7e00000| PB 0x00000000c7e00000| Untracked 
|1151|0x00000000c7f00000, 0x00000000c7f00000, 0x00000000c8000000|  0%| F|  |TAMS 0x00000000c7f00000| PB 0x00000000c7f00000| Untracked 
|1152|0x00000000c8000000, 0x00000000c8000000, 0x00000000c8100000|  0%| F|  |TAMS 0x00000000c8000000| PB 0x00000000c8000000| Untracked 
|1153|0x00000000c8100000, 0x00000000c8100000, 0x00000000c8200000|  0%| F|  |TAMS 0x00000000c8100000| PB 0x00000000c8100000| Untracked 
|1154|0x00000000c8200000, 0x00000000c8200000, 0x00000000c8300000|  0%| F|  |TAMS 0x00000000c8200000| PB 0x00000000c8200000| Untracked 
|1155|0x00000000c8300000, 0x00000000c8300000, 0x00000000c8400000|  0%| F|  |TAMS 0x00000000c8300000| PB 0x00000000c8300000| Untracked 
|1156|0x00000000c8400000, 0x00000000c8400000, 0x00000000c8500000|  0%| F|  |TAMS 0x00000000c8400000| PB 0x00000000c8400000| Untracked 
|1157|0x00000000c8500000, 0x00000000c8500000, 0x00000000c8600000|  0%| F|  |TAMS 0x00000000c8500000| PB 0x00000000c8500000| Untracked 
|1158|0x00000000c8600000, 0x00000000c8600000, 0x00000000c8700000|  0%| F|  |TAMS 0x00000000c8600000| PB 0x00000000c8600000| Untracked 
|1159|0x00000000c8700000, 0x00000000c8700000, 0x00000000c8800000|  0%| F|  |TAMS 0x00000000c8700000| PB 0x00000000c8700000| Untracked 
|1160|0x00000000c8800000, 0x00000000c8800000, 0x00000000c8900000|  0%| F|  |TAMS 0x00000000c8800000| PB 0x00000000c8800000| Untracked 
|1161|0x00000000c8900000, 0x00000000c8900000, 0x00000000c8a00000|  0%| F|  |TAMS 0x00000000c8900000| PB 0x00000000c8900000| Untracked 
|1162|0x00000000c8a00000, 0x00000000c8a00000, 0x00000000c8b00000|  0%| F|  |TAMS 0x00000000c8a00000| PB 0x00000000c8a00000| Untracked 
|1163|0x00000000c8b00000, 0x00000000c8b00000, 0x00000000c8c00000|  0%| F|  |TAMS 0x00000000c8b00000| PB 0x00000000c8b00000| Untracked 
|1164|0x00000000c8c00000, 0x00000000c8c00000, 0x00000000c8d00000|  0%| F|  |TAMS 0x00000000c8c00000| PB 0x00000000c8c00000| Untracked 
|1165|0x00000000c8d00000, 0x00000000c8d00000, 0x00000000c8e00000|  0%| F|  |TAMS 0x00000000c8d00000| PB 0x00000000c8d00000| Untracked 
|1166|0x00000000c8e00000, 0x00000000c8e00000, 0x00000000c8f00000|  0%| F|  |TAMS 0x00000000c8e00000| PB 0x00000000c8e00000| Untracked 
|1167|0x00000000c8f00000, 0x00000000c8f00000, 0x00000000c9000000|  0%| F|  |TAMS 0x00000000c8f00000| PB 0x00000000c8f00000| Untracked 
|1168|0x00000000c9000000, 0x00000000c9000000, 0x00000000c9100000|  0%| F|  |TAMS 0x00000000c9000000| PB 0x00000000c9000000| Untracked 
|1169|0x00000000c9100000, 0x00000000c9100000, 0x00000000c9200000|  0%| F|  |TAMS 0x00000000c9100000| PB 0x00000000c9100000| Untracked 
|1170|0x00000000c9200000, 0x00000000c9200000, 0x00000000c9300000|  0%| F|  |TAMS 0x00000000c9200000| PB 0x00000000c9200000| Untracked 
|1171|0x00000000c9300000, 0x00000000c9300000, 0x00000000c9400000|  0%| F|  |TAMS 0x00000000c9300000| PB 0x00000000c9300000| Untracked 
|1172|0x00000000c9400000, 0x00000000c9400000, 0x00000000c9500000|  0%| F|  |TAMS 0x00000000c9400000| PB 0x00000000c9400000| Untracked 
|1173|0x00000000c9500000, 0x00000000c9500000, 0x00000000c9600000|  0%| F|  |TAMS 0x00000000c9500000| PB 0x00000000c9500000| Untracked 
|1174|0x00000000c9600000, 0x00000000c9600000, 0x00000000c9700000|  0%| F|  |TAMS 0x00000000c9600000| PB 0x00000000c9600000| Untracked 
|1175|0x00000000c9700000, 0x00000000c9700000, 0x00000000c9800000|  0%| F|  |TAMS 0x00000000c9700000| PB 0x00000000c9700000| Untracked 
|1176|0x00000000c9800000, 0x00000000c9800000, 0x00000000c9900000|  0%| F|  |TAMS 0x00000000c9800000| PB 0x00000000c9800000| Untracked 
|1177|0x00000000c9900000, 0x00000000c9900000, 0x00000000c9a00000|  0%| F|  |TAMS 0x00000000c9900000| PB 0x00000000c9900000| Untracked 
|1178|0x00000000c9a00000, 0x00000000c9a00000, 0x00000000c9b00000|  0%| F|  |TAMS 0x00000000c9a00000| PB 0x00000000c9a00000| Untracked 
|1179|0x00000000c9b00000, 0x00000000c9b00000, 0x00000000c9c00000|  0%| F|  |TAMS 0x00000000c9b00000| PB 0x00000000c9b00000| Untracked 
|1180|0x00000000c9c00000, 0x00000000c9c00000, 0x00000000c9d00000|  0%| F|  |TAMS 0x00000000c9c00000| PB 0x00000000c9c00000| Untracked 
|1181|0x00000000c9d00000, 0x00000000c9d00000, 0x00000000c9e00000|  0%| F|  |TAMS 0x00000000c9d00000| PB 0x00000000c9d00000| Untracked 
|1182|0x00000000c9e00000, 0x00000000c9e00000, 0x00000000c9f00000|  0%| F|  |TAMS 0x00000000c9e00000| PB 0x00000000c9e00000| Untracked 
|1183|0x00000000c9f00000, 0x00000000c9f00000, 0x00000000ca000000|  0%| F|  |TAMS 0x00000000c9f00000| PB 0x00000000c9f00000| Untracked 
|1184|0x00000000ca000000, 0x00000000ca000000, 0x00000000ca100000|  0%| F|  |TAMS 0x00000000ca000000| PB 0x00000000ca000000| Untracked 
|1185|0x00000000ca100000, 0x00000000ca100000, 0x00000000ca200000|  0%| F|  |TAMS 0x00000000ca100000| PB 0x00000000ca100000| Untracked 
|1186|0x00000000ca200000, 0x00000000ca200000, 0x00000000ca300000|  0%| F|  |TAMS 0x00000000ca200000| PB 0x00000000ca200000| Untracked 
|1187|0x00000000ca300000, 0x00000000ca300000, 0x00000000ca400000|  0%| F|  |TAMS 0x00000000ca300000| PB 0x00000000ca300000| Untracked 
|1188|0x00000000ca400000, 0x00000000ca400000, 0x00000000ca500000|  0%| F|  |TAMS 0x00000000ca400000| PB 0x00000000ca400000| Untracked 
|1189|0x00000000ca500000, 0x00000000ca500000, 0x00000000ca600000|  0%| F|  |TAMS 0x00000000ca500000| PB 0x00000000ca500000| Untracked 
|1190|0x00000000ca600000, 0x00000000ca600000, 0x00000000ca700000|  0%| F|  |TAMS 0x00000000ca600000| PB 0x00000000ca600000| Untracked 
|1191|0x00000000ca700000, 0x00000000ca700000, 0x00000000ca800000|  0%| F|  |TAMS 0x00000000ca700000| PB 0x00000000ca700000| Untracked 
|1192|0x00000000ca800000, 0x00000000ca800000, 0x00000000ca900000|  0%| F|  |TAMS 0x00000000ca800000| PB 0x00000000ca800000| Untracked 
|1193|0x00000000ca900000, 0x00000000ca900000, 0x00000000caa00000|  0%| F|  |TAMS 0x00000000ca900000| PB 0x00000000ca900000| Untracked 
|1194|0x00000000caa00000, 0x00000000caa00000, 0x00000000cab00000|  0%| F|  |TAMS 0x00000000caa00000| PB 0x00000000caa00000| Untracked 
|1195|0x00000000cab00000, 0x00000000cab00000, 0x00000000cac00000|  0%| F|  |TAMS 0x00000000cab00000| PB 0x00000000cab00000| Untracked 
|1196|0x00000000cac00000, 0x00000000cac00000, 0x00000000cad00000|  0%| F|  |TAMS 0x00000000cac00000| PB 0x00000000cac00000| Untracked 
|1197|0x00000000cad00000, 0x00000000cad00000, 0x00000000cae00000|  0%| F|  |TAMS 0x00000000cad00000| PB 0x00000000cad00000| Untracked 
|1198|0x00000000cae00000, 0x00000000cae00000, 0x00000000caf00000|  0%| F|  |TAMS 0x00000000cae00000| PB 0x00000000cae00000| Untracked 
|1199|0x00000000caf00000, 0x00000000caf00000, 0x00000000cb000000|  0%| F|  |TAMS 0x00000000caf00000| PB 0x00000000caf00000| Untracked 
|1200|0x00000000cb000000, 0x00000000cb000000, 0x00000000cb100000|  0%| F|  |TAMS 0x00000000cb000000| PB 0x00000000cb000000| Untracked 
|1201|0x00000000cb100000, 0x00000000cb100000, 0x00000000cb200000|  0%| F|  |TAMS 0x00000000cb100000| PB 0x00000000cb100000| Untracked 
|1202|0x00000000cb200000, 0x00000000cb200000, 0x00000000cb300000|  0%| F|  |TAMS 0x00000000cb200000| PB 0x00000000cb200000| Untracked 
|1203|0x00000000cb300000, 0x00000000cb300000, 0x00000000cb400000|  0%| F|  |TAMS 0x00000000cb300000| PB 0x00000000cb300000| Untracked 
|1204|0x00000000cb400000, 0x00000000cb400000, 0x00000000cb500000|  0%| F|  |TAMS 0x00000000cb400000| PB 0x00000000cb400000| Untracked 
|1205|0x00000000cb500000, 0x00000000cb500000, 0x00000000cb600000|  0%| F|  |TAMS 0x00000000cb500000| PB 0x00000000cb500000| Untracked 
|1206|0x00000000cb600000, 0x00000000cb600000, 0x00000000cb700000|  0%| F|  |TAMS 0x00000000cb600000| PB 0x00000000cb600000| Untracked 
|1207|0x00000000cb700000, 0x00000000cb700000, 0x00000000cb800000|  0%| F|  |TAMS 0x00000000cb700000| PB 0x00000000cb700000| Untracked 
|1208|0x00000000cb800000, 0x00000000cb800000, 0x00000000cb900000|  0%| F|  |TAMS 0x00000000cb800000| PB 0x00000000cb800000| Untracked 
|1209|0x00000000cb900000, 0x00000000cb900000, 0x00000000cba00000|  0%| F|  |TAMS 0x00000000cb900000| PB 0x00000000cb900000| Untracked 
|1210|0x00000000cba00000, 0x00000000cba00000, 0x00000000cbb00000|  0%| F|  |TAMS 0x00000000cba00000| PB 0x00000000cba00000| Untracked 
|1211|0x00000000cbb00000, 0x00000000cbb00000, 0x00000000cbc00000|  0%| F|  |TAMS 0x00000000cbb00000| PB 0x00000000cbb00000| Untracked 
|1212|0x00000000cbc00000, 0x00000000cbc00000, 0x00000000cbd00000|  0%| F|  |TAMS 0x00000000cbc00000| PB 0x00000000cbc00000| Untracked 
|1213|0x00000000cbd00000, 0x00000000cbd00000, 0x00000000cbe00000|  0%| F|  |TAMS 0x00000000cbd00000| PB 0x00000000cbd00000| Untracked 
|1214|0x00000000cbe00000, 0x00000000cbe00000, 0x00000000cbf00000|  0%| F|  |TAMS 0x00000000cbe00000| PB 0x00000000cbe00000| Untracked 
|1215|0x00000000cbf00000, 0x00000000cbf00000, 0x00000000cc000000|  0%| F|  |TAMS 0x00000000cbf00000| PB 0x00000000cbf00000| Untracked 
|1216|0x00000000cc000000, 0x00000000cc000000, 0x00000000cc100000|  0%| F|  |TAMS 0x00000000cc000000| PB 0x00000000cc000000| Untracked 
|1217|0x00000000cc100000, 0x00000000cc100000, 0x00000000cc200000|  0%| F|  |TAMS 0x00000000cc100000| PB 0x00000000cc100000| Untracked 
|1218|0x00000000cc200000, 0x00000000cc200000, 0x00000000cc300000|  0%| F|  |TAMS 0x00000000cc200000| PB 0x00000000cc200000| Untracked 
|1219|0x00000000cc300000, 0x00000000cc300000, 0x00000000cc400000|  0%| F|  |TAMS 0x00000000cc300000| PB 0x00000000cc300000| Untracked 
|1220|0x00000000cc400000, 0x00000000cc400000, 0x00000000cc500000|  0%| F|  |TAMS 0x00000000cc400000| PB 0x00000000cc400000| Untracked 
|1221|0x00000000cc500000, 0x00000000cc500000, 0x00000000cc600000|  0%| F|  |TAMS 0x00000000cc500000| PB 0x00000000cc500000| Untracked 
|1222|0x00000000cc600000, 0x00000000cc600000, 0x00000000cc700000|  0%| F|  |TAMS 0x00000000cc600000| PB 0x00000000cc600000| Untracked 
|1223|0x00000000cc700000, 0x00000000cc700000, 0x00000000cc800000|  0%| F|  |TAMS 0x00000000cc700000| PB 0x00000000cc700000| Untracked 
|1224|0x00000000cc800000, 0x00000000cc800000, 0x00000000cc900000|  0%| F|  |TAMS 0x00000000cc800000| PB 0x00000000cc800000| Untracked 
|1225|0x00000000cc900000, 0x00000000cc900000, 0x00000000cca00000|  0%| F|  |TAMS 0x00000000cc900000| PB 0x00000000cc900000| Untracked 
|1226|0x00000000cca00000, 0x00000000cca00000, 0x00000000ccb00000|  0%| F|  |TAMS 0x00000000cca00000| PB 0x00000000cca00000| Untracked 
|1227|0x00000000ccb00000, 0x00000000ccb00000, 0x00000000ccc00000|  0%| F|  |TAMS 0x00000000ccb00000| PB 0x00000000ccb00000| Untracked 
|1228|0x00000000ccc00000, 0x00000000ccc00000, 0x00000000ccd00000|  0%| F|  |TAMS 0x00000000ccc00000| PB 0x00000000ccc00000| Untracked 
|1229|0x00000000ccd00000, 0x00000000ccd00000, 0x00000000cce00000|  0%| F|  |TAMS 0x00000000ccd00000| PB 0x00000000ccd00000| Untracked 
|1230|0x00000000cce00000, 0x00000000cce00000, 0x00000000ccf00000|  0%| F|  |TAMS 0x00000000cce00000| PB 0x00000000cce00000| Untracked 
|1231|0x00000000ccf00000, 0x00000000ccf00000, 0x00000000cd000000|  0%| F|  |TAMS 0x00000000ccf00000| PB 0x00000000ccf00000| Untracked 
|1232|0x00000000cd000000, 0x00000000cd000000, 0x00000000cd100000|  0%| F|  |TAMS 0x00000000cd000000| PB 0x00000000cd000000| Untracked 
|1233|0x00000000cd100000, 0x00000000cd100000, 0x00000000cd200000|  0%| F|  |TAMS 0x00000000cd100000| PB 0x00000000cd100000| Untracked 
|1234|0x00000000cd200000, 0x00000000cd200000, 0x00000000cd300000|  0%| F|  |TAMS 0x00000000cd200000| PB 0x00000000cd200000| Untracked 
|1235|0x00000000cd300000, 0x00000000cd300000, 0x00000000cd400000|  0%| F|  |TAMS 0x00000000cd300000| PB 0x00000000cd300000| Untracked 
|1236|0x00000000cd400000, 0x00000000cd400000, 0x00000000cd500000|  0%| F|  |TAMS 0x00000000cd400000| PB 0x00000000cd400000| Untracked 
|1237|0x00000000cd500000, 0x00000000cd500000, 0x00000000cd600000|  0%| F|  |TAMS 0x00000000cd500000| PB 0x00000000cd500000| Untracked 
|1238|0x00000000cd600000, 0x00000000cd600000, 0x00000000cd700000|  0%| F|  |TAMS 0x00000000cd600000| PB 0x00000000cd600000| Untracked 
|1239|0x00000000cd700000, 0x00000000cd700000, 0x00000000cd800000|  0%| F|  |TAMS 0x00000000cd700000| PB 0x00000000cd700000| Untracked 
|1240|0x00000000cd800000, 0x00000000cd800000, 0x00000000cd900000|  0%| F|  |TAMS 0x00000000cd800000| PB 0x00000000cd800000| Untracked 
|1241|0x00000000cd900000, 0x00000000cd900000, 0x00000000cda00000|  0%| F|  |TAMS 0x00000000cd900000| PB 0x00000000cd900000| Untracked 
|1242|0x00000000cda00000, 0x00000000cda00000, 0x00000000cdb00000|  0%| F|  |TAMS 0x00000000cda00000| PB 0x00000000cda00000| Untracked 
|1243|0x00000000cdb00000, 0x00000000cdb00000, 0x00000000cdc00000|  0%| F|  |TAMS 0x00000000cdb00000| PB 0x00000000cdb00000| Untracked 
|1244|0x00000000cdc00000, 0x00000000cdc00000, 0x00000000cdd00000|  0%| F|  |TAMS 0x00000000cdc00000| PB 0x00000000cdc00000| Untracked 
|1245|0x00000000cdd00000, 0x00000000cdd00000, 0x00000000cde00000|  0%| F|  |TAMS 0x00000000cdd00000| PB 0x00000000cdd00000| Untracked 
|1246|0x00000000cde00000, 0x00000000cde00000, 0x00000000cdf00000|  0%| F|  |TAMS 0x00000000cde00000| PB 0x00000000cde00000| Untracked 
|1247|0x00000000cdf00000, 0x00000000cdf00000, 0x00000000ce000000|  0%| F|  |TAMS 0x00000000cdf00000| PB 0x00000000cdf00000| Untracked 
|1248|0x00000000ce000000, 0x00000000ce000000, 0x00000000ce100000|  0%| F|  |TAMS 0x00000000ce000000| PB 0x00000000ce000000| Untracked 
|1249|0x00000000ce100000, 0x00000000ce100000, 0x00000000ce200000|  0%| F|  |TAMS 0x00000000ce100000| PB 0x00000000ce100000| Untracked 
|1250|0x00000000ce200000, 0x00000000ce200000, 0x00000000ce300000|  0%| F|  |TAMS 0x00000000ce200000| PB 0x00000000ce200000| Untracked 
|1251|0x00000000ce300000, 0x00000000ce300000, 0x00000000ce400000|  0%| F|  |TAMS 0x00000000ce300000| PB 0x00000000ce300000| Untracked 
|1252|0x00000000ce400000, 0x00000000ce400000, 0x00000000ce500000|  0%| F|  |TAMS 0x00000000ce400000| PB 0x00000000ce400000| Untracked 
|1253|0x00000000ce500000, 0x00000000ce500000, 0x00000000ce600000|  0%| F|  |TAMS 0x00000000ce500000| PB 0x00000000ce500000| Untracked 
|1254|0x00000000ce600000, 0x00000000ce600000, 0x00000000ce700000|  0%| F|  |TAMS 0x00000000ce600000| PB 0x00000000ce600000| Untracked 
|1255|0x00000000ce700000, 0x00000000ce700000, 0x00000000ce800000|  0%| F|  |TAMS 0x00000000ce700000| PB 0x00000000ce700000| Untracked 
|1256|0x00000000ce800000, 0x00000000ce800000, 0x00000000ce900000|  0%| F|  |TAMS 0x00000000ce800000| PB 0x00000000ce800000| Untracked 
|1257|0x00000000ce900000, 0x00000000ce900000, 0x00000000cea00000|  0%| F|  |TAMS 0x00000000ce900000| PB 0x00000000ce900000| Untracked 
|1258|0x00000000cea00000, 0x00000000cea00000, 0x00000000ceb00000|  0%| F|  |TAMS 0x00000000cea00000| PB 0x00000000cea00000| Untracked 
|1259|0x00000000ceb00000, 0x00000000ceb00000, 0x00000000cec00000|  0%| F|  |TAMS 0x00000000ceb00000| PB 0x00000000ceb00000| Untracked 
|1260|0x00000000cec00000, 0x00000000cec00000, 0x00000000ced00000|  0%| F|  |TAMS 0x00000000cec00000| PB 0x00000000cec00000| Untracked 
|1261|0x00000000ced00000, 0x00000000ced00000, 0x00000000cee00000|  0%| F|  |TAMS 0x00000000ced00000| PB 0x00000000ced00000| Untracked 
|1262|0x00000000cee00000, 0x00000000cee00000, 0x00000000cef00000|  0%| F|  |TAMS 0x00000000cee00000| PB 0x00000000cee00000| Untracked 
|1263|0x00000000cef00000, 0x00000000cef00000, 0x00000000cf000000|  0%| F|  |TAMS 0x00000000cef00000| PB 0x00000000cef00000| Untracked 
|1264|0x00000000cf000000, 0x00000000cf000000, 0x00000000cf100000|  0%| F|  |TAMS 0x00000000cf000000| PB 0x00000000cf000000| Untracked 
|1265|0x00000000cf100000, 0x00000000cf100000, 0x00000000cf200000|  0%| F|  |TAMS 0x00000000cf100000| PB 0x00000000cf100000| Untracked 
|1266|0x00000000cf200000, 0x00000000cf200000, 0x00000000cf300000|  0%| F|  |TAMS 0x00000000cf200000| PB 0x00000000cf200000| Untracked 
|1267|0x00000000cf300000, 0x00000000cf300000, 0x00000000cf400000|  0%| F|  |TAMS 0x00000000cf300000| PB 0x00000000cf300000| Untracked 
|1268|0x00000000cf400000, 0x00000000cf400000, 0x00000000cf500000|  0%| F|  |TAMS 0x00000000cf400000| PB 0x00000000cf400000| Untracked 
|1269|0x00000000cf500000, 0x00000000cf500000, 0x00000000cf600000|  0%| F|  |TAMS 0x00000000cf500000| PB 0x00000000cf500000| Untracked 
|1270|0x00000000cf600000, 0x00000000cf600000, 0x00000000cf700000|  0%| F|  |TAMS 0x00000000cf600000| PB 0x00000000cf600000| Untracked 
|1271|0x00000000cf700000, 0x00000000cf700000, 0x00000000cf800000|  0%| F|  |TAMS 0x00000000cf700000| PB 0x00000000cf700000| Untracked 
|1272|0x00000000cf800000, 0x00000000cf800000, 0x00000000cf900000|  0%| F|  |TAMS 0x00000000cf800000| PB 0x00000000cf800000| Untracked 
|1273|0x00000000cf900000, 0x00000000cf900000, 0x00000000cfa00000|  0%| F|  |TAMS 0x00000000cf900000| PB 0x00000000cf900000| Untracked 
|1274|0x00000000cfa00000, 0x00000000cfa00000, 0x00000000cfb00000|  0%| F|  |TAMS 0x00000000cfa00000| PB 0x00000000cfa00000| Untracked 
|1275|0x00000000cfb00000, 0x00000000cfb00000, 0x00000000cfc00000|  0%| F|  |TAMS 0x00000000cfb00000| PB 0x00000000cfb00000| Untracked 
|1276|0x00000000cfc00000, 0x00000000cfc00000, 0x00000000cfd00000|  0%| F|  |TAMS 0x00000000cfc00000| PB 0x00000000cfc00000| Untracked 
|1277|0x00000000cfd00000, 0x00000000cfd00000, 0x00000000cfe00000|  0%| F|  |TAMS 0x00000000cfd00000| PB 0x00000000cfd00000| Untracked 
|1278|0x00000000cfe00000, 0x00000000cfe00000, 0x00000000cff00000|  0%| F|  |TAMS 0x00000000cfe00000| PB 0x00000000cfe00000| Untracked 
|1279|0x00000000cff00000, 0x00000000cff00000, 0x00000000d0000000|  0%| F|  |TAMS 0x00000000cff00000| PB 0x00000000cff00000| Untracked 
|1280|0x00000000d0000000, 0x00000000d0000000, 0x00000000d0100000|  0%| F|  |TAMS 0x00000000d0000000| PB 0x00000000d0000000| Untracked 
|1281|0x00000000d0100000, 0x00000000d0100000, 0x00000000d0200000|  0%| F|  |TAMS 0x00000000d0100000| PB 0x00000000d0100000| Untracked 
|1282|0x00000000d0200000, 0x00000000d0200000, 0x00000000d0300000|  0%| F|  |TAMS 0x00000000d0200000| PB 0x00000000d0200000| Untracked 
|1283|0x00000000d0300000, 0x00000000d0300000, 0x00000000d0400000|  0%| F|  |TAMS 0x00000000d0300000| PB 0x00000000d0300000| Untracked 
|1284|0x00000000d0400000, 0x00000000d0400000, 0x00000000d0500000|  0%| F|  |TAMS 0x00000000d0400000| PB 0x00000000d0400000| Untracked 
|1285|0x00000000d0500000, 0x00000000d0500000, 0x00000000d0600000|  0%| F|  |TAMS 0x00000000d0500000| PB 0x00000000d0500000| Untracked 
|1286|0x00000000d0600000, 0x00000000d0600000, 0x00000000d0700000|  0%| F|  |TAMS 0x00000000d0600000| PB 0x00000000d0600000| Untracked 
|1287|0x00000000d0700000, 0x00000000d0700000, 0x00000000d0800000|  0%| F|  |TAMS 0x00000000d0700000| PB 0x00000000d0700000| Untracked 
|1288|0x00000000d0800000, 0x00000000d0800000, 0x00000000d0900000|  0%| F|  |TAMS 0x00000000d0800000| PB 0x00000000d0800000| Untracked 
|1289|0x00000000d0900000, 0x00000000d0900000, 0x00000000d0a00000|  0%| F|  |TAMS 0x00000000d0900000| PB 0x00000000d0900000| Untracked 
|1290|0x00000000d0a00000, 0x00000000d0a00000, 0x00000000d0b00000|  0%| F|  |TAMS 0x00000000d0a00000| PB 0x00000000d0a00000| Untracked 
|1291|0x00000000d0b00000, 0x00000000d0b00000, 0x00000000d0c00000|  0%| F|  |TAMS 0x00000000d0b00000| PB 0x00000000d0b00000| Untracked 
|1292|0x00000000d0c00000, 0x00000000d0c00000, 0x00000000d0d00000|  0%| F|  |TAMS 0x00000000d0c00000| PB 0x00000000d0c00000| Untracked 
|1293|0x00000000d0d00000, 0x00000000d0d00000, 0x00000000d0e00000|  0%| F|  |TAMS 0x00000000d0d00000| PB 0x00000000d0d00000| Untracked 
|1294|0x00000000d0e00000, 0x00000000d0e00000, 0x00000000d0f00000|  0%| F|  |TAMS 0x00000000d0e00000| PB 0x00000000d0e00000| Untracked 
|1295|0x00000000d0f00000, 0x00000000d0f00000, 0x00000000d1000000|  0%| F|  |TAMS 0x00000000d0f00000| PB 0x00000000d0f00000| Untracked 
|1296|0x00000000d1000000, 0x00000000d1000000, 0x00000000d1100000|  0%| F|  |TAMS 0x00000000d1000000| PB 0x00000000d1000000| Untracked 
|1297|0x00000000d1100000, 0x00000000d1100000, 0x00000000d1200000|  0%| F|  |TAMS 0x00000000d1100000| PB 0x00000000d1100000| Untracked 
|1298|0x00000000d1200000, 0x00000000d1200000, 0x00000000d1300000|  0%| F|  |TAMS 0x00000000d1200000| PB 0x00000000d1200000| Untracked 
|1299|0x00000000d1300000, 0x00000000d1300000, 0x00000000d1400000|  0%| F|  |TAMS 0x00000000d1300000| PB 0x00000000d1300000| Untracked 
|1300|0x00000000d1400000, 0x00000000d1400000, 0x00000000d1500000|  0%| F|  |TAMS 0x00000000d1400000| PB 0x00000000d1400000| Untracked 
|1301|0x00000000d1500000, 0x00000000d1500000, 0x00000000d1600000|  0%| F|  |TAMS 0x00000000d1500000| PB 0x00000000d1500000| Untracked 
|1302|0x00000000d1600000, 0x00000000d1600000, 0x00000000d1700000|  0%| F|  |TAMS 0x00000000d1600000| PB 0x00000000d1600000| Untracked 
|1303|0x00000000d1700000, 0x00000000d1700000, 0x00000000d1800000|  0%| F|  |TAMS 0x00000000d1700000| PB 0x00000000d1700000| Untracked 
|1304|0x00000000d1800000, 0x00000000d1800000, 0x00000000d1900000|  0%| F|  |TAMS 0x00000000d1800000| PB 0x00000000d1800000| Untracked 
|1305|0x00000000d1900000, 0x00000000d1900000, 0x00000000d1a00000|  0%| F|  |TAMS 0x00000000d1900000| PB 0x00000000d1900000| Untracked 
|1306|0x00000000d1a00000, 0x00000000d1a00000, 0x00000000d1b00000|  0%| F|  |TAMS 0x00000000d1a00000| PB 0x00000000d1a00000| Untracked 
|1307|0x00000000d1b00000, 0x00000000d1b00000, 0x00000000d1c00000|  0%| F|  |TAMS 0x00000000d1b00000| PB 0x00000000d1b00000| Untracked 
|1308|0x00000000d1c00000, 0x00000000d1c00000, 0x00000000d1d00000|  0%| F|  |TAMS 0x00000000d1c00000| PB 0x00000000d1c00000| Untracked 
|1309|0x00000000d1d00000, 0x00000000d1d00000, 0x00000000d1e00000|  0%| F|  |TAMS 0x00000000d1d00000| PB 0x00000000d1d00000| Untracked 
|1310|0x00000000d1e00000, 0x00000000d1e00000, 0x00000000d1f00000|  0%| F|  |TAMS 0x00000000d1e00000| PB 0x00000000d1e00000| Untracked 
|1311|0x00000000d1f00000, 0x00000000d1f00000, 0x00000000d2000000|  0%| F|  |TAMS 0x00000000d1f00000| PB 0x00000000d1f00000| Untracked 
|1312|0x00000000d2000000, 0x00000000d2000000, 0x00000000d2100000|  0%| F|  |TAMS 0x00000000d2000000| PB 0x00000000d2000000| Untracked 
|1313|0x00000000d2100000, 0x00000000d2100000, 0x00000000d2200000|  0%| F|  |TAMS 0x00000000d2100000| PB 0x00000000d2100000| Untracked 
|1314|0x00000000d2200000, 0x00000000d2200000, 0x00000000d2300000|  0%| F|  |TAMS 0x00000000d2200000| PB 0x00000000d2200000| Untracked 
|1315|0x00000000d2300000, 0x00000000d2300000, 0x00000000d2400000|  0%| F|  |TAMS 0x00000000d2300000| PB 0x00000000d2300000| Untracked 
|1316|0x00000000d2400000, 0x00000000d2400000, 0x00000000d2500000|  0%| F|  |TAMS 0x00000000d2400000| PB 0x00000000d2400000| Untracked 
|1317|0x00000000d2500000, 0x00000000d2500000, 0x00000000d2600000|  0%| F|  |TAMS 0x00000000d2500000| PB 0x00000000d2500000| Untracked 
|1318|0x00000000d2600000, 0x00000000d2600000, 0x00000000d2700000|  0%| F|  |TAMS 0x00000000d2600000| PB 0x00000000d2600000| Untracked 
|1319|0x00000000d2700000, 0x00000000d2700000, 0x00000000d2800000|  0%| F|  |TAMS 0x00000000d2700000| PB 0x00000000d2700000| Untracked 
|1320|0x00000000d2800000, 0x00000000d2800000, 0x00000000d2900000|  0%| F|  |TAMS 0x00000000d2800000| PB 0x00000000d2800000| Untracked 
|1321|0x00000000d2900000, 0x00000000d2900000, 0x00000000d2a00000|  0%| F|  |TAMS 0x00000000d2900000| PB 0x00000000d2900000| Untracked 
|1322|0x00000000d2a00000, 0x00000000d2a00000, 0x00000000d2b00000|  0%| F|  |TAMS 0x00000000d2a00000| PB 0x00000000d2a00000| Untracked 
|1323|0x00000000d2b00000, 0x00000000d2b00000, 0x00000000d2c00000|  0%| F|  |TAMS 0x00000000d2b00000| PB 0x00000000d2b00000| Untracked 
|1324|0x00000000d2c00000, 0x00000000d2c00000, 0x00000000d2d00000|  0%| F|  |TAMS 0x00000000d2c00000| PB 0x00000000d2c00000| Untracked 
|1325|0x00000000d2d00000, 0x00000000d2d00000, 0x00000000d2e00000|  0%| F|  |TAMS 0x00000000d2d00000| PB 0x00000000d2d00000| Untracked 
|1326|0x00000000d2e00000, 0x00000000d2e00000, 0x00000000d2f00000|  0%| F|  |TAMS 0x00000000d2e00000| PB 0x00000000d2e00000| Untracked 
|1327|0x00000000d2f00000, 0x00000000d2f00000, 0x00000000d3000000|  0%| F|  |TAMS 0x00000000d2f00000| PB 0x00000000d2f00000| Untracked 
|1328|0x00000000d3000000, 0x00000000d3000000, 0x00000000d3100000|  0%| F|  |TAMS 0x00000000d3000000| PB 0x00000000d3000000| Untracked 
|1329|0x00000000d3100000, 0x00000000d3100000, 0x00000000d3200000|  0%| F|  |TAMS 0x00000000d3100000| PB 0x00000000d3100000| Untracked 
|1330|0x00000000d3200000, 0x00000000d3200000, 0x00000000d3300000|  0%| F|  |TAMS 0x00000000d3200000| PB 0x00000000d3200000| Untracked 
|1331|0x00000000d3300000, 0x00000000d3300000, 0x00000000d3400000|  0%| F|  |TAMS 0x00000000d3300000| PB 0x00000000d3300000| Untracked 
|1332|0x00000000d3400000, 0x00000000d3400000, 0x00000000d3500000|  0%| F|  |TAMS 0x00000000d3400000| PB 0x00000000d3400000| Untracked 
|1333|0x00000000d3500000, 0x00000000d3500000, 0x00000000d3600000|  0%| F|  |TAMS 0x00000000d3500000| PB 0x00000000d3500000| Untracked 
|1334|0x00000000d3600000, 0x00000000d3600000, 0x00000000d3700000|  0%| F|  |TAMS 0x00000000d3600000| PB 0x00000000d3600000| Untracked 
|1335|0x00000000d3700000, 0x00000000d3700000, 0x00000000d3800000|  0%| F|  |TAMS 0x00000000d3700000| PB 0x00000000d3700000| Untracked 
|1336|0x00000000d3800000, 0x00000000d3800000, 0x00000000d3900000|  0%| F|  |TAMS 0x00000000d3800000| PB 0x00000000d3800000| Untracked 
|1337|0x00000000d3900000, 0x00000000d3900000, 0x00000000d3a00000|  0%| F|  |TAMS 0x00000000d3900000| PB 0x00000000d3900000| Untracked 
|1338|0x00000000d3a00000, 0x00000000d3a00000, 0x00000000d3b00000|  0%| F|  |TAMS 0x00000000d3a00000| PB 0x00000000d3a00000| Untracked 
|1339|0x00000000d3b00000, 0x00000000d3b00000, 0x00000000d3c00000|  0%| F|  |TAMS 0x00000000d3b00000| PB 0x00000000d3b00000| Untracked 
|1340|0x00000000d3c00000, 0x00000000d3c00000, 0x00000000d3d00000|  0%| F|  |TAMS 0x00000000d3c00000| PB 0x00000000d3c00000| Untracked 
|1341|0x00000000d3d00000, 0x00000000d3d00000, 0x00000000d3e00000|  0%| F|  |TAMS 0x00000000d3d00000| PB 0x00000000d3d00000| Untracked 
|1342|0x00000000d3e00000, 0x00000000d3e00000, 0x00000000d3f00000|  0%| F|  |TAMS 0x00000000d3e00000| PB 0x00000000d3e00000| Untracked 
|1343|0x00000000d3f00000, 0x00000000d3f00000, 0x00000000d4000000|  0%| F|  |TAMS 0x00000000d3f00000| PB 0x00000000d3f00000| Untracked 
|1344|0x00000000d4000000, 0x00000000d4000000, 0x00000000d4100000|  0%| F|  |TAMS 0x00000000d4000000| PB 0x00000000d4000000| Untracked 
|1345|0x00000000d4100000, 0x00000000d4100000, 0x00000000d4200000|  0%| F|  |TAMS 0x00000000d4100000| PB 0x00000000d4100000| Untracked 
|1346|0x00000000d4200000, 0x00000000d4200000, 0x00000000d4300000|  0%| F|  |TAMS 0x00000000d4200000| PB 0x00000000d4200000| Untracked 
|1347|0x00000000d4300000, 0x00000000d4300000, 0x00000000d4400000|  0%| F|  |TAMS 0x00000000d4300000| PB 0x00000000d4300000| Untracked 
|1348|0x00000000d4400000, 0x00000000d4400000, 0x00000000d4500000|  0%| F|  |TAMS 0x00000000d4400000| PB 0x00000000d4400000| Untracked 
|1349|0x00000000d4500000, 0x00000000d4500000, 0x00000000d4600000|  0%| F|  |TAMS 0x00000000d4500000| PB 0x00000000d4500000| Untracked 
|1350|0x00000000d4600000, 0x00000000d4600000, 0x00000000d4700000|  0%| F|  |TAMS 0x00000000d4600000| PB 0x00000000d4600000| Untracked 
|1351|0x00000000d4700000, 0x00000000d4700000, 0x00000000d4800000|  0%| F|  |TAMS 0x00000000d4700000| PB 0x00000000d4700000| Untracked 
|1352|0x00000000d4800000, 0x00000000d4800000, 0x00000000d4900000|  0%| F|  |TAMS 0x00000000d4800000| PB 0x00000000d4800000| Untracked 
|1353|0x00000000d4900000, 0x00000000d4900000, 0x00000000d4a00000|  0%| F|  |TAMS 0x00000000d4900000| PB 0x00000000d4900000| Untracked 
|1354|0x00000000d4a00000, 0x00000000d4a00000, 0x00000000d4b00000|  0%| F|  |TAMS 0x00000000d4a00000| PB 0x00000000d4a00000| Untracked 
|1355|0x00000000d4b00000, 0x00000000d4b00000, 0x00000000d4c00000|  0%| F|  |TAMS 0x00000000d4b00000| PB 0x00000000d4b00000| Untracked 
|1356|0x00000000d4c00000, 0x00000000d4c00000, 0x00000000d4d00000|  0%| F|  |TAMS 0x00000000d4c00000| PB 0x00000000d4c00000| Untracked 
|1357|0x00000000d4d00000, 0x00000000d4d00000, 0x00000000d4e00000|  0%| F|  |TAMS 0x00000000d4d00000| PB 0x00000000d4d00000| Untracked 
|1358|0x00000000d4e00000, 0x00000000d4e00000, 0x00000000d4f00000|  0%| F|  |TAMS 0x00000000d4e00000| PB 0x00000000d4e00000| Untracked 
|1359|0x00000000d4f00000, 0x00000000d4f00000, 0x00000000d5000000|  0%| F|  |TAMS 0x00000000d4f00000| PB 0x00000000d4f00000| Untracked 
|1360|0x00000000d5000000, 0x00000000d5000000, 0x00000000d5100000|  0%| F|  |TAMS 0x00000000d5000000| PB 0x00000000d5000000| Untracked 
|1361|0x00000000d5100000, 0x00000000d5100000, 0x00000000d5200000|  0%| F|  |TAMS 0x00000000d5100000| PB 0x00000000d5100000| Untracked 
|1362|0x00000000d5200000, 0x00000000d5200000, 0x00000000d5300000|  0%| F|  |TAMS 0x00000000d5200000| PB 0x00000000d5200000| Untracked 
|1363|0x00000000d5300000, 0x00000000d5300000, 0x00000000d5400000|  0%| F|  |TAMS 0x00000000d5300000| PB 0x00000000d5300000| Untracked 
|1364|0x00000000d5400000, 0x00000000d5400000, 0x00000000d5500000|  0%| F|  |TAMS 0x00000000d5400000| PB 0x00000000d5400000| Untracked 
|1365|0x00000000d5500000, 0x00000000d5500000, 0x00000000d5600000|  0%| F|  |TAMS 0x00000000d5500000| PB 0x00000000d5500000| Untracked 
|1366|0x00000000d5600000, 0x00000000d5600000, 0x00000000d5700000|  0%| F|  |TAMS 0x00000000d5600000| PB 0x00000000d5600000| Untracked 
|1367|0x00000000d5700000, 0x00000000d5700000, 0x00000000d5800000|  0%| F|  |TAMS 0x00000000d5700000| PB 0x00000000d5700000| Untracked 
|1368|0x00000000d5800000, 0x00000000d5800000, 0x00000000d5900000|  0%| F|  |TAMS 0x00000000d5800000| PB 0x00000000d5800000| Untracked 
|1369|0x00000000d5900000, 0x00000000d5900000, 0x00000000d5a00000|  0%| F|  |TAMS 0x00000000d5900000| PB 0x00000000d5900000| Untracked 
|1370|0x00000000d5a00000, 0x00000000d5a00000, 0x00000000d5b00000|  0%| F|  |TAMS 0x00000000d5a00000| PB 0x00000000d5a00000| Untracked 
|1371|0x00000000d5b00000, 0x00000000d5b00000, 0x00000000d5c00000|  0%| F|  |TAMS 0x00000000d5b00000| PB 0x00000000d5b00000| Untracked 
|1372|0x00000000d5c00000, 0x00000000d5c00000, 0x00000000d5d00000|  0%| F|  |TAMS 0x00000000d5c00000| PB 0x00000000d5c00000| Untracked 
|1373|0x00000000d5d00000, 0x00000000d5d00000, 0x00000000d5e00000|  0%| F|  |TAMS 0x00000000d5d00000| PB 0x00000000d5d00000| Untracked 
|1374|0x00000000d5e00000, 0x00000000d5e00000, 0x00000000d5f00000|  0%| F|  |TAMS 0x00000000d5e00000| PB 0x00000000d5e00000| Untracked 
|1375|0x00000000d5f00000, 0x00000000d5f00000, 0x00000000d6000000|  0%| F|  |TAMS 0x00000000d5f00000| PB 0x00000000d5f00000| Untracked 
|1376|0x00000000d6000000, 0x00000000d6000000, 0x00000000d6100000|  0%| F|  |TAMS 0x00000000d6000000| PB 0x00000000d6000000| Untracked 
|1377|0x00000000d6100000, 0x00000000d6100000, 0x00000000d6200000|  0%| F|  |TAMS 0x00000000d6100000| PB 0x00000000d6100000| Untracked 
|1378|0x00000000d6200000, 0x00000000d6200000, 0x00000000d6300000|  0%| F|  |TAMS 0x00000000d6200000| PB 0x00000000d6200000| Untracked 
|1379|0x00000000d6300000, 0x00000000d6380000, 0x00000000d6400000| 50%| E|  |TAMS 0x00000000d6300000| PB 0x00000000d6300000| Complete 
|1380|0x00000000d6400000, 0x00000000d6500000, 0x00000000d6500000|100%| E|CS|TAMS 0x00000000d6400000| PB 0x00000000d6400000| Complete 
|1381|0x00000000d6500000, 0x00000000d6600000, 0x00000000d6600000|100%| E|CS|TAMS 0x00000000d6500000| PB 0x00000000d6500000| Complete 
|1382|0x00000000d6600000, 0x00000000d6700000, 0x00000000d6700000|100%| E|CS|TAMS 0x00000000d6600000| PB 0x00000000d6600000| Complete 
|1383|0x00000000d6700000, 0x00000000d6800000, 0x00000000d6800000|100%| E|CS|TAMS 0x00000000d6700000| PB 0x00000000d6700000| Complete 
|1384|0x00000000d6800000, 0x00000000d6900000, 0x00000000d6900000|100%| E|CS|TAMS 0x00000000d6800000| PB 0x00000000d6800000| Complete 
|1385|0x00000000d6900000, 0x00000000d6a00000, 0x00000000d6a00000|100%| E|CS|TAMS 0x00000000d6900000| PB 0x00000000d6900000| Complete 
|1386|0x00000000d6a00000, 0x00000000d6b00000, 0x00000000d6b00000|100%| E|CS|TAMS 0x00000000d6a00000| PB 0x00000000d6a00000| Complete 
|1387|0x00000000d6b00000, 0x00000000d6c00000, 0x00000000d6c00000|100%| E|CS|TAMS 0x00000000d6b00000| PB 0x00000000d6b00000| Complete 
|1388|0x00000000d6c00000, 0x00000000d6d00000, 0x00000000d6d00000|100%| E|CS|TAMS 0x00000000d6c00000| PB 0x00000000d6c00000| Complete 
|1389|0x00000000d6d00000, 0x00000000d6e00000, 0x00000000d6e00000|100%| E|CS|TAMS 0x00000000d6d00000| PB 0x00000000d6d00000| Complete 
|1390|0x00000000d6e00000, 0x00000000d6f00000, 0x00000000d6f00000|100%| E|CS|TAMS 0x00000000d6e00000| PB 0x00000000d6e00000| Complete 
|1391|0x00000000d6f00000, 0x00000000d7000000, 0x00000000d7000000|100%| E|CS|TAMS 0x00000000d6f00000| PB 0x00000000d6f00000| Complete 
|1392|0x00000000d7000000, 0x00000000d7100000, 0x00000000d7100000|100%| E|CS|TAMS 0x00000000d7000000| PB 0x00000000d7000000| Complete 
|1393|0x00000000d7100000, 0x00000000d7200000, 0x00000000d7200000|100%| E|CS|TAMS 0x00000000d7100000| PB 0x00000000d7100000| Complete 
|1394|0x00000000d7200000, 0x00000000d7300000, 0x00000000d7300000|100%| E|CS|TAMS 0x00000000d7200000| PB 0x00000000d7200000| Complete 
|1395|0x00000000d7300000, 0x00000000d7400000, 0x00000000d7400000|100%| E|CS|TAMS 0x00000000d7300000| PB 0x00000000d7300000| Complete 
|1396|0x00000000d7400000, 0x00000000d7500000, 0x00000000d7500000|100%| E|CS|TAMS 0x00000000d7400000| PB 0x00000000d7400000| Complete 
|1397|0x00000000d7500000, 0x00000000d7600000, 0x00000000d7600000|100%| E|CS|TAMS 0x00000000d7500000| PB 0x00000000d7500000| Complete 
|1398|0x00000000d7600000, 0x00000000d7700000, 0x00000000d7700000|100%| E|CS|TAMS 0x00000000d7600000| PB 0x00000000d7600000| Complete 
|1399|0x00000000d7700000, 0x00000000d7800000, 0x00000000d7800000|100%| E|CS|TAMS 0x00000000d7700000| PB 0x00000000d7700000| Complete 
|1400|0x00000000d7800000, 0x00000000d7900000, 0x00000000d7900000|100%| E|CS|TAMS 0x00000000d7800000| PB 0x00000000d7800000| Complete 
|1401|0x00000000d7900000, 0x00000000d7a00000, 0x00000000d7a00000|100%| E|CS|TAMS 0x00000000d7900000| PB 0x00000000d7900000| Complete 
|1402|0x00000000d7a00000, 0x00000000d7b00000, 0x00000000d7b00000|100%| E|CS|TAMS 0x00000000d7a00000| PB 0x00000000d7a00000| Complete 
|1403|0x00000000d7b00000, 0x00000000d7c00000, 0x00000000d7c00000|100%| E|CS|TAMS 0x00000000d7b00000| PB 0x00000000d7b00000| Complete 
|1404|0x00000000d7c00000, 0x00000000d7d00000, 0x00000000d7d00000|100%| E|CS|TAMS 0x00000000d7c00000| PB 0x00000000d7c00000| Complete 
|1405|0x00000000d7d00000, 0x00000000d7e00000, 0x00000000d7e00000|100%| E|CS|TAMS 0x00000000d7d00000| PB 0x00000000d7d00000| Complete 
|1406|0x00000000d7e00000, 0x00000000d7f00000, 0x00000000d7f00000|100%| E|CS|TAMS 0x00000000d7e00000| PB 0x00000000d7e00000| Complete 
|1407|0x00000000d7f00000, 0x00000000d8000000, 0x00000000d8000000|100%| E|CS|TAMS 0x00000000d7f00000| PB 0x00000000d7f00000| Complete 
|1408|0x00000000d8000000, 0x00000000d8100000, 0x00000000d8100000|100%| E|CS|TAMS 0x00000000d8000000| PB 0x00000000d8000000| Complete 
|1409|0x00000000d8100000, 0x00000000d8200000, 0x00000000d8200000|100%| E|CS|TAMS 0x00000000d8100000| PB 0x00000000d8100000| Complete 
|1410|0x00000000d8200000, 0x00000000d8300000, 0x00000000d8300000|100%| E|CS|TAMS 0x00000000d8200000| PB 0x00000000d8200000| Complete 
|1411|0x00000000d8300000, 0x00000000d8400000, 0x00000000d8400000|100%| E|CS|TAMS 0x00000000d8300000| PB 0x00000000d8300000| Complete 
|1412|0x00000000d8400000, 0x00000000d8500000, 0x00000000d8500000|100%| E|CS|TAMS 0x00000000d8400000| PB 0x00000000d8400000| Complete 
|1413|0x00000000d8500000, 0x00000000d8600000, 0x00000000d8600000|100%| E|CS|TAMS 0x00000000d8500000| PB 0x00000000d8500000| Complete 
|1414|0x00000000d8600000, 0x00000000d8700000, 0x00000000d8700000|100%| E|CS|TAMS 0x00000000d8600000| PB 0x00000000d8600000| Complete 
|1415|0x00000000d8700000, 0x00000000d8800000, 0x00000000d8800000|100%| E|CS|TAMS 0x00000000d8700000| PB 0x00000000d8700000| Complete 
|1416|0x00000000d8800000, 0x00000000d8900000, 0x00000000d8900000|100%| E|CS|TAMS 0x00000000d8800000| PB 0x00000000d8800000| Complete 
|1417|0x00000000d8900000, 0x00000000d8a00000, 0x00000000d8a00000|100%| E|CS|TAMS 0x00000000d8900000| PB 0x00000000d8900000| Complete 
|1418|0x00000000d8a00000, 0x00000000d8b00000, 0x00000000d8b00000|100%| E|CS|TAMS 0x00000000d8a00000| PB 0x00000000d8a00000| Complete 
|1419|0x00000000d8b00000, 0x00000000d8c00000, 0x00000000d8c00000|100%| E|CS|TAMS 0x00000000d8b00000| PB 0x00000000d8b00000| Complete 
|1420|0x00000000d8c00000, 0x00000000d8d00000, 0x00000000d8d00000|100%| E|CS|TAMS 0x00000000d8c00000| PB 0x00000000d8c00000| Complete 
|1421|0x00000000d8d00000, 0x00000000d8e00000, 0x00000000d8e00000|100%| E|CS|TAMS 0x00000000d8d00000| PB 0x00000000d8d00000| Complete 
|1422|0x00000000d8e00000, 0x00000000d8f00000, 0x00000000d8f00000|100%| E|CS|TAMS 0x00000000d8e00000| PB 0x00000000d8e00000| Complete 
|1423|0x00000000d8f00000, 0x00000000d9000000, 0x00000000d9000000|100%| E|CS|TAMS 0x00000000d8f00000| PB 0x00000000d8f00000| Complete 
|1424|0x00000000d9000000, 0x00000000d9100000, 0x00000000d9100000|100%| E|CS|TAMS 0x00000000d9000000| PB 0x00000000d9000000| Complete 
|1425|0x00000000d9100000, 0x00000000d9200000, 0x00000000d9200000|100%| E|CS|TAMS 0x00000000d9100000| PB 0x00000000d9100000| Complete 
|1426|0x00000000d9200000, 0x00000000d9300000, 0x00000000d9300000|100%| E|CS|TAMS 0x00000000d9200000| PB 0x00000000d9200000| Complete 
|1427|0x00000000d9300000, 0x00000000d9400000, 0x00000000d9400000|100%| E|CS|TAMS 0x00000000d9300000| PB 0x00000000d9300000| Complete 
|1428|0x00000000d9400000, 0x00000000d9500000, 0x00000000d9500000|100%| E|CS|TAMS 0x00000000d9400000| PB 0x00000000d9400000| Complete 
|1429|0x00000000d9500000, 0x00000000d9600000, 0x00000000d9600000|100%| E|CS|TAMS 0x00000000d9500000| PB 0x00000000d9500000| Complete 
|1430|0x00000000d9600000, 0x00000000d9700000, 0x00000000d9700000|100%| E|CS|TAMS 0x00000000d9600000| PB 0x00000000d9600000| Complete 
|1995|0x00000000fcb00000, 0x00000000fcc00000, 0x00000000fcc00000|100%| E|CS|TAMS 0x00000000fcb00000| PB 0x00000000fcb00000| Complete 
|1996|0x00000000fcc00000, 0x00000000fcd00000, 0x00000000fcd00000|100%| E|CS|TAMS 0x00000000fcc00000| PB 0x00000000fcc00000| Complete 
|1997|0x00000000fcd00000, 0x00000000fce00000, 0x00000000fce00000|100%| E|CS|TAMS 0x00000000fcd00000| PB 0x00000000fcd00000| Complete 
|1998|0x00000000fce00000, 0x00000000fcf00000, 0x00000000fcf00000|100%| E|CS|TAMS 0x00000000fce00000| PB 0x00000000fce00000| Complete 
|1999|0x00000000fcf00000, 0x00000000fd000000, 0x00000000fd000000|100%| E|CS|TAMS 0x00000000fcf00000| PB 0x00000000fcf00000| Complete 
|2000|0x00000000fd000000, 0x00000000fd100000, 0x00000000fd100000|100%| E|CS|TAMS 0x00000000fd000000| PB 0x00000000fd000000| Complete 
|2001|0x00000000fd100000, 0x00000000fd200000, 0x00000000fd200000|100%| E|CS|TAMS 0x00000000fd100000| PB 0x00000000fd100000| Complete 
|2002|0x00000000fd200000, 0x00000000fd300000, 0x00000000fd300000|100%| E|CS|TAMS 0x00000000fd200000| PB 0x00000000fd200000| Complete 
|2003|0x00000000fd300000, 0x00000000fd400000, 0x00000000fd400000|100%| E|CS|TAMS 0x00000000fd300000| PB 0x00000000fd300000| Complete 
|2004|0x00000000fd400000, 0x00000000fd500000, 0x00000000fd500000|100%| E|CS|TAMS 0x00000000fd400000| PB 0x00000000fd400000| Complete 
|2005|0x00000000fd500000, 0x00000000fd600000, 0x00000000fd600000|100%| E|CS|TAMS 0x00000000fd500000| PB 0x00000000fd500000| Complete 
|2006|0x00000000fd600000, 0x00000000fd700000, 0x00000000fd700000|100%| E|CS|TAMS 0x00000000fd600000| PB 0x00000000fd600000| Complete 
|2007|0x00000000fd700000, 0x00000000fd800000, 0x00000000fd800000|100%| E|CS|TAMS 0x00000000fd700000| PB 0x00000000fd700000| Complete 
|2008|0x00000000fd800000, 0x00000000fd900000, 0x00000000fd900000|100%| E|CS|TAMS 0x00000000fd800000| PB 0x00000000fd800000| Complete 
|2009|0x00000000fd900000, 0x00000000fda00000, 0x00000000fda00000|100%| O|  |TAMS 0x00000000fd900000| PB 0x00000000fd900000| Untracked 
|2010|0x00000000fda00000, 0x00000000fdb00000, 0x00000000fdb00000|100%| E|CS|TAMS 0x00000000fda00000| PB 0x00000000fda00000| Complete 
|2011|0x00000000fdb00000, 0x00000000fdc00000, 0x00000000fdc00000|100%| E|CS|TAMS 0x00000000fdb00000| PB 0x00000000fdb00000| Complete 
|2012|0x00000000fdc00000, 0x00000000fdd00000, 0x00000000fdd00000|100%| E|CS|TAMS 0x00000000fdc00000| PB 0x00000000fdc00000| Complete 
|2013|0x00000000fdd00000, 0x00000000fde00000, 0x00000000fde00000|100%| E|CS|TAMS 0x00000000fdd00000| PB 0x00000000fdd00000| Complete 
|2014|0x00000000fde00000, 0x00000000fdf00000, 0x00000000fdf00000|100%| E|CS|TAMS 0x00000000fde00000| PB 0x00000000fde00000| Complete 
|2015|0x00000000fdf00000, 0x00000000fe000000, 0x00000000fe000000|100%| E|CS|TAMS 0x00000000fdf00000| PB 0x00000000fdf00000| Complete 
|2016|0x00000000fe000000, 0x00000000fe100000, 0x00000000fe100000|100%| E|CS|TAMS 0x00000000fe000000| PB 0x00000000fe000000| Complete 
|2017|0x00000000fe100000, 0x00000000fe200000, 0x00000000fe200000|100%| E|CS|TAMS 0x00000000fe100000| PB 0x00000000fe100000| Complete 
|2018|0x00000000fe200000, 0x00000000fe300000, 0x00000000fe300000|100%| E|CS|TAMS 0x00000000fe200000| PB 0x00000000fe200000| Complete 
|2019|0x00000000fe300000, 0x00000000fe400000, 0x00000000fe400000|100%| E|CS|TAMS 0x00000000fe300000| PB 0x00000000fe300000| Complete 
|2020|0x00000000fe400000, 0x00000000fe500000, 0x00000000fe500000|100%| E|CS|TAMS 0x00000000fe400000| PB 0x00000000fe400000| Complete 
|2021|0x00000000fe500000, 0x00000000fe600000, 0x00000000fe600000|100%| E|CS|TAMS 0x00000000fe500000| PB 0x00000000fe500000| Complete 
|2022|0x00000000fe600000, 0x00000000fe700000, 0x00000000fe700000|100%| E|CS|TAMS 0x00000000fe600000| PB 0x00000000fe600000| Complete 
|2023|0x00000000fe700000, 0x00000000fe800000, 0x00000000fe800000|100%| E|CS|TAMS 0x00000000fe700000| PB 0x00000000fe700000| Complete 
|2024|0x00000000fe800000, 0x00000000fe900000, 0x00000000fe900000|100%| E|CS|TAMS 0x00000000fe800000| PB 0x00000000fe800000| Complete 
|2025|0x00000000fe900000, 0x00000000fea00000, 0x00000000fea00000|100%| E|CS|TAMS 0x00000000fe900000| PB 0x00000000fe900000| Complete 
|2026|0x00000000fea00000, 0x00000000feb00000, 0x00000000feb00000|100%| E|CS|TAMS 0x00000000fea00000| PB 0x00000000fea00000| Complete 
|2027|0x00000000feb00000, 0x00000000fec00000, 0x00000000fec00000|100%| E|CS|TAMS 0x00000000feb00000| PB 0x00000000feb00000| Complete 
|2028|0x00000000fec00000, 0x00000000fed00000, 0x00000000fed00000|100%| E|CS|TAMS 0x00000000fec00000| PB 0x00000000fec00000| Complete 
|2029|0x00000000fed00000, 0x00000000fee00000, 0x00000000fee00000|100%| E|CS|TAMS 0x00000000fed00000| PB 0x00000000fed00000| Complete 
|2030|0x00000000fee00000, 0x00000000fef00000, 0x00000000fef00000|100%| E|CS|TAMS 0x00000000fee00000| PB 0x00000000fee00000| Complete 
|2031|0x00000000fef00000, 0x00000000ff000000, 0x00000000ff000000|100%| E|CS|TAMS 0x00000000fef00000| PB 0x00000000fef00000| Complete 
|2032|0x00000000ff000000, 0x00000000ff100000, 0x00000000ff100000|100%| E|CS|TAMS 0x00000000ff000000| PB 0x00000000ff000000| Complete 
|2033|0x00000000ff100000, 0x00000000ff200000, 0x00000000ff200000|100%| E|CS|TAMS 0x00000000ff100000| PB 0x00000000ff100000| Complete 
|2034|0x00000000ff200000, 0x00000000ff300000, 0x00000000ff300000|100%| E|CS|TAMS 0x00000000ff200000| PB 0x00000000ff200000| Complete 
|2035|0x00000000ff300000, 0x00000000ff400000, 0x00000000ff400000|100%| O|  |TAMS 0x00000000ff300000| PB 0x00000000ff300000| Untracked 
|2036|0x00000000ff400000, 0x00000000ff500000, 0x00000000ff500000|100%| O|  |TAMS 0x00000000ff400000| PB 0x00000000ff400000| Untracked 
|2037|0x00000000ff500000, 0x00000000ff600000, 0x00000000ff600000|100%| E|CS|TAMS 0x00000000ff500000| PB 0x00000000ff500000| Complete 
|2038|0x00000000ff600000, 0x00000000ff700000, 0x00000000ff700000|100%| E|CS|TAMS 0x00000000ff600000| PB 0x00000000ff600000| Complete 
|2039|0x00000000ff700000, 0x00000000ff800000, 0x00000000ff800000|100%| E|  |TAMS 0x00000000ff700000| PB 0x00000000ff700000| Complete 
|2040|0x00000000ff800000, 0x00000000ff900000, 0x00000000ff900000|100%| O|  |TAMS 0x00000000ff800000| PB 0x00000000ff800000| Untracked 
|2041|0x00000000ff900000, 0x00000000ffa00000, 0x00000000ffa00000|100%| E|CS|TAMS 0x00000000ff900000| PB 0x00000000ff900000| Complete 
|2042|0x00000000ffa00000, 0x00000000ffb00000, 0x00000000ffb00000|100%| O|  |TAMS 0x00000000ffa00000| PB 0x00000000ffa00000| Untracked 
|2043|0x00000000ffb00000, 0x00000000ffc00000, 0x00000000ffc00000|100%| E|CS|TAMS 0x00000000ffb00000| PB 0x00000000ffb00000| Complete 
|2044|0x00000000ffc00000, 0x00000000ffd00000, 0x00000000ffd00000|100%| O|  |TAMS 0x00000000ffc00000| PB 0x00000000ffc00000| Untracked 
|2045|0x00000000ffd00000, 0x00000000ffe00000, 0x00000000ffe00000|100%| O|  |TAMS 0x00000000ffd00000| PB 0x00000000ffd00000| Untracked 
|2046|0x00000000ffe00000, 0x00000000fff00000, 0x00000000fff00000|100%| O|  |TAMS 0x00000000ffe00000| PB 0x00000000ffe00000| Untracked 
|2047|0x00000000fff00000, 0x0000000100000000, 0x0000000100000000|100%| O|  |TAMS 0x00000000fff00000| PB 0x00000000fff00000| Untracked 

Card table byte_map: [0x000001857e560000,0x000001857e960000] _byte_map_base: 0x000001857e160000

Marking Bits: (CMBitMap*) 0x000001856bb07fe0
 Bits: [0x0000018500000000, 0x0000018502000000)

Polling page: 0x0000018569a70000

Metaspace:

Usage:
  Non-class:    219.69 MB used.
      Class:     32.83 MB used.
       Both:    252.52 MB used.

Virtual space:
  Non-class space:      256.00 MB reserved,     221.19 MB ( 86%) committed,  4 nodes.
      Class space:        1.00 GB reserved,      34.31 MB (  3%) committed,  1 nodes.
             Both:        1.25 GB reserved,     255.50 MB ( 20%) committed. 

Chunk freelists:
   Non-Class:  2.06 MB
       Class:  13.60 MB
        Both:  15.66 MB

MaxMetaspaceSize: unlimited
CompressedClassSpaceSize: 1.00 GB
Initial GC threshold: 21.00 MB
Current GC threshold: 425.56 MB
CDS: off
 - commit_granule_bytes: 65536.
 - commit_granule_words: 8192.
 - virtual_space_node_default_size: 8388608.
 - enlarge_chunks_in_place: 1.
 - use_allocation_guard: 0.


Internal statistics:

num_allocs_failed_limit: 6.
num_arena_births: 6138.
num_arena_deaths: 42.
num_vsnodes_births: 5.
num_vsnodes_deaths: 0.
num_space_committed: 4077.
num_space_uncommitted: 0.
num_chunks_returned_to_freelist: 68.
num_chunks_taken_from_freelist: 16644.
num_chunk_merges: 15.
num_chunk_splits: 11591.
num_chunks_enlarged: 8109.
num_inconsistent_stats: 0.

CodeHeap 'non-profiled nmethods': size=120000Kb used=19717Kb max_used=21040Kb free=100283Kb
 bounds [0x00000185766d0000, 0x0000018577cb0000, 0x000001857dc00000]
CodeHeap 'profiled nmethods': size=120000Kb used=32663Kb max_used=56766Kb free=87336Kb
 bounds [0x000001856ec00000, 0x0000018572380000, 0x0000018576130000]
CodeHeap 'non-nmethods': size=5760Kb used=3427Kb max_used=3527Kb free=2332Kb
 bounds [0x0000018576130000, 0x00000185764b0000, 0x00000185766d0000]
CodeCache: size=245760Kb, used=55807Kb, max_used=81333Kb, free=189951Kb
 total_blobs=17702, nmethods=16313, adapters=1289, full_count=0
Compilation: enabled, stopped_count=0, restarted_count=0

Compilation events (20 events):
Event: 134.966 Thread 0x000001857f7a0140 42532       2       com.android.tools.r8.internal.a74::a (208 bytes)
Event: 134.968 Thread 0x000001857f7a0140 nmethod 42532 0x000001856eff9010 code [0x000001856eff9300, 0x000001856eff9e08]
Event: 134.969 Thread 0x000001857f7a0140 42533       2       com.android.tools.r8.internal.oj::<init> (19 bytes)
Event: 134.969 Thread 0x000001857f7a0140 nmethod 42533 0x0000018571894910 code [0x0000018571894ac0, 0x0000018571894cd8]
Event: 134.970 Thread 0x000001857f7a0140 42534       3       com.android.tools.r8.internal.k41::a (2722 bytes)
Event: 135.016 Thread 0x000001857f7a0140 nmethod 42534 0x0000018570cfe390 code [0x0000018570cfff40, 0x0000018570d134b0]
Event: 135.017 Thread 0x000001857f7a0140 42536       2       com.android.tools.r8.graph.d3::a (8 bytes)
Event: 135.017 Thread 0x000001857f7a0140 nmethod 42536 0x0000018571894510 code [0x00000185718946c0, 0x00000185718947f0]
Event: 135.018 Thread 0x000001857f7a0140 42535       2       com.android.tools.r8.internal.qk2$$Lambda/0x00000001021c6bf8::<init> (74 bytes)
Event: 135.018 Thread 0x000001857f7a0140 nmethod 42535 0x0000018571ccb290 code [0x0000018571ccb460, 0x0000018571ccb980]
Event: 135.024 Thread 0x000001857f7a0140 42537       2       com.android.tools.r8.internal.sg4::T0 (2 bytes)
Event: 135.024 Thread 0x000001857f7a0140 nmethod 42537 0x00000185711f8890 code [0x00000185711f8a20, 0x00000185711f8b28]
Event: 135.054 Thread 0x000001857f7a0140 42538       3       com.android.tools.r8.graph.h9::a (89 bytes)
Event: 135.055 Thread 0x000001857f7a0140 nmethod 42538 0x000001856f6bc810 code [0x000001856f6bca20, 0x000001856f6bd018]
Event: 135.080 Thread 0x000001857f7a0140 42539       2       java.util.ComparableTimSort::minRunLength (43 bytes)
Event: 135.080 Thread 0x000001857f7a0140 nmethod 42539 0x0000018571ceb210 code [0x0000018571ceb3a0, 0x0000018571ceb4f0]
Event: 135.080 Thread 0x000001857f7a0140 42540       2       java.util.ComparableTimSort::mergeForceCollapse (50 bytes)
Event: 135.081 Thread 0x000001857f7a0140 nmethod 42540 0x0000018571cead10 code [0x0000018571ceaec0, 0x0000018571ceb0c8]
Event: 135.232 Thread 0x000001857f7a0140 42541 %     2       com.android.tools.r8.internal.rn0::<init> @ 537 (687 bytes)
Event: 135.238 Thread 0x000001857f7a0140 nmethod 42541% 0x000001856ee54f90 code [0x000001856ee553c0, 0x000001856ee57040]

GC Heap History (20 events):
Event: 124.842 GC heap before
{Heap before GC invocations=133 (full 0):
 garbage-first heap   total 1375232K, used 1246575K [0x0000000080000000, 0x0000000100000000)
  region size 1024K, 773 young (791552K), 57 survivors (58368K)
 Metaspace       used 258259K, committed 261312K, reserved 1310720K
  class space    used 33579K, committed 35072K, reserved 1048576K
}
Event: 124.877 GC heap after
{Heap after GC invocations=134 (full 0):
 garbage-first heap   total 1375232K, used 513536K [0x0000000080000000, 0x0000000100000000)
  region size 1024K, 47 young (48128K), 47 survivors (48128K)
 Metaspace       used 258259K, committed 261312K, reserved 1310720K
  class space    used 33579K, committed 35072K, reserved 1048576K
}
Event: 126.023 GC heap before
{Heap before GC invocations=135 (full 0):
 garbage-first heap   total 1375232K, used 1259008K [0x0000000080000000, 0x0000000100000000)
  region size 1024K, 773 young (791552K), 47 survivors (48128K)
 Metaspace       used 258307K, committed 261440K, reserved 1310720K
  class space    used 33587K, committed 35136K, reserved 1048576K
}
Event: 126.059 GC heap after
{Heap after GC invocations=136 (full 0):
 garbage-first heap   total 1375232K, used 519680K [0x0000000080000000, 0x0000000100000000)
  region size 1024K, 53 young (54272K), 53 survivors (54272K)
 Metaspace       used 258307K, committed 261440K, reserved 1310720K
  class space    used 33587K, committed 35136K, reserved 1048576K
}
Event: 126.793 GC heap before
{Heap before GC invocations=136 (full 0):
 garbage-first heap   total 1375232K, used 1250816K [0x0000000080000000, 0x0000000100000000)
  region size 1024K, 767 young (785408K), 53 survivors (54272K)
 Metaspace       used 258315K, committed 261440K, reserved 1310720K
  class space    used 33587K, committed 35136K, reserved 1048576K
}
Event: 126.830 GC heap after
{Heap after GC invocations=137 (full 0):
 garbage-first heap   total 1375232K, used 506410K [0x0000000080000000, 0x0000000100000000)
  region size 1024K, 49 young (50176K), 49 survivors (50176K)
 Metaspace       used 258315K, committed 261440K, reserved 1310720K
  class space    used 33587K, committed 35136K, reserved 1048576K
}
Event: 127.629 GC heap before
{Heap before GC invocations=137 (full 0):
 garbage-first heap   total 1375232K, used 1253930K [0x0000000080000000, 0x0000000100000000)
  region size 1024K, 780 young (798720K), 49 survivors (50176K)
 Metaspace       used 258317K, committed 261440K, reserved 1310720K
  class space    used 33587K, committed 35136K, reserved 1048576K
}
Event: 127.657 GC heap after
{Heap after GC invocations=138 (full 0):
 garbage-first heap   total 1375232K, used 505898K [0x0000000080000000, 0x0000000100000000)
  region size 1024K, 49 young (50176K), 49 survivors (50176K)
 Metaspace       used 258317K, committed 261440K, reserved 1310720K
  class space    used 33587K, committed 35136K, reserved 1048576K
}
Event: 128.707 GC heap before
{Heap before GC invocations=139 (full 0):
 garbage-first heap   total 1375232K, used 1254442K [0x0000000080000000, 0x0000000100000000)
  region size 1024K, 780 young (798720K), 49 survivors (50176K)
 Metaspace       used 258318K, committed 261440K, reserved 1310720K
  class space    used 33587K, committed 35136K, reserved 1048576K
}
Event: 128.736 GC heap after
{Heap after GC invocations=140 (full 0):
 garbage-first heap   total 1375232K, used 499242K [0x0000000080000000, 0x0000000100000000)
  region size 1024K, 42 young (43008K), 42 survivors (43008K)
 Metaspace       used 258318K, committed 261440K, reserved 1310720K
  class space    used 33587K, committed 35136K, reserved 1048576K
}
Event: 129.685 GC heap before
{Heap before GC invocations=140 (full 0):
 garbage-first heap   total 1375232K, used 1262122K [0x0000000080000000, 0x0000000100000000)
  region size 1024K, 787 young (805888K), 42 survivors (43008K)
 Metaspace       used 258341K, committed 261440K, reserved 1310720K
  class space    used 33587K, committed 35136K, reserved 1048576K
}
Event: 129.721 GC heap after
{Heap after GC invocations=141 (full 0):
 garbage-first heap   total 1519616K, used 481025K [0x0000000080000000, 0x0000000100000000)
  region size 1024K, 44 young (45056K), 44 survivors (45056K)
 Metaspace       used 258341K, committed 261440K, reserved 1310720K
  class space    used 33587K, committed 35136K, reserved 1048576K
}
Event: 130.740 GC heap before
{Heap before GC invocations=141 (full 0):
 garbage-first heap   total 1519616K, used 1352449K [0x0000000080000000, 0x0000000100000000)
  region size 1024K, 890 young (911360K), 44 survivors (45056K)
 Metaspace       used 258345K, committed 261440K, reserved 1310720K
  class space    used 33587K, committed 35136K, reserved 1048576K
}
Event: 130.765 GC heap after
{Heap after GC invocations=142 (full 0):
 garbage-first heap   total 1519616K, used 480116K [0x0000000080000000, 0x0000000100000000)
  region size 1024K, 42 young (43008K), 42 survivors (43008K)
 Metaspace       used 258345K, committed 261440K, reserved 1310720K
  class space    used 33587K, committed 35136K, reserved 1048576K
}
Event: 131.273 GC heap before
{Heap before GC invocations=142 (full 0):
 garbage-first heap   total 1519616K, used 784244K [0x0000000080000000, 0x0000000100000000)
  region size 1024K, 341 young (349184K), 42 survivors (43008K)
 Metaspace       used 258352K, committed 261440K, reserved 1310720K
  class space    used 33587K, committed 35136K, reserved 1048576K
}
Event: 131.302 GC heap after
{Heap after GC invocations=143 (full 0):
 garbage-first heap   total 1519616K, used 488960K [0x0000000080000000, 0x0000000100000000)
  region size 1024K, 48 young (49152K), 48 survivors (49152K)
 Metaspace       used 258352K, committed 261440K, reserved 1310720K
  class space    used 33587K, committed 35136K, reserved 1048576K
}
Event: 133.084 GC heap before
{Heap before GC invocations=144 (full 0):
 garbage-first heap   total 1519616K, used 1364480K [0x0000000080000000, 0x0000000100000000)
  region size 1024K, 890 young (911360K), 48 survivors (49152K)
 Metaspace       used 258417K, committed 261504K, reserved 1310720K
  class space    used 33588K, committed 35136K, reserved 1048576K
}
Event: 133.111 GC heap after
{Heap after GC invocations=145 (full 0):
 garbage-first heap   total 1519616K, used 485423K [0x0000000080000000, 0x0000000100000000)
  region size 1024K, 44 young (45056K), 44 survivors (45056K)
 Metaspace       used 258417K, committed 261504K, reserved 1310720K
  class space    used 33588K, committed 35136K, reserved 1048576K
}
Event: 134.237 GC heap before
{Heap before GC invocations=145 (full 0):
 garbage-first heap   total 1519616K, used 1350703K [0x0000000080000000, 0x0000000100000000)
  region size 1024K, 890 young (911360K), 44 survivors (45056K)
 Metaspace       used 258528K, committed 261632K, reserved 1310720K
  class space    used 33612K, committed 35136K, reserved 1048576K
}
Event: 134.291 GC heap after
{Heap after GC invocations=146 (full 0):
 garbage-first heap   total 1519616K, used 496036K [0x0000000080000000, 0x0000000100000000)
  region size 1024K, 73 young (74752K), 73 survivors (74752K)
 Metaspace       used 258528K, committed 261632K, reserved 1310720K
  class space    used 33612K, committed 35136K, reserved 1048576K
}

Dll operation events (3 events):
Event: 0.010 Loaded shared library D:\Program Files\Android\Android Studio\jbr\bin\java.dll
Event: 0.031 Loaded shared library D:\Program Files\Android\Android Studio\jbr\bin\zip.dll
Event: 0.878 Loaded shared library D:\Program Files\Android\Android Studio\jbr\bin\verify.dll

Deoptimization events (20 events):
Event: 135.235 Thread 0x000001851e4faae0 DEOPT PACKING pc=0x0000018571448c28 sp=0x0000002e369f9770
Event: 135.235 Thread 0x000001851e4faae0 DEOPT UNPACKING pc=0x0000018576184e42 sp=0x0000002e369f8cf0 mode 0
Event: 135.236 Thread 0x0000018518feb030 Uncommon trap: trap_request=0xffffffde fr.pc=0x000001857715d340 relative=0x00000000000039a0
Event: 135.236 Thread 0x0000018518feb030 Uncommon trap: reason=class_check action=maybe_recompile pc=0x000001857715d340 method=com.android.tools.r8.ir.optimize.f0.a(Ljava/util/Queue;Lcom/android/tools/r8/internal/w31;Lcom/android/tools/r8/internal/rc;Lcom/android/tools/r8/ir/optimize/a;Lcom/andr
Event: 135.236 Thread 0x0000018518feb030 DEOPT PACKING pc=0x000001857715d340 sp=0x0000002e364f9fd0
Event: 135.236 Thread 0x0000018518feb030 DEOPT UNPACKING pc=0x00000185761846a2 sp=0x0000002e364f9fe8 mode 2
Event: 135.236 Thread 0x000001851e4f8a10 DEOPT PACKING pc=0x000001856fa259d8 sp=0x0000002e36df9a20
Event: 135.236 Thread 0x000001851e4f8a10 DEOPT UNPACKING pc=0x0000018576184e42 sp=0x0000002e36df8fa8 mode 0
Event: 135.240 Thread 0x0000018518febd50 DEOPT PACKING pc=0x000001857045a3f5 sp=0x0000002e365faec0
Event: 135.240 Thread 0x0000018518febd50 DEOPT UNPACKING pc=0x0000018576184e42 sp=0x0000002e365fa398 mode 0
Event: 135.240 Thread 0x000001851e4f8a10 DEOPT PACKING pc=0x000001856fa25983 sp=0x0000002e36df9a20
Event: 135.240 Thread 0x000001851e4f8a10 DEOPT UNPACKING pc=0x0000018576184e42 sp=0x0000002e36df8fa8 mode 0
Event: 135.241 Thread 0x0000018519563fe0 DEOPT PACKING pc=0x000001856f4bcc95 sp=0x0000002e370fa260
Event: 135.241 Thread 0x0000018519563fe0 DEOPT UNPACKING pc=0x0000018576184e42 sp=0x0000002e370f97a8 mode 0
Event: 135.242 Thread 0x000001851e4f8a10 DEOPT PACKING pc=0x000001856fa259fe sp=0x0000002e36df9a20
Event: 135.242 Thread 0x000001851e4f8a10 DEOPT UNPACKING pc=0x0000018576184e42 sp=0x0000002e36df8fa8 mode 0
Event: 135.243 Thread 0x0000018519563fe0 DEOPT PACKING pc=0x000001856f401757 sp=0x0000002e370f9ae0
Event: 135.243 Thread 0x0000018519563fe0 DEOPT UNPACKING pc=0x0000018576184e42 sp=0x0000002e370f8fe8 mode 0
Event: 135.244 Thread 0x000001851e4f8a10 DEOPT PACKING pc=0x000001856fa25983 sp=0x0000002e36df9a20
Event: 135.244 Thread 0x000001851e4f8a10 DEOPT UNPACKING pc=0x0000018576184e42 sp=0x0000002e36df8fa8 mode 0

Classes loaded (20 events):
Event: 102.968 Loading class java/util/IdentityHashMap$IdentityHashMapSpliterator done
Event: 102.968 Loading class java/util/IdentityHashMap$EntrySpliterator done
Event: 103.010 Loading class java/util/SortedSet$1
Event: 103.011 Loading class java/util/SortedSet$1 done
Event: 103.013 Loading class java/util/stream/SliceOps
Event: 103.033 Loading class java/util/stream/SliceOps done
Event: 103.033 Loading class java/util/stream/SliceOps$1
Event: 103.034 Loading class java/util/stream/SliceOps$1 done
Event: 103.039 Loading class java/util/stream/SliceOps$1$1
Event: 103.039 Loading class java/util/PriorityQueue
Event: 103.039 Loading class java/util/stream/SliceOps$1$1 done
Event: 103.040 Loading class java/util/PriorityQueue done
Event: 104.109 Loading class java/nio/ShortBuffer
Event: 104.177 Loading class java/nio/ShortBuffer done
Event: 104.280 Loading class java/nio/ByteBufferAsShortBufferL
Event: 104.281 Loading class java/nio/ByteBufferAsShortBufferL done
Event: 104.315 Loading class java/util/zip/Adler32
Event: 104.316 Loading class java/util/zip/Adler32 done
Event: 104.329 Loading class java/nio/file/Files$2
Event: 104.329 Loading class java/nio/file/Files$2 done

Classes unloaded (20 events):
Event: 104.935 Thread 0x000001857f1aa810 Unloading class 0x0000000101ffd400 'java/lang/invoke/LambdaForm$DMH+0x0000000101ffd400'
Event: 104.935 Thread 0x000001857f1aa810 Unloading class 0x0000000101ffd000 'java/lang/invoke/LambdaForm$DMH+0x0000000101ffd000'
Event: 104.935 Thread 0x000001857f1aa810 Unloading class 0x0000000101ffc400 'java/lang/invoke/LambdaForm$DMH+0x0000000101ffc400'
Event: 104.935 Thread 0x000001857f1aa810 Unloading class 0x0000000101ffc800 'java/lang/invoke/LambdaForm$DMH+0x0000000101ffc800'
Event: 104.935 Thread 0x000001857f1aa810 Unloading class 0x0000000101ffcc00 'java/lang/invoke/LambdaForm$DMH+0x0000000101ffcc00'
Event: 106.794 Thread 0x000001857f1aa810 Unloading class 0x00000001021d6c00 'java/lang/invoke/LambdaForm$MH+0x00000001021d6c00'
Event: 106.794 Thread 0x000001857f1aa810 Unloading class 0x00000001021d6000 'java/lang/invoke/LambdaForm$MH+0x00000001021d6000'
Event: 106.794 Thread 0x000001857f1aa810 Unloading class 0x00000001021d5800 'java/lang/invoke/LambdaForm$MH+0x00000001021d5800'
Event: 106.794 Thread 0x000001857f1aa810 Unloading class 0x00000001021d5400 'java/lang/invoke/LambdaForm$MH+0x00000001021d5400'
Event: 106.794 Thread 0x000001857f1aa810 Unloading class 0x00000001021d4800 'java/lang/invoke/LambdaForm$MH+0x00000001021d4800'
Event: 106.794 Thread 0x000001857f1aa810 Unloading class 0x00000001021d4000 'java/lang/invoke/LambdaForm$MH+0x00000001021d4000'
Event: 106.794 Thread 0x000001857f1aa810 Unloading class 0x00000001021c9400 'java/lang/invoke/LambdaForm$MH+0x00000001021c9400'
Event: 106.794 Thread 0x000001857f1aa810 Unloading class 0x00000001021c8c00 'java/lang/invoke/LambdaForm$DMH+0x00000001021c8c00'
Event: 106.794 Thread 0x000001857f1aa810 Unloading class 0x00000001021b8800 'java/lang/invoke/LambdaForm$DMH+0x00000001021b8800'
Event: 106.794 Thread 0x000001857f1aa810 Unloading class 0x0000000102164000 'java/lang/invoke/LambdaForm$DMH+0x0000000102164000'
Event: 106.794 Thread 0x000001857f1aa810 Unloading class 0x0000000102150000 'java/lang/invoke/LambdaForm$DMH+0x0000000102150000'
Event: 106.794 Thread 0x000001857f1aa810 Unloading class 0x0000000102150800 'java/lang/invoke/LambdaForm$DMH+0x0000000102150800'
Event: 106.794 Thread 0x000001857f1aa810 Unloading class 0x0000000102150c00 'java/lang/invoke/LambdaForm$DMH+0x0000000102150c00'
Event: 106.794 Thread 0x000001857f1aa810 Unloading class 0x0000000102104800 'java/lang/invoke/LambdaForm$DMH+0x0000000102104800'
Event: 106.794 Thread 0x000001857f1aa810 Unloading class 0x0000000102104400 'java/lang/invoke/LambdaForm$DMH+0x0000000102104400'

Classes redefined (0 events):
No events

Internal exceptions (20 events):
Event: 133.612 Thread 0x0000018518febd50 Exception <a 'sun/nio/fs/WindowsException'{0x00000000c5fe1090}> (0x00000000c5fe1090) 
thrown [s\src\hotspot\share\prims\jni.cpp, line 537]
Event: 133.617 Thread 0x00000185205f04f0 Exception <a 'sun/nio/fs/WindowsException'{0x00000000c560e6c8}> (0x00000000c560e6c8) 
thrown [s\src\hotspot\share\prims\jni.cpp, line 537]
Event: 133.676 Thread 0x000001851e4f7660 Exception <a 'sun/nio/fs/WindowsException'{0x00000000c3a302f8}> (0x00000000c3a302f8) 
thrown [s\src\hotspot\share\prims\jni.cpp, line 537]
Event: 133.805 Thread 0x0000018518febd50 Exception <a 'sun/nio/fs/WindowsException'{0x00000000bd377170}> (0x00000000bd377170) 
thrown [s\src\hotspot\share\prims\jni.cpp, line 537]
Event: 133.829 Thread 0x00000185205f04f0 Exception <a 'sun/nio/fs/WindowsException'{0x00000000ba885138}> (0x00000000ba885138) 
thrown [s\src\hotspot\share\prims\jni.cpp, line 537]
Event: 134.054 Thread 0x000001851e4f7660 Exception <a 'sun/nio/fs/WindowsException'{0x00000000af430c38}> (0x00000000af430c38) 
thrown [s\src\hotspot\share\prims\jni.cpp, line 537]
Event: 134.109 Thread 0x000001851e4faae0 Exception <a 'sun/nio/fs/WindowsException'{0x00000000ac263d98}> (0x00000000ac263d98) 
thrown [s\src\hotspot\share\prims\jni.cpp, line 537]
Event: 134.133 Thread 0x0000018518febd50 Exception <a 'sun/nio/fs/WindowsException'{0x00000000ab4596c8}> (0x00000000ab4596c8) 
thrown [s\src\hotspot\share\prims\jni.cpp, line 537]
Event: 134.158 Thread 0x000001851e4f7cf0 Exception <a 'sun/nio/fs/WindowsException'{0x00000000aa5a4250}> (0x00000000aa5a4250) 
thrown [s\src\hotspot\share\prims\jni.cpp, line 537]
Event: 134.212 Thread 0x00000185205f04f0 Exception <a 'sun/nio/fs/WindowsException'{0x00000000a8c8b8c0}> (0x00000000a8c8b8c0) 
thrown [s\src\hotspot\share\prims\jni.cpp, line 537]
Event: 134.362 Thread 0x000001851e4faae0 Exception <a 'sun/nio/fs/WindowsException'{0x00000000d8515c20}> (0x00000000d8515c20) 
thrown [s\src\hotspot\share\prims\jni.cpp, line 537]
Event: 134.389 Thread 0x000001851e4f7cf0 Exception <a 'sun/nio/fs/WindowsException'{0x00000000d7856458}> (0x00000000d7856458) 
thrown [s\src\hotspot\share\prims\jni.cpp, line 537]
Event: 134.458 Thread 0x00000185205f04f0 Exception <a 'sun/nio/fs/WindowsException'{0x00000000d4a88900}> (0x00000000d4a88900) 
thrown [s\src\hotspot\share\prims\jni.cpp, line 537]
Event: 134.562 Thread 0x000001851e4faae0 Exception <a 'sun/nio/fs/WindowsException'{0x00000000d0b691d8}> (0x00000000d0b691d8) 
thrown [s\src\hotspot\share\prims\jni.cpp, line 537]
Event: 134.616 Thread 0x00000185205f04f0 Exception <a 'sun/nio/fs/WindowsException'{0x00000000ce98a8a0}> (0x00000000ce98a8a0) 
thrown [s\src\hotspot\share\prims\jni.cpp, line 537]
Event: 134.618 Thread 0x000001851e4f7660 Exception <a 'sun/nio/fs/WindowsException'{0x00000000cf513f00}> (0x00000000cf513f00) 
thrown [s\src\hotspot\share\prims\jni.cpp, line 537]
Event: 134.663 Thread 0x0000018518405330 Exception <a 'sun/nio/fs/WindowsException'{0x00000000cdafa0d0}> (0x00000000cdafa0d0) 
thrown [s\src\hotspot\share\prims\jni.cpp, line 537]
Event: 134.676 Thread 0x000001851e4f7cf0 Exception <a 'sun/nio/fs/WindowsException'{0x00000000cc6a04e0}> (0x00000000cc6a04e0) 
thrown [s\src\hotspot\share\prims\jni.cpp, line 537]
Event: 134.711 Thread 0x00000185205f04f0 Exception <a 'sun/nio/fs/WindowsException'{0x00000000cbb54c88}> (0x00000000cbb54c88) 
thrown [s\src\hotspot\share\prims\jni.cpp, line 537]
Event: 134.728 Thread 0x000001851e4f7660 Exception <a 'sun/nio/fs/WindowsException'{0x00000000cad92f40}> (0x00000000cad92f40) 
thrown [s\src\hotspot\share\prims\jni.cpp, line 537]

ZGC Phase Switch (0 events):
No events

VM Operations (20 events):
Event: 130.740 Executing VM operation: G1CollectForAllocation (G1 Evacuation Pause)
Event: 130.765 Executing VM operation: G1CollectForAllocation (G1 Evacuation Pause) done
Event: 131.272 Executing VM operation: G1TryInitiateConcMark (G1 Humongous Allocation)
Event: 131.302 Executing VM operation: G1TryInitiateConcMark (G1 Humongous Allocation) done
Event: 131.721 Executing VM operation: G1PauseRemark
Event: 131.731 Executing VM operation: G1PauseRemark done
Event: 132.039 Executing VM operation: G1PauseCleanup
Event: 132.040 Executing VM operation: G1PauseCleanup done
Event: 133.051 Executing VM operation: Cleanup
Event: 133.067 Executing VM operation: Cleanup done
Event: 133.076 Executing VM operation: HandshakeAllThreads (Deoptimize)
Event: 133.083 Executing VM operation: HandshakeAllThreads (Deoptimize) done
Event: 133.083 Executing VM operation: G1CollectForAllocation (G1 Evacuation Pause)
Event: 133.111 Executing VM operation: G1CollectForAllocation (G1 Evacuation Pause) done
Event: 133.399 Executing VM operation: ICBufferFull
Event: 133.399 Executing VM operation: ICBufferFull done
Event: 133.827 Executing VM operation: ICBufferFull
Event: 133.828 Executing VM operation: ICBufferFull done
Event: 134.220 Executing VM operation: G1CollectForAllocation (G1 Evacuation Pause)
Event: 134.292 Executing VM operation: G1CollectForAllocation (G1 Evacuation Pause) done

Memory protections (0 events):
No events

Nmethod flushes (20 events):
Event: 131.729 Thread 0x000001857f1aa810 flushing  nmethod 0x0000018570bac790
Event: 131.729 Thread 0x000001857f1aa810 flushing  nmethod 0x0000018570bfdd90
Event: 131.729 Thread 0x000001857f1aa810 flushing  nmethod 0x0000018571266410
Event: 131.729 Thread 0x000001857f1aa810 flushing  nmethod 0x0000018571272a10
Event: 131.729 Thread 0x000001857f1aa810 flushing  nmethod 0x0000018571467790
Event: 131.729 Thread 0x000001857f1aa810 flushing  nmethod 0x000001856ec28990
Event: 131.729 Thread 0x000001857f1aa810 flushing  nmethod 0x000001856edfb710
Event: 131.729 Thread 0x000001857f1aa810 flushing  nmethod 0x000001856f27f810
Event: 131.729 Thread 0x000001857f1aa810 flushing  nmethod 0x000001856f4eed10
Event: 131.729 Thread 0x000001857f1aa810 flushing  nmethod 0x000001856f6b3990
Event: 131.729 Thread 0x000001857f1aa810 flushing  nmethod 0x000001856f75c590
Event: 131.729 Thread 0x000001857f1aa810 flushing  nmethod 0x00000185701e0c90
Event: 131.729 Thread 0x000001857f1aa810 flushing  nmethod 0x000001857025ba90
Event: 131.729 Thread 0x000001857f1aa810 flushing  nmethod 0x00000185702ea990
Event: 131.729 Thread 0x000001857f1aa810 flushing  nmethod 0x000001857231f390
Event: 131.729 Thread 0x000001857f1aa810 flushing  nmethod 0x000001857231f890
Event: 131.729 Thread 0x000001857f1aa810 flushing  nmethod 0x000001857231fc90
Event: 131.729 Thread 0x000001857f1aa810 flushing  nmethod 0x0000018572320210
Event: 131.729 Thread 0x000001857f1aa810 flushing  nmethod 0x0000018572324890
Event: 131.729 Thread 0x000001857f1aa810 flushing  nmethod 0x0000018572325190

Events (20 events):
Event: 99.940 Thread 0x000001851e9f85e0 Thread added: 0x00000185203e9000
Event: 99.941 Thread 0x000001851e9f85e0 Thread added: 0x000001850823b7a0
Event: 99.941 Thread 0x000001851e9f85e0 Thread added: 0x000001850823e590
Event: 99.942 Thread 0x000001851e9f85e0 Thread added: 0x000001850823d1e0
Event: 99.942 Thread 0x000001851e9f85e0 Thread added: 0x000001850823df00
Event: 99.943 Thread 0x000001851e9f85e0 Thread added: 0x000001850823ec20
Event: 100.133 Thread 0x000001851e9f85e0 Thread added: 0x000001851e5f7830
Event: 100.175 Thread 0x000001851e9f85e0 Thread added: 0x000001851e5f9f90
Event: 100.175 Thread 0x000001851e9f85e0 Thread added: 0x000001851e5f6b10
Event: 100.175 Thread 0x000001851e9f85e0 Thread added: 0x000001851e5f8550
Event: 100.175 Thread 0x000001851e9f85e0 Thread added: 0x000001851e5f7ec0
Event: 100.180 Thread 0x000001851e9f85e0 Thread added: 0x000001851e5f8be0
Event: 100.180 Thread 0x000001851e9f85e0 Thread added: 0x000001851e5f9270
Event: 100.181 Thread 0x000001851e9f85e0 Thread added: 0x000001851e5f9900
Event: 100.181 Thread 0x000001851e9f85e0 Thread added: 0x00000185184a1640
Event: 100.181 Thread 0x000001851e9f85e0 Thread added: 0x00000185184a2360
Event: 103.228 Thread 0x000001851ee24db0 Thread exited: 0x000001851ee24db0
Event: 103.229 Thread 0x000001851ee24720 Thread exited: 0x000001851ee24720
Event: 105.018 Thread 0x0000018518e61a20 Thread exited: 0x0000018518e61a20
Event: 123.493 Thread 0x00000185174cfe10 Thread exited: 0x00000185174cfe10


Dynamic libraries:
0x00007ff6a8860000 - 0x00007ff6a886a000 	D:\Program Files\Android\Android Studio\jbr\bin\java.exe
0x00007ff8f13e0000 - 0x00007ff8f1647000 	C:\WINDOWS\SYSTEM32\ntdll.dll
0x00007ff8f0000000 - 0x00007ff8f00c9000 	C:\WINDOWS\System32\KERNEL32.DLL
0x00007ff8eed80000 - 0x00007ff8ef171000 	C:\WINDOWS\System32\KERNELBASE.dll
0x00007ff8eeb40000 - 0x00007ff8eec8b000 	C:\WINDOWS\System32\ucrtbase.dll
0x00007ff8e6210000 - 0x00007ff8e622b000 	D:\Program Files\Android\Android Studio\jbr\bin\VCRUNTIME140.dll
0x00007ff8d87f0000 - 0x00007ff8d8808000 	D:\Program Files\Android\Android Studio\jbr\bin\jli.dll
0x00007ff8ef550000 - 0x00007ff8ef715000 	C:\WINDOWS\System32\USER32.dll
0x00007ff8eec90000 - 0x00007ff8eecb7000 	C:\WINDOWS\System32\win32u.dll
0x00007ff8cee50000 - 0x00007ff8cf0e3000 	C:\WINDOWS\WinSxS\amd64_microsoft.windows.common-controls_6595b64144ccf1df_6.0.26100.7922_none_3e089e1ee3342171\COMCTL32.dll
0x00007ff8efe50000 - 0x00007ff8efef9000 	C:\WINDOWS\System32\msvcrt.dll
0x00007ff8f02b0000 - 0x00007ff8f02db000 	C:\WINDOWS\System32\GDI32.dll
0x00007ff8eea10000 - 0x00007ff8eeb3a000 	C:\WINDOWS\System32\gdi32full.dll
0x00007ff8ede30000 - 0x00007ff8eded3000 	C:\WINDOWS\System32\msvcp_win.dll
0x00007ff8efc10000 - 0x00007ff8efc41000 	C:\WINDOWS\System32\IMM32.DLL
0x00007ff8e6200000 - 0x00007ff8e620c000 	D:\Program Files\Android\Android Studio\jbr\bin\vcruntime140_1.dll
0x00007ff85fb20000 - 0x00007ff85fbad000 	D:\Program Files\Android\Android Studio\jbr\bin\msvcp140.dll
0x00007ff854eb0000 - 0x00007ff855b46000 	D:\Program Files\Android\Android Studio\jbr\bin\server\jvm.dll
0x00007ff8f0f70000 - 0x00007ff8f102b000 	C:\WINDOWS\System32\ADVAPI32.dll
0x00007ff8f0dc0000 - 0x00007ff8f0e67000 	C:\WINDOWS\System32\sechost.dll
0x00007ff8efd30000 - 0x00007ff8efe48000 	C:\WINDOWS\System32\RPCRT4.dll
0x00007ff8f0230000 - 0x00007ff8f02a4000 	C:\WINDOWS\System32\WS2_32.dll
0x00007ff8e8db0000 - 0x00007ff8e8de5000 	C:\WINDOWS\SYSTEM32\WINMM.dll
0x00007ff8d7380000 - 0x00007ff8d738b000 	C:\WINDOWS\SYSTEM32\VERSION.dll
0x00007ff8edb40000 - 0x00007ff8edb9e000 	C:\WINDOWS\SYSTEM32\POWRPROF.dll
0x00007ff8edb20000 - 0x00007ff8edb34000 	C:\WINDOWS\SYSTEM32\UMPDC.dll
0x00007ff8eca50000 - 0x00007ff8eca6b000 	C:\WINDOWS\SYSTEM32\kernel.appcore.dll
0x00007ff8e6140000 - 0x00007ff8e614a000 	D:\Program Files\Android\Android Studio\jbr\bin\jimage.dll
0x00007ff8ebae0000 - 0x00007ff8ebd22000 	C:\WINDOWS\SYSTEM32\DBGHELP.DLL
0x00007ff8ef180000 - 0x00007ff8ef502000 	C:\WINDOWS\System32\combase.dll
0x00007ff8efc50000 - 0x00007ff8efd27000 	C:\WINDOWS\System32\OLEAUT32.dll
0x00007ff8c9230000 - 0x00007ff8c926b000 	C:\WINDOWS\SYSTEM32\dbgcore.DLL
0x00007ff8ee960000 - 0x00007ff8eea05000 	C:\WINDOWS\System32\bcryptPrimitives.dll
0x00007ff8eaf50000 - 0x00007ff8eaf5e000 	D:\Program Files\Android\Android Studio\jbr\bin\instrument.dll
0x00007ff8d9280000 - 0x00007ff8d92a0000 	D:\Program Files\Android\Android Studio\jbr\bin\java.dll
0x00007ff8d88d0000 - 0x00007ff8d88e8000 	D:\Program Files\Android\Android Studio\jbr\bin\zip.dll
0x00007ff8f0370000 - 0x00007ff8f0acf000 	C:\WINDOWS\System32\SHELL32.dll
0x00007ff8edcc0000 - 0x00007ff8ede2a000 	C:\WINDOWS\System32\wintypes.dll
0x00007ff8edee0000 - 0x00007ff8ee744000 	C:\WINDOWS\System32\windows.storage.dll
0x00007ff8f0e70000 - 0x00007ff8f0f67000 	C:\WINDOWS\System32\SHCORE.dll
0x00007ff8f1030000 - 0x00007ff8f1097000 	C:\WINDOWS\System32\shlwapi.dll
0x00007ff8edbe0000 - 0x00007ff8edc09000 	C:\WINDOWS\SYSTEM32\profapi.dll
0x00007ff8d9270000 - 0x00007ff8d9280000 	D:\Program Files\Android\Android Studio\jbr\bin\net.dll
0x00007ff8e41f0000 - 0x00007ff8e4317000 	C:\WINDOWS\SYSTEM32\WINHTTP.dll
0x00007ff8ecfc0000 - 0x00007ff8ed02b000 	C:\WINDOWS\system32\mswsock.dll
0x00007ff8d88b0000 - 0x00007ff8d88c6000 	D:\Program Files\Android\Android Studio\jbr\bin\nio.dll
0x00007ff8d86c0000 - 0x00007ff8d86d0000 	D:\Program Files\Android\Android Studio\jbr\bin\verify.dll
0x00007ff8cad10000 - 0x00007ff8cad37000 	C:\Users\trand\.gradle\native\1def1411415f61bf3af743bc5b6707747c0891f09f0c88961ee8f79bc544acac\windows-amd64\native-platform.dll
0x00007ff8cb260000 - 0x00007ff8cb2d8000 	C:\Users\trand\.gradle\native\0.2.7\x86_64-windows-gnu\gradle-fileevents.dll
0x00007ff8d88a0000 - 0x00007ff8d88a9000 	D:\Program Files\Android\Android Studio\jbr\bin\management.dll
0x00007ff8d87c0000 - 0x00007ff8d87cb000 	D:\Program Files\Android\Android Studio\jbr\bin\management_ext.dll
0x00007ff8f1140000 - 0x00007ff8f1148000 	C:\WINDOWS\System32\PSAPI.DLL
0x00007ff8ec380000 - 0x00007ff8ec3b3000 	C:\WINDOWS\SYSTEM32\IPHLPAPI.DLL
0x00007ff8f02e0000 - 0x00007ff8f02ea000 	C:\WINDOWS\System32\NSI.dll
0x00007ff8d8920000 - 0x00007ff8d8929000 	D:\Program Files\Android\Android Studio\jbr\bin\extnet.dll
0x00007ff8ed2b0000 - 0x00007ff8ed2cb000 	C:\WINDOWS\SYSTEM32\CRYPTSP.dll
0x00007ff8ec9b0000 - 0x00007ff8ec9e9000 	C:\WINDOWS\system32\rsaenh.dll
0x00007ff8ed070000 - 0x00007ff8ed0a2000 	C:\WINDOWS\SYSTEM32\USERENV.dll
0x00007ff8edbb0000 - 0x00007ff8edbda000 	C:\WINDOWS\SYSTEM32\bcrypt.dll
0x00007ff8ed2a0000 - 0x00007ff8ed2ac000 	C:\WINDOWS\SYSTEM32\CRYPTBASE.dll
0x00007ff8b8310000 - 0x00007ff8b8318000 	C:\WINDOWS\system32\wshunix.dll
0x00007ff8c27f0000 - 0x00007ff8c2808000 	C:\WINDOWS\system32\napinsp.dll
0x00007ff8ec4f0000 - 0x00007ff8ec61a000 	C:\WINDOWS\SYSTEM32\DNSAPI.dll
0x00007ff8c23b0000 - 0x00007ff8c23c2000 	C:\WINDOWS\System32\winrnr.dll
0x00007ff8c14d0000 - 0x00007ff8c14f2000 	C:\WINDOWS\system32\nlansp_c.dll
0x00007ff8e1930000 - 0x00007ff8e1946000 	C:\WINDOWS\system32\wshbth.dll
0x00007ff8e2120000 - 0x00007ff8e212b000 	C:\Windows\System32\rasadhlp.dll
0x00007ff8e54f0000 - 0x00007ff8e5576000 	C:\WINDOWS\System32\fwpuclnt.dll
0x00007ff8ecb70000 - 0x00007ff8ecba6000 	C:\WINDOWS\SYSTEM32\ntmarta.dll

JVMTI agents:
C:\Users\trand\.gradle\wrapper\dists\gradle-8.13-bin\5xuhj0ry160q40clulazy9h7d\gradle-8.13\lib\agents\gradle-instrumentation-agent-8.13.jar path:D:\Program Files\Android\Android Studio\jbr\bin\instrument.dll, loaded, initialized, instrumentlib options:none

dbghelp: loaded successfully - version: 4.0.5 - missing functions: none
symbol engine: initialized successfully - sym options: 0x614 - pdb path: .;D:\Program Files\Android\Android Studio\jbr\bin;C:\WINDOWS\SYSTEM32;C:\WINDOWS\WinSxS\amd64_microsoft.windows.common-controls_6595b64144ccf1df_6.0.26100.7922_none_3e089e1ee3342171;D:\Program Files\Android\Android Studio\jbr\bin\server;C:\Users\trand\.gradle\native\1def1411415f61bf3af743bc5b6707747c0891f09f0c88961ee8f79bc544acac\windows-amd64;C:\Users\trand\.gradle\native\0.2.7\x86_64-windows-gnu

VM Arguments:
jvm_args: --add-opens=java.base/java.lang=ALL-UNNAMED --add-opens=java.base/java.lang.invoke=ALL-UNNAMED --add-opens=java.base/java.util=ALL-UNNAMED --add-opens=java.prefs/java.util.prefs=ALL-UNNAMED --add-exports=jdk.compiler/com.sun.tools.javac.api=ALL-UNNAMED --add-exports=jdk.compiler/com.sun.tools.javac.util=ALL-UNNAMED --add-opens=java.base/java.util=ALL-UNNAMED --add-opens=java.prefs/java.util.prefs=ALL-UNNAMED --add-opens=java.base/java.nio.charset=ALL-UNNAMED --add-opens=java.base/java.net=ALL-UNNAMED --add-opens=java.base/java.util.concurrent.atomic=ALL-UNNAMED --add-opens=java.xml/javax.xml.namespace=ALL-UNNAMED -Xmx2048m -Dfile.encoding=UTF-8 -Duser.country=US -Duser.language=en -Duser.variant -javaagent:C:\Users\trand\.gradle\wrapper\dists\gradle-8.13-bin\5xuhj0ry160q40clulazy9h7d\gradle-8.13\lib\agents\gradle-instrumentation-agent-8.13.jar 
java_command: org.gradle.launcher.daemon.bootstrap.GradleDaemon 8.13
java_class_path (initial): C:\Users\trand\.gradle\wrapper\dists\gradle-8.13-bin\5xuhj0ry160q40clulazy9h7d\gradle-8.13\lib\gradle-daemon-main-8.13.jar
Launcher Type: SUN_STANDARD

[Global flags]
     intx CICompilerCount                          = 4                                         {product} {ergonomic}
     uint ConcGCThreads                            = 3                                         {product} {ergonomic}
     uint G1ConcRefinementThreads                  = 10                                        {product} {ergonomic}
   size_t G1HeapRegionSize                         = 1048576                                   {product} {ergonomic}
    uintx GCDrainStackTargetSize                   = 64                                        {product} {ergonomic}
   size_t InitialHeapSize                          = 264241152                                 {product} {ergonomic}
   size_t MarkStackSize                            = 4194304                                   {product} {ergonomic}
   size_t MaxHeapSize                              = 2147483648                                {product} {command line}
   size_t MaxNewSize                               = 1287651328                                {product} {ergonomic}
   size_t MinHeapDeltaBytes                        = 1048576                                   {product} {ergonomic}
   size_t MinHeapSize                              = 8388608                                   {product} {ergonomic}
    uintx NonNMethodCodeHeapSize                   = 5839372                                {pd product} {ergonomic}
    uintx NonProfiledCodeHeapSize                  = 122909434                              {pd product} {ergonomic}
    uintx ProfiledCodeHeapSize                     = 122909434                              {pd product} {ergonomic}
    uintx ReservedCodeCacheSize                    = 251658240                              {pd product} {ergonomic}
     bool SegmentedCodeCache                       = true                                      {product} {ergonomic}
   size_t SoftMaxHeapSize                          = 2147483648                             {manageable} {ergonomic}
     bool UseCompressedOops                        = true                           {product lp64_product} {ergonomic}
     bool UseG1GC                                  = true                                      {product} {ergonomic}
     bool UseLargePagesIndividualAllocation        = false                                  {pd product} {ergonomic}

Logging:
Log output configuration:
 #0: stdout all=warning uptime,level,tags foldmultilines=false
 #1: stderr all=off uptime,level,tags foldmultilines=false

Environment Variables:
PATH=C:\Program Files\Common Files\Siemens\Automation\Simatic OAM\bin;C:\Program Files (x86)\Common Files\Intel\Shared Libraries\redist\intel64\compiler;C:\WINDOWS\system32;C:\WINDOWS;C:\WINDOWS\System32\Wbem;C:\WINDOWS\System32\WindowsPowerShell\v1.0\;C:\WINDOWS\System32\OpenSSH\;C:\Users\trand\ffmpeg\bin;C:\Users\trand\scrcpy;C:\Program Files (x86)\STMicroelectronics\STM32 ST-LINK Utility\ST-LINK Utility;C:\Program Files\dotnet\;D:\xampp\php;C:\MinGW\bin;C:\Users\trand\AppData\Local\Programs\Python\Python312\python.exe;C:\Users\trand\AppData\Roaming\npm\npm.cmd;C:\ProgramData\ComposerSetup\bin;D:\xampp\php;C:\Program Files\Git\cmd;C:\Program Files (x86)\GnuWin32\bin;C:\Program Files\MATLAB\R2024a\runtime\win64;C:\Program Files\MATLAB\R2024a\bin;D:\Program Files\MATLAB\R2024a\runtime\win64;D:\Program Files\MATLAB\R2024a\bin;C:\ProgramData\chocolatey\bin;D:\FaceAutoVN\scrcpy-win64-v3.3.1\scrcpy.exe;C:\Program Files\mosquitto;C:\Users\trand\AppData\Local\Programs\Python\Python312\;C:\Users\trand\AppData\Local\Programs\Python\Python312\Scripts\;D:\tesseract-5.5.2;D:\Program Files\nodejs\;C:\Program Files (x86)\Common Files\Intel\Shared Libraries\redist\intel64\compiler;C:\WINDOWS\system32;C:\WINDOWS;C:\WINDOWS\System32\Wbem;C:\WINDOWS\System32\WindowsPowerShell\v1.0\;C:\WINDOWS\System32\OpenSSH\;C:\Users\trand\ffmpeg\bin;C:\Users\trand\scrcpy;C:\Program Files (x86)\STMicroelectronics\STM32 ST-LINK Utility\ST-LINK Utility;C:\Program Files\dotnet\;D:\xampp\php;C:\MinGW\bin;C:\Users\trand\AppData\Local\Programs\Python\Python312\python.exe;C:\Users\trand\AppData\Roaming\npm\npm.cmd;C:\ProgramData\ComposerSetup\bin;D:\xampp\php;C:\Program Files\Git\cmd;C:\Program Files (x86)\GnuWin32\bin;C:\Program Files\MATLAB\R2024a\runtime\win64;C:\Program Files\MATLAB\R2024a\bin;D:\Program Files\MATLAB\R2024a\runtime\win64;D:\Program Files\MATLAB\R2024a\bin;C:\ProgramData\chocolatey\bin;D:\FaceAutoVN\scrcpy-win64-v3.3.1\scrcpy.exe;C:\Program Files\mosquitto;C:\Users\trand\AppData\Local\Programs\Python\Python312\;C:\Users\trand\AppData\Local\Programs\Python\Python312\Scripts\;D:\tesseract-5.5.2;C:\Python314\Scr;C:\Users\trand\AppData\Local\Programs\Microsoft VS Code\bin;C:\Users\trand\AppData\Roaming\npm
USERNAME=DangKhoa
OS=Windows_NT
PROCESSOR_IDENTIFIER=Intel64 Family 6 Model 154 Stepping 4, GenuineIntel
TMP=C:\Users\trand\AppData\Local\Temp
TEMP=C:\Users\trand\AppData\Local\Temp




Periodic native trim disabled

JNI global refs:
JNI global refs: 31, weak refs: 323

JNI global refs memory usage: 835, weak refs: 3993

Process memory usage:
Resident Set Size: 2286140K (13% of 16454388K total physical memory with 770012K free physical memory)

OOME stack traces (most recent first):
Classloader memory used:
Loader org.gradle.internal.classloader.VisitableURLClassLoader                         : 114M
Loader org.gradle.internal.classloader.VisitableURLClassLoader$InstrumentingVisitableURLClassLoader: 76667K
Loader bootstrap                                                                       : 37959K
Loader org.gradle.initialization.MixInLegacyTypesClassLoader                           : 14924K
Loader org.gradle.internal.classloader.VisitableURLClassLoader                         : 8802K
Loader jdk.internal.reflect.DelegatingClassLoader                                      : 929K
Loader jdk.internal.loader.ClassLoaders$PlatformClassLoader                            : 810K
Loader jdk.internal.jrtfs.JrtFileSystemProvider$JrtFsLoader                            : 342K
Loader jdk.internal.loader.ClassLoaders$AppClassLoader                                 : 235K
Loader org.gradle.groovy.scripts.internal.DefaultScriptCompilationHandler$ScriptClassLoader: 213K
Loader org.codehaus.groovy.runtime.callsite.CallSiteClassLoader                        : 70240B
Loader sun.reflect.misc.MethodUtil                                                     : 2984B

Classes loaded by more than one classloader:
Class Program                                                                         : loaded 5 times (x 72B)
Class com.google.common.collect.ImmutableList$SubList                                 : loaded 3 times (x 209B)
Class com.google.common.collect.ForwardingObject                                      : loaded 3 times (x 72B)
Class com.google.common.collect.ImmutableSet$SetBuilderImpl                           : loaded 3 times (x 76B)
Class com.google.common.collect.ImmutableList                                         : loaded 3 times (x 206B)
Class Build_gradle                                                                    : loaded 3 times (x 130B)
Class com.google.common.base.CharMatcher$InRange                                      : loaded 3 times (x 111B)
Class com.google.common.collect.RangeSet                                              : loaded 3 times (x 70B)
Class com.google.common.base.CharMatcher$NamedFastMatcher                             : loaded 3 times (x 112B)
Class com.google.common.base.CharMatcher$1                                            : loaded 3 times (x 113B)
Class com.google.common.base.Joiner$2                                                 : loaded 3 times (x 79B)
Class com.google.common.collect.RangeGwtSerializationDependencies                     : loaded 3 times (x 71B)
Class com.google.common.collect.PeekingIterator                                       : loaded 3 times (x 70B)
Class com.google.common.base.CharMatcher                                              : loaded 3 times (x 111B)
Class com.google.common.base.Joiner$1                                                 : loaded 3 times (x 80B)
Class com.google.common.base.Preconditions                                            : loaded 3 times (x 71B)
Class com.google.common.base.CharMatcher$Negated                                      : loaded 3 times (x 113B)
Class com.google.common.base.CharMatcher$Is                                           : loaded 3 times (x 111B)
Class com.google.common.base.CharMatcher$IsEither                                     : loaded 3 times (x 111B)
Class com.google.common.collect.ImmutableSet$RegularSetBuilderImpl                    : loaded 3 times (x 77B)
Class com.google.common.collect.ImmutableRangeSet$ComplementRanges                    : loaded 3 times (x 207B)
Class org.gradle.internal.IoActions                                                   : loaded 3 times (x 71B)
Class org.gradle.api.GradleException                                                  : loaded 3 times (x 82B)
Class com.google.common.base.CharMatcher$NegatedFastMatcher                           : loaded 3 times (x 113B)
Class com.google.common.collect.AbstractRangeSet                                      : loaded 3 times (x 114B)
Class com.google.common.base.Predicate                                                : loaded 3 times (x 70B)
Class com.google.common.base.CharMatcher$FastMatcher                                  : loaded 3 times (x 111B)
Class org.gradle.api.Action                                                           : loaded 3 times (x 70B)
Class org.gradle.internal.Cast                                                        : loaded 3 times (x 71B)
Class com.google.common.base.CharMatcher$Or                                           : loaded 3 times (x 112B)
Class com.google.common.collect.ImmutableSet                                          : loaded 3 times (x 145B)
Class com.google.common.base.CharMatcher$BitSetMatcher                                : loaded 3 times (x 112B)
Class com.google.common.collect.ImmutableRangeSet$Builder                             : loaded 3 times (x 77B)
Class Build_gradle$1                                                                  : loaded 3 times (x 74B)
Class com.google.common.collect.ImmutableList$1                                       : loaded 3 times (x 97B)
Class com.google.common.collect.RegularImmutableList                                  : loaded 3 times (x 213B)
Class com.google.common.base.Function                                                 : loaded 3 times (x 70B)
Class com.google.common.collect.RegularImmutableSortedSet                             : loaded 3 times (x 300B)
Class com.google.common.base.CharMatcher$IsNot                                        : loaded 3 times (x 111B)
Class com.google.common.collect.ImmutableSortedSet                                    : loaded 3 times (x 300B)
Class com.google.common.collect.Iterators$MergingIterator                             : loaded 3 times (x 81B)
Class com.google.common.collect.ImmutableAsList                                       : loaded 3 times (x 209B)
Class com.google.common.collect.Iterators$9                                           : loaded 3 times (x 81B)
Class com.google.common.collect.ImmutableSet$CachingAsList                            : loaded 3 times (x 148B)
Class com.google.common.collect.Lists                                                 : loaded 3 times (x 71B)
Class com.google.common.collect.ImmutableCollection                                   : loaded 3 times (x 125B)
Class com.google.common.base.CharMatcher$AnyOf                                        : loaded 3 times (x 112B)
Class com.google.common.base.CharMatcher$ForPredicate                                 : loaded 3 times (x 112B)
Class com.google.common.collect.Iterators$5                                           : loaded 3 times (x 82B)
Class com.google.common.collect.Iterators$4                                           : loaded 3 times (x 82B)
Class com.google.common.collect.SortedIterable                                        : loaded 3 times (x 70B)
Class com.google.common.collect.SingletonImmutableSet                                 : loaded 3 times (x 146B)
Class com.google.common.collect.Iterators$1                                           : loaded 3 times (x 81B)
Class com.google.common.collect.ImmutableList$ReverseImmutableList                    : loaded 3 times (x 209B)
Class org.gradle.api.UncheckedIOException                                             : loaded 3 times (x 82B)
Class com.google.common.collect.SingletonImmutableList                                : loaded 3 times (x 207B)
Class com.google.common.collect.RegularImmutableSet                                   : loaded 3 times (x 149B)
Class com.google.common.collect.AbstractIndexedListIterator                           : loaded 3 times (x 96B)
Class com.google.common.collect.AbstractIterator                                      : loaded 3 times (x 82B)
Class com.google.common.base.CharMatcher$And                                          : loaded 3 times (x 112B)
Class com.google.common.collect.UnmodifiableListIterator                              : loaded 3 times (x 95B)
Class com.google.common.collect.Lists$StringAsImmutableList                           : loaded 3 times (x 207B)
Class com.google.common.collect.Iterators                                             : loaded 3 times (x 71B)
Class com.google.common.collect.Range                                                 : loaded 3 times (x 87B)
Class com.google.common.collect.RegularImmutableAsList                                : loaded 3 times (x 217B)
Class com.google.common.collect.ImmutableRangeSet$1                                   : loaded 3 times (x 210B)
Class com.google.common.collect.ImmutableList$Builder                                 : loaded 3 times (x 77B)
Class com.intellij.gradle.toolingExtension.util.GradleVersionUtil                     : loaded 3 times (x 71B)
Class com.google.common.collect.UnmodifiableIterator                                  : loaded 3 times (x 80B)
Class com.google.common.base.Joiner                                                   : loaded 3 times (x 79B)
Class com.google.common.collect.ImmutableCollection$Builder                           : loaded 3 times (x 76B)
Class com.google.common.collect.Iterators$ArrayItr                                    : loaded 3 times (x 97B)
Class com.google.common.collect.ImmutableRangeSet$AsSet                               : loaded 3 times (x 300B)
Class com.google.common.collect.ImmutableRangeSet                                     : loaded 3 times (x 115B)
Class com.amazon.ion.impl.lite.IonSymbolLite                                          : loaded 2 times (x 246B)
Class com.amazon.ion.impl.bin.IonManagedBinaryWriter$ImportedSymbolResolverMode$1     : loaded 2 times (x 80B)
Class com.intellij.util.containers.IntObjectHashMap$ArrayProducer                     : loaded 2 times (x 70B)
Class org.gradle.internal.classloader.DefaultClassLoaderFactory                       : loaded 2 times (x 82B)
Class com.google.common.base.CharMatcher$None                                         : loaded 2 times (x 112B)
Class org.jetbrains.kotlin.config.LanguageVersionSettings                             : loaded 2 times (x 70B)
Class com.amazon.ion.impl.bin.IonManagedBinaryWriter$ImportedSymbolResolverMode$2     : loaded 2 times (x 80B)
Class com.google.common.collect.ReverseNaturalOrdering                                : loaded 2 times (x 114B)
Class kotlin.text.MatcherMatchResult$groupValues$1                                    : loaded 2 times (x 198B)
Class kotlin.sequences.SequencesKt___SequencesKt                                      : loaded 2 times (x 71B)
Class kotlin.collections.AbstractList$Companion                                       : loaded 2 times (x 71B)
Class org.gradle.internal.classloader.ClassLoaderVisitor                              : loaded 2 times (x 76B)
Class [Lcom.google.common.collect.ImmutableMapEntry;                                  : loaded 2 times (x 69B)
Class [Lcom.android.ide.common.repository.AgpVersion$PreviewKind;                     : loaded 2 times (x 69B)
Class org.jetbrains.kotlin.idea.projectModel.KotlinTaskProperties                     : loaded 2 times (x 70B)
Class org.jetbrains.plugins.gradle.tooling.serialization.internal.IdeaProjectSerializationService: loaded 2 times (x 77B)
Class com.google.common.collect.Ordering                                              : loaded 2 times (x 114B)
Class kotlin.sequences.SequencesKt___SequencesKt$flatMap$2                            : loaded 2 times (x 125B)
Class org.gradle.api.internal.classpath.EffectiveClassPath                            : loaded 2 times (x 90B)
Class [Lcom.amazon.ion.impl.bin.IonRawBinaryWriter$StreamCloseMode;                   : loaded 2 times (x 69B)
Class org.objectweb.asm.tree.ClassNode                                                : loaded 2 times (x 91B)
Class com.android.builder.model.v2.models.AndroidDsl                                  : loaded 2 times (x 70B)
Class [Lorg.jetbrains.kotlin.config.LanguageOrApiVersion;                             : loaded 2 times (x 69B)
Class com.google.common.collect.ListMultimap                                          : loaded 2 times (x 70B)
Class com.google.common.collect.ImmutableEnumMap                                      : loaded 2 times (x 126B)
Class com.amazon.ion.impl.lite.IonSystemLite                                          : loaded 2 times (x 275B)
Class com.amazon.ion.util.InputStreamInterceptor                                      : loaded 2 times (x 70B)
Class com.amazon.ion.impl.bin.IonRawBinaryWriter$PreallocationMode                    : loaded 2 times (x 82B)
Class com.amazon.ion.impl.bin._Private_IonRawWriter                                   : loaded 2 times (x 70B)
Class com.amazon.ion.IonWriter                                                        : loaded 2 times (x 70B)
Class kotlin.text.StringsKt__AppendableKt                                             : loaded 2 times (x 71B)
Class org.gradle.tooling.internal.gradle.DefaultProjectIdentifier                     : loaded 2 times (x 86B)
Class com.google.common.collect.Iterators$EmptyModifiableIterator                     : loaded 2 times (x 86B)
Class com.google.common.base.Splitter                                                 : loaded 2 times (x 72B)
Class com.android.ide.common.gradle.Numeric                                           : loaded 2 times (x 77B)
Class com.google.common.collect.Sets$1                                                : loaded 2 times (x 139B)
Class org.objectweb.asm.AnnotationVisitor                                             : loaded 2 times (x 78B)
Class com.amazon.ion.impl._Private_RecyclingQueue$ElementFactory                      : loaded 2 times (x 70B)
Class com.amazon.ion.impl._Private_IonContainer                                       : loaded 2 times (x 70B)
Class com.intellij.gradle.toolingExtension.impl.model.buildScriptClasspathModel.GradleBuildScriptClasspathSerializationService$ReadContext: loaded 2 times (x 72B)
Class org.gradle.internal.impldep.gnu.trove.TObjectIntHashMap                         : loaded 2 times (x 109B)
Class com.google.common.collect.ComparatorOrdering                                    : loaded 2 times (x 115B)
Class org.gradle.api.internal.DefaultClassPathProvider                                : loaded 2 times (x 76B)
Class com.google.common.collect.MapMakerInternalMap$Strength$1                        : loaded 2 times (x 80B)
Class com.google.common.collect.Maps$ViewCachingAbstractMap                           : loaded 2 times (x 125B)
Class com.android.builder.model.v2.models.BasicAndroidProject                         : loaded 2 times (x 70B)
Class com.google.common.collect.Sets$2                                                : loaded 2 times (x 139B)
Class com.amazon.ion.impl._Private_RecyclingStack$$Iterator                           : loaded 2 times (x 99B)
Class com.amazon.ion.impl.SharedSymbolTable                                           : loaded 2 times (x 93B)
Class com.amazon.ion.impl.bin.IonRawBinaryWriter                                      : loaded 2 times (x 169B)
Class com.amazon.ion.SymbolToken                                                      : loaded 2 times (x 70B)
Class kotlin.text.StringsKt__StringNumberConversionsJVMKt                             : loaded 2 times (x 71B)
Class com.google.common.collect.NaturalOrdering                                       : loaded 2 times (x 115B)
Class kotlin.text.MatchResult                                                         : loaded 2 times (x 70B)
Class kotlin.sequences.SequenceScope                                                  : loaded 2 times (x 73B)
Class kotlin.sequences.Sequence                                                       : loaded 2 times (x 70B)
Class org.gradle.tooling.ToolingModelContract                                         : loaded 2 times (x 70B)
Class [Lorg.gradle.api.internal.ClassPathProvider;                                    : loaded 2 times (x 69B)
Class org.gradle.api.internal.ClassPathProvider                                       : loaded 2 times (x 70B)
Class com.google.common.collect.MapMakerInternalMap$Strength$2                        : loaded 2 times (x 80B)
Class com.google.common.base.AbstractIterator$State                                   : loaded 2 times (x 79B)
Class org.jetbrains.kotlin.cli.common.CompilerSystemProperties                        : loaded 2 times (x 80B)
Class org.jetbrains.kotlin.config.LanguageVersion$Companion                           : loaded 2 times (x 71B)
Class [Lorg.objectweb.asm.AnnotationVisitor;                                          : loaded 2 times (x 69B)
Class com.google.common.collect.Sets$3                                                : loaded 2 times (x 139B)
Class com.google.common.util.concurrent.AbstractFuture$SafeAtomicHelper               : loaded 2 times (x 79B)
Class com.google.common.cache.LocalCache$LocalLoadingCache                            : loaded 2 times (x 134B)
Class jdk.internal.jrtfs.SystemImage                                                  : loaded 2 times (x 74B)
Class com.amazon.ion.impl.lite.IonBoolLite                                            : loaded 2 times (x 178B)
Class org.gradle.internal.impldep.gnu.trove.TObjectHash$NULL                          : loaded 2 times (x 71B)
Class kotlin.collections.CollectionsKt___CollectionsKt$asSequence$$inlined$Sequence$1 : loaded 2 times (x 75B)
Class org.gradle.internal.service.UnknownServiceException                             : loaded 2 times (x 83B)
Class ijJvmDebugger1_b7mlr1pndd681wllvlsvylhrq$_run_closure1                          : loaded 2 times (x 139B)
Class com.google.common.collect.MapMakerInternalMap$StrongValueEntry                  : loaded 2 times (x 70B)
Class org.jetbrains.kotlin.config.JvmDefaultMode                                      : loaded 2 times (x 79B)
Class com.google.common.io.ByteArrayDataInput                                         : loaded 2 times (x 70B)
Class com.google.common.collect.Sets$4                                                : loaded 2 times (x 139B)
Class org.objectweb.asm.ModuleVisitor                                                 : loaded 2 times (x 81B)
Class com.google.common.cache.LocalCache$Strength$1                                   : loaded 2 times (x 81B)
Class org.jetbrains.kotlin.idea.gradleTooling.model.kapt.KaptGradleModel              : loaded 2 times (x 70B)
Class org.gradle.internal.impldep.gnu.trove.PrimeFinder                               : loaded 2 times (x 71B)
Class org.jetbrains.kotlin.idea.gradleTooling.KotlinDslScriptAdditionalTask           : loaded 2 times (x 70B)
Class org.jetbrains.plugins.gradle.model.ClasspathEntryModel                          : loaded 2 times (x 70B)
Class com.google.common.util.concurrent.SettableFuture                                : loaded 2 times (x 114B)
Class com.google.common.cache.LocalCache$Strength$2                                   : loaded 2 times (x 81B)
Class com.amazon.ion.IonTimestamp                                                     : loaded 2 times (x 70B)
Class com.amazon.ion.impl.bin.PooledBlockAllocatorProvider$PooledBlockAllocator       : loaded 2 times (x 81B)
Class org.jetbrains.plugins.gradle.tooling.serialization.GradleExtensionsSerializationService: loaded 2 times (x 77B)
Class org.gradle.api.JavaVersion                                                      : loaded 2 times (x 79B)
Class org.gradle.tooling.model.Dependency                                             : loaded 2 times (x 70B)
Class com.google.common.collect.Interners$InternerImpl                                : loaded 2 times (x 75B)
Class com.google.common.collect.Interner                                              : loaded 2 times (x 70B)
Class com.google.common.collect.TransformedIterator                                   : loaded 2 times (x 80B)
Class com.google.common.base.Splitter$1                                               : loaded 2 times (x 77B)
Class com.google.common.io.ByteStreams                                                : loaded 2 times (x 71B)
Class com.android.builder.model.v2.ide.AbstractArtifact                               : loaded 2 times (x 70B)
Class com.google.common.cache.LocalCache$Strength$3                                   : loaded 2 times (x 81B)
Class com.google.common.collect.MapDifference                                         : loaded 2 times (x 70B)
Class com.amazon.ion.IonDatagram                                                      : loaded 2 times (x 70B)
Class com.amazon.ion.impl._Private_RecyclingStack$ElementFactory                      : loaded 2 times (x 70B)
Class com.amazon.ion.impl.bin.IonManagedBinaryWriter$ImportedSymbolResolverMode$1$1   : loaded 2 times (x 78B)
Class com.amazon.ion.impl._Private_ByteTransferSink                                   : loaded 2 times (x 70B)
Class com.intellij.openapi.externalSystem.model.project.dependencies.ResolutionState  : loaded 2 times (x 79B)
Class kotlin.text.StringsKt__RegexExtensionsJVMKt                                     : loaded 2 times (x 71B)
Class com.google.common.collect.AllEqualOrdering                                      : loaded 2 times (x 114B)
Class kotlin.collections.ArraysKt___ArraysJvmKt                                       : loaded 2 times (x 71B)
Class kotlin.collections.CollectionsKt__CollectionsKt                                 : loaded 2 times (x 71B)
Class com.google.common.collect.MapMaker$Dummy                                        : loaded 2 times (x 79B)
Class org.objectweb.asm.FieldWriter                                                   : loaded 2 times (x 78B)
Class com.google.common.cache.CacheBuilder$NullListener                               : loaded 2 times (x 82B)
Class org.jetbrains.plugins.gradle.model.ExternalLibraryDependency                    : loaded 2 times (x 70B)
Class kotlin.text.Regex$Companion                                                     : loaded 2 times (x 71B)
Class org.gradle.internal.classpath.TransformedClassPath                              : loaded 2 times (x 96B)
Class org.gradle.internal.classloader.InstrumentingClassLoader                        : loaded 2 times (x 70B)
Class org.jetbrains.kotlin.idea.gradleTooling.AndroidAwareGradleModelProvider$Companion: loaded 2 times (x 71B)
Class com.google.common.collect.ImmutableListMultimap                                 : loaded 2 times (x 176B)
Class com.google.common.cache.CacheLoader$FunctionToCacheLoader                       : loaded 2 times (x 75B)
Class com.google.common.base.Suppliers                                                : loaded 2 times (x 71B)
Class [Lcom.google.common.cache.CacheBuilder$OneWeigher;                              : loaded 2 times (x 69B)
Class jdk.internal.jrtfs.SystemImage$1                                                : loaded 2 times (x 78B)
Class com.amazon.ion.IonValue                                                         : loaded 2 times (x 70B)
Class kotlin.jvm.internal.FunctionReference                                           : loaded 2 times (x 122B)
Class [Lkotlin.coroutines.intrinsics.CoroutineSingletons;                             : loaded 2 times (x 69B)
Class kotlin.jvm.internal.FunctionBase                                                : loaded 2 times (x 70B)
Class kotlin.enums.EnumEntriesList                                                    : loaded 2 times (x 223B)
Class org.jetbrains.kotlin.config.LanguageFeature                                     : loaded 2 times (x 80B)
Class com.google.common.collect.EmptyImmutableListMultimap                            : loaded 2 times (x 176B)
Class com.google.common.collect.BaseImmutableMultimap                                 : loaded 2 times (x 123B)
Class org.objectweb.asm.MethodTooLargeException                                       : loaded 2 times (x 83B)
Class com.google.common.base.MoreObjects                                              : loaded 2 times (x 71B)
Class jdk.internal.jrtfs.SystemImage$2                                                : loaded 2 times (x 76B)
Class com.amazon.ion.impl.bin.IonRawBinaryWriter$ContainerType                        : loaded 2 times (x 79B)
Class com.amazon.ion.impl._Private_IonTextWriterBuilder$Mutable                       : loaded 2 times (x 102B)
Class kotlin.comparisons.ComparisonsKt___ComparisonsJvmKt                             : loaded 2 times (x 71B)
Class kotlin.collections.CollectionsKt__IteratorsJVMKt                                : loaded 2 times (x 71B)
Class [Lorg.objectweb.asm.Attribute;                                                  : loaded 2 times (x 69B)
Class com.android.builder.model.v2.ide.TestInfo$Execution                             : loaded 2 times (x 79B)
Class org.jetbrains.kotlin.config.LanguageOrApiVersion                                : loaded 2 times (x 70B)
Class com.google.common.collect.Platform                                              : loaded 2 times (x 71B)
Class [Lorg.objectweb.asm.Type;                                                       : loaded 2 times (x 69B)
Class com.google.common.base.Platform$JdkPatternCompiler                              : loaded 2 times (x 75B)
Class org.jetbrains.kotlin.idea.gradleTooling.KotlinSourceSetContainer                : loaded 2 times (x 70B)
Class org.jetbrains.plugins.gradle.model.IntelliJSettings                             : loaded 2 times (x 70B)
Class kotlin.Result                                                                   : loaded 2 times (x 72B)
Class org.gradle.internal.service.ServiceLocator                                      : loaded 2 times (x 70B)
Class com.google.common.collect.MapMakerInternalMap$Strength                          : loaded 2 times (x 80B)
Class com.google.common.collect.HashBiMap$BiEntry                                     : loaded 2 times (x 83B)
Class com.google.common.base.Ascii                                                    : loaded 2 times (x 71B)
Class com.google.common.collect.SingletonImmutableBiMap                               : loaded 2 times (x 143B)
Class com.google.common.cache.LocalCache$1                                            : loaded 2 times (x 89B)
Class com.google.common.collect.Iterators$SingletonIterator                           : loaded 2 times (x 81B)
Class com.google.common.collect.AbstractMapEntry                                      : loaded 2 times (x 81B)
Class jdk.internal.jrtfs.JrtFileSystemProvider                                        : loaded 2 times (x 101B)
Class com.amazon.ion.impl.IonWriterSystem                                             : loaded 2 times (x 171B)
Class com.amazon.ion.impl.bin.Symbols$2                                               : loaded 2 times (x 107B)
Class com.amazon.ion.impl.bin._Private_IonManagedWriter                               : loaded 2 times (x 70B)
Class com.android.ide.gradle.model.GradlePropertiesModel                              : loaded 2 times (x 70B)
Class kotlin.sequences.TransformingSequence$iterator$1                                : loaded 2 times (x 79B)
Class kotlin.Pair                                                                     : loaded 2 times (x 72B)
Class org.gradle.tooling.internal.adapter.ProtocolToModelAdapter$SupportedPropertyInvoker: loaded 2 times (x 76B)
Class org.gradle.tooling.model.UnsupportedMethodException                             : loaded 2 times (x 82B)
Class com.google.common.collect.MapMakerInternalMap$AbstractStrongKeyEntry            : loaded 2 times (x 80B)
Class com.android.builder.model.v2.ide.BytecodeTransformation                         : loaded 2 times (x 79B)
Class com.google.common.collect.Sets$ImprovedAbstractSet                              : loaded 2 times (x 135B)
Class com.google.common.collect.MapMakerInternalMap$StrongKeyDummyValueEntry$LinkedStrongKeyDummyValueEntry: loaded 2 times (x 82B)
Class com.google.common.collect.AbstractMultimap                                      : loaded 2 times (x 123B)
Class com.google.common.cache.LocalCache$2                                            : loaded 2 times (x 142B)
Class com.amazon.ion.impl.lite.IonContainerLite                                       : loaded 2 times (x 248B)
Class com.amazon.ion.IonBufferConfiguration$OversizedSymbolTableHandler               : loaded 2 times (x 70B)
Class com.amazon.ion.system.IonWriterBuilder                                          : loaded 2 times (x 74B)
Class org.jetbrains.plugins.gradle.tooling.serialization.ToolingStreamApiUtils        : loaded 2 times (x 71B)
Class com.amazon.ion.facet.Faceted                                                    : loaded 2 times (x 70B)
Class kotlin.collections.CollectionsKt__MutableCollectionsKt                          : loaded 2 times (x 71B)
Class org.gradle.internal.operations.MultipleBuildOperationFailures                   : loaded 2 times (x 95B)
Class com.android.builder.model.v2.ide.CodeShrinker                                   : loaded 2 times (x 79B)
Class org.jetbrains.kotlin.config.MavenComparableVersion$IntegerItem                  : loaded 2 times (x 80B)
Class com.google.common.util.concurrent.AbstractFuture$UnsafeAtomicHelper$1           : loaded 2 times (x 76B)
Class org.gradle.tooling.internal.adapter.MethodInvocation                            : loaded 2 times (x 85B)
Class com.amazon.ion.impl.bin.utf8.Poolable                                           : loaded 2 times (x 79B)
Class com.amazon.ion.IonSymbol                                                        : loaded 2 times (x 70B)
Class org.jetbrains.plugins.gradle.tooling.serialization.AnnotationProcessingModelSerializationService$WriteContext: loaded 2 times (x 72B)
Class org.gradle.internal.impldep.gnu.trove.THash                                     : loaded 2 times (x 81B)
Class kotlin.io.TerminateException                                                    : loaded 2 times (x 82B)
Class kotlin.io.FilesKt__FilePathComponentsKt                                         : loaded 2 times (x 71B)
Class kotlin.reflect.KCallable                                                        : loaded 2 times (x 70B)
Class com.google.common.base.Optional                                                 : loaded 2 times (x 80B)
Class kotlin.sequences.TransformingSequence                                           : loaded 2 times (x 75B)
Class com.google.common.util.concurrent.AbstractFuture$Trusted                        : loaded 2 times (x 70B)
Class com.intellij.util.ThrowableConsumer                                             : loaded 2 times (x 70B)
Class org.jetbrains.kotlin.idea.gradleTooling.KotlinGradlePluginVersion               : loaded 2 times (x 70B)
Class com.intellij.compose.ide.plugin.gradleTooling.rt.ComposeResourcesModel          : loaded 2 times (x 70B)
Class com.amazon.ion.impl.lite.IonStructLite                                          : loaded 2 times (x 298B)
Class com.amazon.ion.impl._Private_ReaderWriter                                       : loaded 2 times (x 70B)
Class com.amazon.ion.impl.bin.AbstractSymbolTable                                     : loaded 2 times (x 107B)
Class com.amazon.ion.Decimal                                                          : loaded 2 times (x 133B)
Class com.amazon.ion.impl.bin._Private_IonManagedBinaryWriterBuilder$AllocatorMode$1  : loaded 2 times (x 80B)
Class org.jetbrains.plugins.gradle.tooling.serialization.ProjectDependenciesSerializationService$WriteContext: loaded 2 times (x 72B)
Class org.jetbrains.plugins.gradle.tooling.serialization.ProjectDependenciesSerializationService: loaded 2 times (x 77B)
Class kotlin.text.CharsKt                                                             : loaded 2 times (x 71B)
Class org.gradle.tooling.model.kotlin.dsl.KotlinDslScriptModel                        : loaded 2 times (x 70B)
Class org.gradle.tooling.internal.adapter.CollectionMapper                            : loaded 2 times (x 73B)
Class org.jetbrains.kotlin.tooling.core.KotlinToolingVersion                          : loaded 2 times (x 75B)
Class [Lcom.android.builder.model.v2.ide.LibraryType;                                 : loaded 2 times (x 69B)
Class com.android.builder.model.v2.ide.LibraryType                                    : loaded 2 times (x 79B)
Class com.google.common.io.ByteSink$AsCharSink                                        : loaded 2 times (x 80B)
Class jdk.internal.jimage.decompressor.StringSharingDecompressorFactory               : loaded 2 times (x 74B)
Class com.google.common.util.concurrent.UncheckedExecutionException                   : loaded 2 times (x 82B)
Class org.gradle.kotlin.dsl.VersionCatalogAccessorsKt                                 : loaded 2 times (x 71B)
Class jdk.internal.jimage.ImageLocation                                               : loaded 2 times (x 90B)
Class jdk.internal.jrtfs.JrtDirectoryStream$1                                         : loaded 2 times (x 83B)
Class com.amazon.ion.impl.lite.IonFloatLite                                           : loaded 2 times (x 186B)
Class com.amazon.ion.impl._Private_IonTextWriterBuilder                               : loaded 2 times (x 102B)
Class com.amazon.ion.impl.bin._Private_IonManagedBinaryWriterBuilder$AllocatorMode$2  : loaded 2 times (x 80B)
Class org.gradle.internal.impldep.gnu.trove.Equality                                  : loaded 2 times (x 70B)
Class com.google.common.collect.ExplicitOrdering                                      : loaded 2 times (x 115B)
Class org.jetbrains.kotlin.config.MavenComparableVersion                              : loaded 2 times (x 78B)
Class org.jetbrains.plugins.gradle.ExternalDependencyId                               : loaded 2 times (x 70B)
Class com.amazon.ion.impl._Private_RecyclingStack                                     : loaded 2 times (x 79B)
Class com.amazon.ion.impl._Private_IonReaderBuilder                                   : loaded 2 times (x 97B)
Class com.amazon.ion.IonMutableCatalog                                                : loaded 2 times (x 70B)
Class com.intellij.gradle.toolingExtension.impl.model.buildScriptClasspathModel.GradleBuildScriptClasspathSerializationService$WriteContext: loaded 2 times (x 72B)
Class org.gradle.tooling.internal.adapter.ProtocolToModelAdapter                      : loaded 2 times (x 80B)
Class org.gradle.internal.InternalTransformer                                         : loaded 2 times (x 70B)
Class com.android.builder.model.v2.ide.AndroidGradlePluginProjectFlags$BooleanFlag    : loaded 2 times (x 79B)
Class com.google.common.collect.AbstractMapBasedMultimap$KeySet$1                     : loaded 2 times (x 82B)
Class com.android.ide.common.gradle.Separator                                         : loaded 2 times (x 79B)
Class org.objectweb.asm.ClassWriter                                                   : loaded 2 times (x 106B)
Class org.objectweb.asm.ClassVisitor                                                  : loaded 2 times (x 88B)
Class com.google.common.cache.CacheLoader$UnsupportedLoadingOperationException        : loaded 2 times (x 82B)
Class jdk.internal.jimage.ImageBufferCache$1                                          : loaded 2 times (x 83B)
Class org.gradle.internal.impldep.gnu.trove.TObjectCanonicalHashingStrategy           : loaded 2 times (x 80B)
Class kotlin.collections.MapsKt__MapsJVMKt                                            : loaded 2 times (x 71B)
Class kotlin.collections.EmptyList                                                    : loaded 2 times (x 174B)
Class org.gradle.internal.time.DefaultTimer                                           : loaded 2 times (x 80B)
Class org.gradle.internal.classloader.ClasspathUtil$1                                 : loaded 2 times (x 76B)
Class com.google.common.base.Objects                                                  : loaded 2 times (x 71B)
Class org.objectweb.asm.FieldVisitor                                                  : loaded 2 times (x 77B)
Class com.google.common.collect.IndexedImmutableSet                                   : loaded 2 times (x 152B)
Class com.google.common.collect.BiMap                                                 : loaded 2 times (x 70B)
Class com.google.common.collect.ImmutableMap$1                                        : loaded 2 times (x 81B)
Class jdk.internal.jimage.ImageBufferCache$2                                          : loaded 2 times (x 91B)
Class com.amazon.ion.impl.bin.PooledBlockAllocatorProvider$PooledBlockAllocator$1     : loaded 2 times (x 79B)
Class com.amazon.ion.impl.lite.IonStringLite                                          : loaded 2 times (x 212B)
Class org.gradle.tooling.internal.adapter.ProtocolToModelAdapter$ViewKey              : loaded 2 times (x 72B)
Class org.gradle.api.internal.classpath.DefaultModuleRegistry$DefaultModule           : loaded 2 times (x 86B)
Class com.android.builder.model.v2.CustomSourceDirectory                              : loaded 2 times (x 70B)
Class com.google.common.primitives.Ints                                               : loaded 2 times (x 71B)
Class com.android.ide.common.repository.AgpVersion                                    : loaded 2 times (x 75B)
Class [Lorg.objectweb.asm.Symbol;                                                     : loaded 2 times (x 69B)
Class com.amazon.ion.impl.bin.Block                                                   : loaded 2 times (x 79B)
Class com.google.common.collect.NullsFirstOrdering                                    : loaded 2 times (x 115B)
Class kotlin.ResultKt                                                                 : loaded 2 times (x 71B)
Class org.gradle.tooling.internal.adapter.ProtocolToModelAdapter$PropertyCachingMethodInvoker: loaded 2 times (x 76B)
Class com.android.builder.model.v2.models.ProjectSyncIssues                           : loaded 2 times (x 70B)
Class com.google.common.collect.ObjectArrays                                          : loaded 2 times (x 71B)
Class com.google.common.collect.Multiset                                              : loaded 2 times (x 70B)
Class com.google.common.collect.ArrayListMultimapGwtSerializationDependencies         : loaded 2 times (x 172B)
Class com.android.utils.FileUtils                                                     : loaded 2 times (x 71B)
Class com.google.common.math.MathPreconditions                                        : loaded 2 times (x 71B)
Class com.intellij.openapi.externalSystem.model.ExternalSystemException               : loaded 2 times (x 86B)
Class org.jetbrains.plugins.gradle.model.ExternalTask                                 : loaded 2 times (x 70B)
Class com.amazon.ion.impl.bin.utf8.Utf8StringEncoderPool$1                            : loaded 2 times (x 76B)
Class com.amazon.ion.impl.lite.IonLoaderLite                                          : loaded 2 times (x 82B)
Class com.amazon.ion.impl.lite.IonContext                                             : loaded 2 times (x 70B)
Class com.amazon.ion.impl.IonWriterSystemText                                         : loaded 2 times (x 190B)
Class [Lcom.amazon.ion.impl.bin.IonManagedBinaryWriter$ImportedSymbolResolverMode;    : loaded 2 times (x 69B)
Class com.amazon.ion.ValueFactory                                                     : loaded 2 times (x 70B)
Class kotlin.Result$Failure                                                           : loaded 2 times (x 72B)
Class kotlin.collections.ArraysKt__ArraysKt                                           : loaded 2 times (x 71B)
Class org.gradle.internal.time.DefaultCountdownTimer                                  : loaded 2 times (x 88B)
Class com.google.common.collect.ImmutableMapEntrySet                                  : loaded 2 times (x 152B)
Class com.amazon.ion.impl.bin.IonManagedBinaryWriter$SymbolResolver                   : loaded 2 times (x 70B)
Class com.amazon.ion.impl._Private_SymbolToken                                        : loaded 2 times (x 70B)
Class com.amazon.ion.impl.bin._Private_IonManagedBinaryWriterBuilder$AllocatorMode    : loaded 2 times (x 80B)
Class org.jetbrains.plugins.gradle.model.GradleTaskModel                              : loaded 2 times (x 70B)
Class org.jetbrains.plugins.gradle.tooling.util.ObjectCollector                       : loaded 2 times (x 72B)
Class kotlin.collections.SetsKt__SetsJVMKt                                            : loaded 2 times (x 71B)
Class org.gradle.tooling.internal.adapter.ProtocolToModelAdapter$AdaptingMethodInvoker: loaded 2 times (x 76B)
Class org.gradle.tooling.internal.gradle.DefaultBuildIdentifier                       : loaded 2 times (x 79B)
Class kotlin.Function                                                                 : loaded 2 times (x 70B)
Class org.gradle.api.internal.classpath.Module                                        : loaded 2 times (x 70B)
Class com.google.common.cache.Weigher                                                 : loaded 2 times (x 70B)
Class [Lcom.amazon.ion.util.GzipStreamInterceptor;                                    : loaded 2 times (x 69B)
Class com.amazon.ion.impl._Private_IonReaderBuilder$Mutable                           : loaded 2 times (x 97B)
Class com.intellij.openapi.externalSystem.model.project.IExternalSystemSourceType     : loaded 2 times (x 70B)
Class kotlin.io.FileAlreadyExistsException                                            : loaded 2 times (x 82B)
Class kotlin.internal.ProgressionUtilKt                                               : loaded 2 times (x 71B)
Class org.gradle.api.internal.classpath.UnknownModuleException                        : loaded 2 times (x 82B)
Class org.jetbrains.kotlin.cli.common.arguments.K2JVMCompilerArguments$Companion      : loaded 2 times (x 71B)
Class org.jetbrains.kotlin.config.ApiVersion                                          : loaded 2 times (x 86B)
Class com.google.common.base.Stopwatch                                                : loaded 2 times (x 72B)
Class com.google.common.cache.LocalCache$Strength                                     : loaded 2 times (x 81B)
Class com.google.common.cache.Cache                                                   : loaded 2 times (x 70B)
Class jdk.internal.jimage.ImageHeader                                                 : loaded 2 times (x 71B)
Class com.intellij.openapi.externalSystem.model.project.dependencies.ProjectDependencies: loaded 2 times (x 70B)
Class org.jetbrains.plugins.gradle.tooling.serialization.ProjectDependenciesSerializationService$ReadContext: loaded 2 times (x 72B)
Class org.gradle.internal.impldep.gnu.trove.TObjectIdentityHashingStrategy            : loaded 2 times (x 78B)
Class com.google.common.io.AppendableWriter                                           : loaded 2 times (x 100B)
Class com.google.common.base.NullnessCasts                                            : loaded 2 times (x 71B)
Class com.google.common.io.Files$2                                                    : loaded 2 times (x 76B)
Class com.google.common.util.concurrent.AbstractFuture$Cancellation                   : loaded 2 times (x 72B)
Class com.google.common.collect.ImmutableMap$Builder                                  : loaded 2 times (x 82B)
Class ijKotlinCoroutineJvmDebugInit1_2bzovj1o15gqbowk6l5mscl8j$_run_closure1          : loaded 2 times (x 139B)
Class com.google.common.base.Present                                                  : loaded 2 times (x 81B)
Class com.google.common.collect.AbstractMapBasedMultimap$WrappedCollection$WrappedIterator: loaded 2 times (x 84B)
Class org.jetbrains.kotlin.cli.common.arguments.CommonToolArguments$Companion         : loaded 2 times (x 71B)
Class com.google.common.cache.RemovalListener                                         : loaded 2 times (x 70B)
Class com.amazon.ion.IonBufferConfiguration                                           : loaded 2 times (x 73B)
Class com.amazon.ion.impl.bin.Symbols                                                 : loaded 2 times (x 71B)
Class org.jetbrains.plugins.gradle.tooling.serialization.RepositoriesModelSerializationService: loaded 2 times (x 82B)
Class com.android.ide.gradle.model.artifacts.AdditionalClassifierArtifactsModel       : loaded 2 times (x 70B)
Class org.gradle.tooling.internal.gradle.GradleProjectIdentity                        : loaded 2 times (x 70B)
Class org.gradle.api.internal.DefaultClassPathRegistry                                : loaded 2 times (x 76B)
Class org.jetbrains.kotlin.cli.common.messages.MessageCollector                       : loaded 2 times (x 70B)
Class [Lorg.jetbrains.kotlin.config.JvmDefaultMode;                                   : loaded 2 times (x 69B)
Class com.google.common.collect.ImmutableMultimap$Keys                                : loaded 2 times (x 166B)
Class com.android.builder.model.v2.ide.JavaArtifact                                   : loaded 2 times (x 70B)
Class com.google.common.primitives.IntsMethodsForWeb                                  : loaded 2 times (x 71B)
Class com.google.common.collect.Multimap                                              : loaded 2 times (x 70B)
Class [Lcom.amazon.ion.impl.bin.AbstractIonWriter$WriteValueOptimization;             : loaded 2 times (x 69B)
Class org.jetbrains.plugins.gradle.tooling.serialization.RepositoriesModelSerializationService$ReadContext: loaded 2 times (x 72B)
Class kotlin.ranges.ClosedRange                                                       : loaded 2 times (x 70B)
Class org.gradle.api.internal.ClassPathRegistry                                       : loaded 2 times (x 70B)
Class org.gradle.internal.classpath.DefaultClassPath$ImmutableUniqueList              : loaded 2 times (x 199B)
Class com.google.common.collect.MapMakerInternalMap$Segment                           : loaded 2 times (x 142B)
Class com.google.common.base.ExtraObjectsMethodsForWeb                                : loaded 2 times (x 71B)
Class jdk.internal.jimage.decompressor.ResourceDecompressor                           : loaded 2 times (x 70B)
Class com.amazon.ion.impl.bin.IonManagedBinaryWriter$UserState                        : loaded 2 times (x 85B)
Class com.amazon.ion.impl._Private_IonWriter                                          : loaded 2 times (x 70B)
Class com.amazon.ion.impl.bin._Private_IonManagedBinaryWriterBuilder                  : loaded 2 times (x 72B)
Class com.intellij.gradle.toolingExtension.impl.model.projectModel.GradleExternalProjectSerializationService$WriteContext: loaded 2 times (x 73B)
Class kotlin.text.StringsKt__StringsJVMKt                                             : loaded 2 times (x 71B)
Class kotlin.collections.IntIterator                                                  : loaded 2 times (x 82B)
Class com.google.common.collect.NullnessCasts                                         : loaded 2 times (x 71B)
Class com.android.builder.model.v2.ide.AaptOptions$Namespacing                        : loaded 2 times (x 79B)
Class org.jetbrains.kotlin.config.JvmDefaultMode$Companion                            : loaded 2 times (x 71B)
Class com.google.common.io.ByteSink                                                   : loaded 2 times (x 76B)
Class com.android.builder.model.v2.dsl.SigningConfig                                  : loaded 2 times (x 70B)
Class com.android.builder.model.v2.models.AndroidProject                              : loaded 2 times (x 70B)
Class com.android.builder.model.v2.AndroidModel                                       : loaded 2 times (x 70B)
Class com.google.common.cache.CacheBuilder                                            : loaded 2 times (x 72B)
Class org.jetbrains.kotlin.config.ExplicitApiMode$Companion                           : loaded 2 times (x 71B)
Class Settings_gradle$1                                                               : loaded 2 times (x 74B)
Class [Lcom.amazon.ion.SymbolToken;                                                   : loaded 2 times (x 69B)
Class kotlin.text.StringsKt__IndentKt                                                 : loaded 2 times (x 71B)
Class kotlin.collections.SetsKt                                                       : loaded 2 times (x 71B)
Class com.google.common.collect.TransformedListIterator                               : loaded 2 times (x 93B)
Class org.gradle.internal.classpath.ClassPath                                         : loaded 2 times (x 70B)
Class com.google.common.collect.Interners$InternerBuilder                             : loaded 2 times (x 76B)
Class com.google.common.io.Files$FileByteSource                                       : loaded 2 times (x 85B)
Class com.google.common.base.JdkPattern                                               : loaded 2 times (x 75B)
Class org.gradle.tooling.internal.adapter.TargetTypeProvider                          : loaded 2 times (x 70B)
Class org.jetbrains.plugins.gradle.model.ExternalProjectDependency                    : loaded 2 times (x 70B)
Class org.jetbrains.plugins.gradle.tooling.serialization.KotlinDslScriptsModelSerializationService: loaded 2 times (x 81B)
Class kotlin.reflect.KFunction                                                        : loaded 2 times (x 70B)
Class kotlin.collections.ArrayDeque                                                   : loaded 2 times (x 207B)
Class com.google.common.io.CharStreams$NullWriter                                     : loaded 2 times (x 99B)
Class com.android.builder.model.v2.ide.UnresolvedDependency                           : loaded 2 times (x 70B)
Class org.jetbrains.kotlin.cli.common.arguments.Freezable                             : loaded 2 times (x 72B)
Class org.objectweb.asm.SymbolTable$Entry                                             : loaded 2 times (x 74B)
Class com.google.common.util.concurrent.AbstractFuture$AtomicHelper                   : loaded 2 times (x 78B)
Class com.amazon.ion.system.IonSystemBuilder$Mutable                                  : loaded 2 times (x 75B)
Class com.amazon.ion.impl.bin.IonManagedBinaryWriter$SymbolResolverBuilder            : loaded 2 times (x 70B)
Class org.jetbrains.kotlin.idea.gradleTooling.KotlinGradleModel                       : loaded 2 times (x 70B)
Class org.jetbrains.plugins.gradle.tooling.serialization.ExternalTestsSerializationService$WriteContext: loaded 2 times (x 72B)
Class kotlin.collections.MapsKt__MapsKt                                               : loaded 2 times (x 71B)
Class com.android.builder.model.v2.ide.Variant                                        : loaded 2 times (x 70B)
Class org.objectweb.asm.Edge                                                          : loaded 2 times (x 72B)
Class com.google.common.base.Suppliers$SupplierOfInstance                             : loaded 2 times (x 79B)
Class kotlin.ranges.IntProgression$Companion                                          : loaded 2 times (x 71B)
Class jdk.internal.jimage.ImageStringsReader                                          : loaded 2 times (x 80B)
Class com.amazon.ion.impl._Private_RecyclingStack$Recycler                            : loaded 2 times (x 70B)
Class com.amazon.ion.impl.bin.IonManagedBinaryWriter$LocalSymbolTableView             : loaded 2 times (x 107B)
Class com.amazon.ion.impl.bin.IonRawBinaryWriter$ThrowingRunnable                     : loaded 2 times (x 70B)
Class org.gradle.tooling.model.Model                                                  : loaded 2 times (x 70B)
Class com.google.common.cache.LocalCache$ComputingValueReference                      : loaded 2 times (x 96B)
Class org.jetbrains.plugins.gradle.model.GradleExtensions                             : loaded 2 times (x 70B)
Class com.google.common.collect.ImmutableMap$IteratorBasedImmutableMap                : loaded 2 times (x 126B)
Class com.amazon.ion.UnknownSymbolException                                           : loaded 2 times (x 86B)
Class com.android.ide.gradle.model.composites.BuildMap                                : loaded 2 times (x 70B)
Class kotlin.text.MatchResult$Destructured                                            : loaded 2 times (x 72B)
Class kotlin.Metadata                                                                 : loaded 2 times (x 70B)
Class kotlin.UninitializedPropertyAccessException                                     : loaded 2 times (x 82B)
Class com.google.common.collect.AbstractMapBasedMultimap$AsMap$AsMapEntries           : loaded 2 times (x 138B)
Class com.android.builder.model.v2.ide.Library                                        : loaded 2 times (x 70B)
Class com.android.builder.model.v2.ide.ArtifactDependenciesAdjacencyList              : loaded 2 times (x 70B)
Class com.android.builder.model.v2.models.Versions                                    : loaded 2 times (x 70B)
Class com.google.common.cache.LocalCache$Segment                                      : loaded 2 times (x 154B)
Class jdk.internal.jimage.ImageReader                                                 : loaded 2 times (x 75B)
Class org.jetbrains.plugins.gradle.model.IntelliJProjectSettings                      : loaded 2 times (x 70B)
Class org.gradle.tooling.internal.adapter.ProtocolToModelAdapter$MethodInvocationCache: loaded 2 times (x 73B)
Class org.jetbrains.plugins.gradle.model.AnnotationProcessingModel                    : loaded 2 times (x 70B)
Class org.jetbrains.kotlin.utils.DescriptionAware                                     : loaded 2 times (x 70B)
Class com.android.builder.model.v2.models.ndk.NativeModule                            : loaded 2 times (x 70B)
Class com.google.common.collect.AbstractListMultimap                                  : loaded 2 times (x 172B)
Class [Lorg.objectweb.asm.SymbolTable$Entry;                                          : loaded 2 times (x 69B)
Class com.google.common.cache.CacheLoader                                             : loaded 2 times (x 74B)
Class com.amazon.ion.system.IonBinaryWriterBuilder                                    : loaded 2 times (x 99B)
Class com.google.common.collect.ImmutableBiMap                                        : loaded 2 times (x 143B)
Class jdk.internal.jimage.ImageReader$SharedImageReader                               : loaded 2 times (x 95B)
Class org.jetbrains.plugins.gradle.model.ExternalDependency                           : loaded 2 times (x 70B)
Class com.intellij.util.containers.IntObjectHashMap                                   : loaded 2 times (x 72B)
Class org.gradle.internal.installation.GradleInstallation$1                           : loaded 2 times (x 75B)
Class org.gradle.api.internal.classpath.ModuleRegistry                                : loaded 2 times (x 70B)
Class com.google.common.base.Splitter$SplittingIterator                               : loaded 2 times (x 84B)
Class com.android.builder.model.v2.ide.PrivacySandboxSdkInfo                          : loaded 2 times (x 70B)
Class com.google.common.util.concurrent.internal.InternalFutureFailureAccess          : loaded 2 times (x 72B)
Class com.android.ide.common.repository.AgpVersion$PreviewKind$Companion              : loaded 2 times (x 71B)
Class com.amazon.ion.impl.bin.IonManagedBinaryWriter$UserState$4                      : loaded 2 times (x 85B)
Class com.google.common.collect.ImmutableSet$JdkBackedSetBuilderImpl                  : loaded 2 times (x 76B)
Class jdk.internal.jimage.decompressor.ResourceDecompressorFactory                    : loaded 2 times (x 74B)
Class com.amazon.ion.impl.bin.IonManagedBinaryWriter$SymbolState$1                    : loaded 2 times (x 80B)
Class com.amazon.ion.impl.LocalSymbolTableAsStruct$Factory                            : loaded 2 times (x 79B)
Class [Lcom.amazon.ion.IonType;                                                       : loaded 2 times (x 69B)
Class org.jetbrains.plugins.gradle.model.VersionCatalogsModel                         : loaded 2 times (x 70B)
Class com.intellij.gradle.toolingExtension.impl.model.sourceSetDependencyModel.GradleSourceSetDependencySerialisationService$SourceSetDependencyModelReadContext: loaded 2 times (x 72B)
Class com.intellij.gradle.toolingExtension.impl.model.dependencyModel.DependencyReadContext: loaded 2 times (x 72B)
Class org.gradle.tooling.internal.adapter.ObjectGraphAdapter                          : loaded 2 times (x 70B)
Class com.google.common.collect.ImmutableMultimap$Values                              : loaded 2 times (x 126B)
Class com.android.builder.model.v2.ide.Installation                                   : loaded 2 times (x 70B)
Class com.google.common.collect.HashBiMap$Inverse                                     : loaded 2 times (x 142B)
Class com.google.common.util.concurrent.AbstractFuture$UnsafeAtomicHelper             : loaded 2 times (x 78B)
Class org.jetbrains.plugins.gradle.model.UnresolvedExternalDependency                 : loaded 2 times (x 70B)
Class com.google.common.cache.LocalCache$LocalManualCache$1                           : loaded 2 times (x 75B)
Class org.jetbrains.plugins.gradle.model.ProjectImportModelProvider                   : loaded 2 times (x 70B)
Class org.jetbrains.plugins.gradle.model.ExternalSourceSet                            : loaded 2 times (x 70B)
Class com.amazon.ion.impl.bin.IonManagedBinaryWriter$SymbolState$2                    : loaded 2 times (x 80B)
Class com.amazon.ion.IonNull                                                          : loaded 2 times (x 70B)
Class com.intellij.gradle.toolingExtension.impl.model.warmUp.GradleTaskWarmUpRequest  : loaded 2 times (x 70B)
Class com.android.ide.gradle.model.LegacyAndroidGradlePluginPropertiesModelParameters : loaded 2 times (x 70B)
Class com.google.common.collect.ImmutableSortedAsList                                 : loaded 2 times (x 221B)
Class kotlin.text.RegexKt                                                             : loaded 2 times (x 71B)
Class kotlin.coroutines.intrinsics.IntrinsicsKt__IntrinsicsKt                         : loaded 2 times (x 71B)
Class org.jetbrains.kotlin.config.AnalysisFlag                                        : loaded 2 times (x 72B)
Class com.android.builder.model.v2.models.ModelBuilderParameter                       : loaded 2 times (x 70B)
Class com.google.common.collect.ImmutableMap$MapViewOfValuesAsSingletonSets           : loaded 2 times (x 126B)
Class com.google.common.collect.RegularImmutableMap                                   : loaded 2 times (x 121B)
Class jdk.internal.jimage.ImageReader$Node                                            : loaded 2 times (x 84B)
Class com.amazon.ion.impl.bin.IonRawBinaryWriter$ContainerInfo                        : loaded 2 times (x 74B)
Class com.amazon.ion.impl.bin.IonManagedBinaryWriter$SymbolState$3                    : loaded 2 times (x 80B)
Class com.amazon.ion.impl.bin.IonRawBinaryWriter$StreamFlushMode                      : loaded 2 times (x 79B)
Class com.amazon.ion.IonBinaryWriter                                                  : loaded 2 times (x 70B)
Class com.intellij.gradle.toolingExtension.impl.model.sourceSetArtifactIndex.GradleSourceSetArtifactBuildRequest: loaded 2 times (x 70B)
Class kotlin.io.FilesKt__UtilsKt                                                      : loaded 2 times (x 71B)
Class com.google.common.collect.Lists$TransformingRandomAccessList                    : loaded 2 times (x 199B)
Class kotlin.collections.CollectionsKt__CollectionsJVMKt                              : loaded 2 times (x 71B)
Class org.gradle.api.internal.classpath.DefaultModuleRegistry                         : loaded 2 times (x 86B)
Class com.android.builder.model.v2.ide.AndroidArtifact                                : loaded 2 times (x 70B)
Class com.google.common.util.concurrent.ListenableFuture                              : loaded 2 times (x 70B)
Class com.google.common.cache.ReferenceEntry                                          : loaded 2 times (x 70B)
Class com.google.common.base.Converter                                                : loaded 2 times (x 90B)
Class com.google.common.io.ByteArrayDataOutput                                        : loaded 2 times (x 70B)
Class jdk.internal.jimage.BasicImageReader$1                                          : loaded 2 times (x 77B)
Class com.amazon.ion.impl.bin.IonManagedBinaryWriter$SymbolState$4                    : loaded 2 times (x 80B)
Class [Lcom.amazon.ion.util.InputStreamInterceptor;                                   : loaded 2 times (x 69B)
Class org.jetbrains.plugins.gradle.tooling.serialization.internal.IdeaProjectSerializationService$WriteContext$1: loaded 2 times (x 83B)
Class org.jetbrains.plugins.gradle.model.ExternalProject                              : loaded 2 times (x 70B)
Class kotlin.sequences.SequencesKt                                                    : loaded 2 times (x 71B)
Class kotlin.collections.CollectionsKt__IteratorsKt                                   : loaded 2 times (x 71B)
Class [Lcom.android.builder.model.v2.ide.CodeShrinker;                                : loaded 2 times (x 69B)
Class com.google.common.collect.AbstractMapBasedMultimap                              : loaded 2 times (x 139B)
Class com.google.common.util.concurrent.AbstractFuture                                : loaded 2 times (x 106B)
Class com.google.common.base.FunctionalEquivalence                                    : loaded 2 times (x 83B)
Class ijKotlinCoroutineJvmDebugInit1_2bzovj1o15gqbowk6l5mscl8j$_run_closure1$_closure2: loaded 2 times (x 139B)
Class org.gradle.api.internal.classpath.ManifestUtil                                  : loaded 2 times (x 71B)
Class com.amazon.ion.impl.bin.utf8.Pool                                               : loaded 2 times (x 74B)
Class com.amazon.ion.impl._Private_SymtabExtendsCache                                 : loaded 2 times (x 72B)
Class org.jetbrains.plugins.gradle.tooling.serialization.internal.IdeaProjectSerializationService$WriteContext$2: loaded 2 times (x 83B)
Class kotlin.text.StringsKt                                                           : loaded 2 times (x 71B)
Class com.google.common.io.CharStreams                                                : loaded 2 times (x 71B)
Class org.jetbrains.kotlin.config.ExplicitApiMode                                     : loaded 2 times (x 79B)
Class com.google.common.collect.ImmutableMultiset                                     : loaded 2 times (x 163B)
Class org.objectweb.asm.RecordComponentVisitor                                        : loaded 2 times (x 77B)
Class com.google.common.cache.CacheLoader$SupplierToCacheLoader                       : loaded 2 times (x 75B)
Class com.amazon.ion.impl._Private_IonSymbol                                          : loaded 2 times (x 70B)
Class com.amazon.ion.impl.lite.IonValueLite                                           : loaded 2 times (x 147B)
Class com.amazon.ion.IonContainer                                                     : loaded 2 times (x 70B)
Class com.amazon.ion.impl.bin.PooledBlockAllocatorProvider                            : loaded 2 times (x 73B)
Class org.jetbrains.plugins.gradle.tooling.serialization.AnnotationProcessingModelSerializationService$ReadContext: loaded 2 times (x 72B)
Class org.jetbrains.plugins.gradle.tooling.serialization.internal.IdeaProjectSerializationService$WriteContext$3: loaded 2 times (x 83B)
Class sync_studio_tooling7_3w6nkrzhyazza9jl2b1qoh9v6                                  : loaded 2 times (x 179B)
Class kotlin.coroutines.jvm.internal.RestrictedContinuationImpl                       : loaded 2 times (x 87B)
Class org.gradle.util.internal.DefaultGradleVersion$Stage                             : loaded 2 times (x 75B)
Class org.jetbrains.kotlin.cli.common.CompilerSystemProperties$value$1                : loaded 2 times (x 125B)
Class [Lorg.jetbrains.kotlin.config.LanguageVersion;                                  : loaded 2 times (x 69B)
Class com.google.common.collect.Maps$EntryTransformer                                 : loaded 2 times (x 70B)
Class jdk.internal.jimage.decompressor.Decompressor                                   : loaded 2 times (x 72B)
Class jdk.internal.jimage.ImageReader$Resource                                        : loaded 2 times (x 84B)
Class org.jetbrains.kotlin.idea.gradleTooling.AndroidAwareGradleModelProvider         : loaded 2 times (x 79B)
Class org.jetbrains.plugins.gradle.tooling.serialization.internal.IdeaProjectSerializationService$WriteContext$4: loaded 2 times (x 83B)
Class com.intellij.gradle.toolingExtension.impl.model.sourceSetDependencyModel.GradleSourceSetDependencySerialisationService$Companion: loaded 2 times (x 71B)
Class [Lkotlin.Pair;                                                                  : loaded 2 times (x 69B)
Class kotlin.text.StringsKt__StringNumberConversionsKt                                : loaded 2 times (x 71B)
Class kotlin.io.FilesKt__FileReadWriteKt                                              : loaded 2 times (x 71B)
Class com.google.common.collect.UsingToStringOrdering                                 : loaded 2 times (x 114B)
Class kotlin.text.MatchNamedGroupCollection                                           : loaded 2 times (x 70B)
Class org.gradle.tooling.internal.adapter.ProtocolToModelAdapter$InvocationHandlerImpl: loaded 2 times (x 77B)
Class org.gradle.internal.time.MonotonicClock                                         : loaded 2 times (x 77B)
Class org.gradle.internal.service.ServiceLookupException                              : loaded 2 times (x 82B)
Class com.google.common.base.CharMatcher$JavaLetter                                   : loaded 2 times (x 111B)
Class org.gradle.tooling.model.build.GradleEnvironment                                : loaded 2 times (x 70B)
Class com.google.common.collect.Lists$ReverseList                                     : loaded 2 times (x 200B)
Class [Lcom.google.common.cache.LocalCache$EntryFactory;                              : loaded 2 times (x 69B)
Class jdk.internal.jrtfs.JrtFileAttributes                                            : loaded 2 times (x 83B)
Class com.amazon.ion.BufferConfiguration$Builder                                      : loaded 2 times (x 78B)
Class org.jetbrains.plugins.gradle.tooling.serialization.internal.IdeaProjectSerializationService$WriteContext$5: loaded 2 times (x 83B)
Class com.intellij.gradle.toolingExtension.impl.model.sourceSetDependencyModel.GradleSourceSetDependencySerialisationService$SourceSetDependencyModelWriteContext: loaded 2 times (x 72B)
Class kotlin.sequences.SequencesKt___SequencesKt$sortedWith$1                         : loaded 2 times (x 75B)
Class org.gradle.internal.classloader.ClassLoaderFactory                              : loaded 2 times (x 70B)
Class com.google.common.collect.ImmutableMap$SerializedForm                           : loaded 2 times (x 73B)
Class com.android.builder.model.v2.ide.LibraryInfo                                    : loaded 2 times (x 70B)
Class com.google.common.base.CommonPattern                                            : loaded 2 times (x 74B)
Class org.jetbrains.plugins.gradle.tooling.util.IntObjectMap$ObjectFactory            : loaded 2 times (x 70B)
Class com.google.common.cache.LocalCache$LocalManualCache                             : loaded 2 times (x 99B)
Class com.amazon.ion.impl.bin.IntList                                                 : loaded 2 times (x 77B)
Class com.amazon.ion.impl._Private_RecyclingQueue$ElementIterator                     : loaded 2 times (x 82B)
Class com.amazon.ion.impl.lite._Private_LiteDomTrampoline                             : loaded 2 times (x 71B)
Class com.amazon.ion.IonType                                                          : loaded 2 times (x 79B)
Class org.jetbrains.plugins.gradle.tooling.serialization.internal.IdeaProjectSerializationService$WriteContext$6: loaded 2 times (x 83B)
Class org.jetbrains.plugins.gradle.tooling.util.IntObjectMap                          : loaded 2 times (x 73B)
Class ijInit2_b895m4zkxtf6zynmr2qctf54h                                               : loaded 2 times (x 179B)
Class org.gradle.internal.service.CachingServiceLocator                               : loaded 2 times (x 82B)
Class com.amazon.ion.IonException                                                     : loaded 2 times (x 84B)
Class com.google.common.collect.Streams                                               : loaded 2 times (x 71B)
Class com.google.common.collect.AbstractMapBasedMultimap$KeySet                       : loaded 2 times (x 137B)
Class com.google.common.math.IntMath                                                  : loaded 2 times (x 71B)
Class com.amazon.ion.impl.lite.ValueFactoryLite                                       : loaded 2 times (x 218B)
Class org.jetbrains.plugins.gradle.model.RepositoryModels                             : loaded 2 times (x 70B)
Class org.jetbrains.plugins.gradle.tooling.serialization.internal.IdeaProjectSerializationService$WriteContext$7: loaded 2 times (x 83B)
Class kotlin.jvm.internal.Intrinsics$Kotlin                                           : loaded 2 times (x 71B)
Class kotlin.collections.AbstractList$SubList                                         : loaded 2 times (x 198B)
Class kotlin.jvm.internal.CallableReference                                           : loaded 2 times (x 106B)
Class com.google.common.collect.MapMakerInternalMap$InternalEntry                     : loaded 2 times (x 70B)
Class [Lcom.google.common.collect.HashBiMap$BiEntry;                                  : loaded 2 times (x 69B)
Class com.google.common.collect.ImmutableMapEntry                                     : loaded 2 times (x 85B)
Class com.amazon.ion.impl.bin.WriteBuffer                                             : loaded 2 times (x 78B)
Class com.amazon.ion.impl.bin.IonManagedBinaryWriter                                  : loaded 2 times (x 166B)
Class org.jetbrains.plugins.gradle.tooling.serialization.internal.IdeaProjectSerializationService$WriteContext$8: loaded 2 times (x 83B)
Class [Lorg.gradle.api.JavaVersion;                                                   : loaded 2 times (x 69B)
Class kotlin.ranges.IntRange                                                          : loaded 2 times (x 93B)
Class org.gradle.tooling.model.idea.IdeaDependencyScope                               : loaded 2 times (x 70B)
Class org.gradle.internal.time.TimeSource                                             : loaded 2 times (x 70B)
Class org.gradle.tooling.model.kotlin.dsl.KotlinDslScriptsModel                       : loaded 2 times (x 70B)
Class org.jetbrains.kotlin.cli.common.arguments.CommonCompilerArguments$Companion     : loaded 2 times (x 71B)
Class com.google.common.collect.ImmutableMultimap                                     : loaded 2 times (x 147B)
Class com.android.builder.model.v2.ide.TestInfo                                       : loaded 2 times (x 70B)
Class com.google.common.base.Equivalence                                              : loaded 2 times (x 82B)
Class com.amazon.ion.util.GzipStreamInterceptor                                       : loaded 2 times (x 85B)
Class com.google.common.collect.ImmutableMapEntry$NonTerminalImmutableMapEntry        : loaded 2 times (x 85B)
Class com.amazon.ion.impl.lite.IonBlobLite                                            : loaded 2 times (x 219B)
Class com.amazon.ion.impl.LocalSymbolTable                                            : loaded 2 times (x 121B)
Class org.jetbrains.plugins.gradle.tooling.serialization.SerializationService         : loaded 2 times (x 70B)
Class org.gradle.tooling.internal.gradle.GradleBuildIdentity                          : loaded 2 times (x 70B)
Class kotlin.enums.EnumEntries                                                        : loaded 2 times (x 70B)
Class com.android.builder.model.v2.ide.JavaCompileOptions                             : loaded 2 times (x 70B)
Class [Lorg.jetbrains.kotlin.cli.common.CompilerSystemProperties;                     : loaded 2 times (x 69B)
Class com.google.common.collect.IndexedImmutableSet$1                                 : loaded 2 times (x 213B)
Class com.google.common.cache.CacheBuilder$OneWeigher                                 : loaded 2 times (x 82B)
Class com.amazon.ion.impl.bin.IonManagedBinaryWriter$UserState$3                      : loaded 2 times (x 85B)
Class com.amazon.ion.IonList                                                          : loaded 2 times (x 70B)
Class org.jetbrains.plugins.gradle.tooling.serialization.internal.adapter.Supplier    : loaded 2 times (x 70B)
Class org.gradle.tooling.internal.adapter.ProtocolToModelAdapter$MixInMappingAction   : loaded 2 times (x 80B)
Class org.gradle.internal.exceptions.ResolutionProvider                               : loaded 2 times (x 70B)
Class jdk.internal.jimage.ImageBufferCache                                            : loaded 2 times (x 71B)
Class jdk.internal.jrtfs.JrtPath                                                      : loaded 2 times (x 118B)
Class com.amazon.ion.IonSystem                                                        : loaded 2 times (x 70B)
Class com.amazon.ion.impl.bin.IonManagedBinaryWriter$ImportedSymbolContext            : loaded 2 times (x 72B)
Class kotlin.text.MatchResult$DefaultImpls                                            : loaded 2 times (x 71B)
Class org.gradle.tooling.model.idea.IdeaCompilerOutput                                : loaded 2 times (x 70B)
Class org.gradle.tooling.model.ProjectIdentifier                                      : loaded 2 times (x 70B)
Class org.gradle.internal.classloader.ClasspathUtil                                   : loaded 2 times (x 71B)
Class com.android.builder.model.v2.ide.ComponentInfo                                  : loaded 2 times (x 70B)
Class org.objectweb.asm.tree.MethodNode                                               : loaded 2 times (x 110B)
Class org.jetbrains.kotlin.tooling.core.HasExtras                                     : loaded 2 times (x 70B)
Class com.google.common.base.Charsets                                                 : loaded 2 times (x 71B)
Class com.google.common.util.concurrent.Uninterruptibles                              : loaded 2 times (x 71B)
Class com.android.builder.model.v2.ide.ProjectType                                    : loaded 2 times (x 79B)
Class com.intellij.gradle.toolingExtension.impl.model.sourceSetModel.GradleSourceSetSerialisationService: loaded 2 times (x 77B)
Class kotlin.io.FileSystemException                                                   : loaded 2 times (x 82B)
Class com.android.builder.model.v2.dsl.BaseConfig                                     : loaded 2 times (x 70B)
Class com.google.common.collect.Maps                                                  : loaded 2 times (x 71B)
Class com.amazon.ion.impl.lite.IonIntLite                                             : loaded 2 times (x 189B)
Class com.amazon.ion.impl._Private_IonReaderBuilder$TwoElementInputStream             : loaded 2 times (x 92B)
Class com.amazon.ion.util._Private_FastAppendable                                     : loaded 2 times (x 70B)
Class [Lcom.amazon.ion.impl.bin.IonRawBinaryWriter$PreallocationMode;                 : loaded 2 times (x 69B)
Class org.gradle.internal.time.TimeSource$1                                           : loaded 2 times (x 77B)
Class kotlin.jvm.internal.DefaultConstructorMarker                                    : loaded 2 times (x 71B)
Class org.gradle.api.specs.Spec                                                       : loaded 2 times (x 70B)
Class com.google.common.collect.MapMaker                                              : loaded 2 times (x 72B)
Class [Lcom.google.common.collect.ImmutableEntry;                                     : loaded 2 times (x 69B)
Class jdk.internal.jimage.ImageReader$SharedImageReader$LocationVisitor               : loaded 2 times (x 70B)
Class com.amazon.ion.impl.lite.IonSexpLite                                            : loaded 2 times (x 490B)
Class com.amazon.ion.impl.lite.IonListLite                                            : loaded 2 times (x 490B)
Class com.amazon.ion.IonFloat                                                         : loaded 2 times (x 70B)
Class com.google.common.cache.LocalCache$LoadingValueReference                        : loaded 2 times (x 96B)
Class com.amazon.ion.impl.LocalSymbolTable$Factory                                    : loaded 2 times (x 77B)
Class com.amazon.ion.impl.bin.IonManagedBinaryWriter$ImportedSymbolResolverMode       : loaded 2 times (x 80B)
Class com.intellij.gradle.toolingExtension.impl.model.buildScriptClasspathModel.GradleBuildScriptClasspathSerializationService: loaded 2 times (x 77B)
Class com.google.common.util.concurrent.ExecutionError                                : loaded 2 times (x 82B)
Class com.google.common.io.LineReader$1                                               : loaded 2 times (x 75B)
Class com.google.common.collect.CollectSpliterators                                   : loaded 2 times (x 71B)
Class com.google.common.collect.AbstractMapBasedMultimap$AsMap                        : loaded 2 times (x 128B)
Class com.google.common.collect.MapMakerInternalMap$StrongKeyDummyValueEntry          : loaded 2 times (x 82B)
Class com.google.common.base.Platform                                                 : loaded 2 times (x 71B)
Class jdk.internal.jimage.decompressor.ResourceDecompressorRepository                 : loaded 2 times (x 71B)
Class com.amazon.ion.impl.LocalSymbolTableAsStruct                                    : loaded 2 times (x 126B)
Class com.amazon.ion.impl.lite.IonTimestampLite                                       : loaded 2 times (x 192B)
Class org.jetbrains.plugins.gradle.model.FileCollectionDependency                     : loaded 2 times (x 70B)
Class org.gradle.internal.impldep.gnu.trove.TObjectHashingStrategy                    : loaded 2 times (x 70B)
Class com.intellij.gradle.toolingExtension.impl.model.utilDummyModel.DummyModel       : loaded 2 times (x 70B)
Class kotlin.text.StringsKt__RegexExtensionsKt                                        : loaded 2 times (x 71B)
Class kotlin.collections.EmptyIterator                                                : loaded 2 times (x 89B)
Class org.gradle.internal.time.Clock                                                  : loaded 2 times (x 70B)
Class com.google.common.collect.AbstractMapBasedMultimap$WrappedList                  : loaded 2 times (x 205B)
Class com.android.builder.model.v2.dsl.ProductFlavor                                  : loaded 2 times (x 70B)
Class [Lcom.android.builder.model.v2.ide.TestInfo$Execution;                          : loaded 2 times (x 69B)
Class [Lorg.objectweb.asm.AnnotationWriter;                                           : loaded 2 times (x 69B)
Class com.google.common.collect.Maps$8                                                : loaded 2 times (x 82B)
Class jdk.internal.jimage.ImageReader$Directory                                       : loaded 2 times (x 84B)
Class com.amazon.ion.IonString                                                        : loaded 2 times (x 70B)
Class org.jetbrains.plugins.gradle.model.GradleSourceSetDependencyModel               : loaded 2 times (x 70B)
Class kotlin.io.FilePathComponents                                                    : loaded 2 times (x 72B)
Class com.google.common.collect.CompoundOrdering                                      : loaded 2 times (x 115B)
Class kotlin.sequences.SequencesKt__SequencesJVMKt                                    : loaded 2 times (x 71B)
Class kotlin.coroutines.jvm.internal.RestrictedSuspendLambda                          : loaded 2 times (x 91B)
Class org.gradle.tooling.internal.adapter.TypeInspector                               : loaded 2 times (x 73B)
Class org.gradle.tooling.internal.adapter.ProtocolToModelAdapter$NoOpDecoration       : loaded 2 times (x 79B)
Class org.gradle.tooling.model.Element                                                : loaded 2 times (x 70B)
Class kotlin.collections.AbstractList                                                 : loaded 2 times (x 197B)
Class kotlin.collections.AbstractCollection                                           : loaded 2 times (x 117B)
Class [Lcom.google.common.collect.Iterators$EmptyModifiableIterator;                  : loaded 2 times (x 69B)
Class com.google.common.collect.ImmutableEnumSet                                      : loaded 2 times (x 146B)
Class com.google.common.collect.Lists$ReverseList$1                                   : loaded 2 times (x 99B)
Class org.jetbrains.kotlin.tooling.core.Extras                                        : loaded 2 times (x 70B)
Class com.google.common.collect.Sets$SetView                                          : loaded 2 times (x 138B)
Class com.google.common.cache.LocalCache$StrongValueReference                         : loaded 2 times (x 90B)
Class com.google.common.util.concurrent.AbstractFuture$SynchronizedHelper             : loaded 2 times (x 78B)
Class com.amazon.ion.BufferConfiguration                                              : loaded 2 times (x 73B)
Class com.amazon.ion.system.SimpleCatalog                                             : loaded 2 times (x 91B)
Class com.intellij.gradle.toolingExtension.impl.model.taskModel.GradleTaskSerialisationService: loaded 2 times (x 76B)
Class com.android.ide.gradle.model.LegacyV1AgpVersionModel                            : loaded 2 times (x 70B)
Class kotlin.text.StringsKt__StringBuilderJVMKt                                       : loaded 2 times (x 71B)
Class kotlin.text.Regex                                                               : loaded 2 times (x 72B)
Class kotlin.sequences.SequencesKt__SequenceBuilderKt$sequence$$inlined$Sequence$1    : loaded 2 times (x 75B)
Class kotlin.Triple                                                                   : loaded 2 times (x 72B)
Class [Lorg.jetbrains.kotlin.config.JVMAssertionsMode;                                : loaded 2 times (x 69B)
Class org.jetbrains.kotlin.config.JVMAssertionsMode                                   : loaded 2 times (x 79B)
Class com.google.common.graph.SuccessorsFunction                                      : loaded 2 times (x 70B)
Class org.objectweb.asm.Type                                                          : loaded 2 times (x 72B)
Class org.jetbrains.plugins.gradle.tooling.util.IntObjectMap$1                        : loaded 2 times (x 77B)
Class org.gradle.internal.impldep.com.google.common.base.Preconditions                : loaded 2 times (x 71B)
Class org.gradle.tooling.model.internal.ImmutableDomainObjectSet                      : loaded 2 times (x 155B)
Class org.gradle.internal.classloader.VisitableURLClassLoader$InstrumentingVisitableURLClassLoader: loaded 2 times (x 123B)
Class com.google.common.collect.MapMakerInternalMap$StrongKeyDummyValueEntry$Helper   : loaded 2 times (x 79B)
Class com.google.common.io.Files$FileByteSink                                         : loaded 2 times (x 77B)
Class com.android.builder.model.v2.ide.AndroidGradlePluginProjectFlags                : loaded 2 times (x 70B)
Class [Lcom.android.builder.model.v2.ide.AndroidGradlePluginProjectFlags$BooleanFlag; : loaded 2 times (x 69B)
Class com.android.builder.model.v2.ide.BasicVariant                                   : loaded 2 times (x 70B)
Class org.objectweb.asm.ByteVector                                                    : loaded 2 times (x 79B)
Class [Lcom.google.common.cache.CacheBuilder$NullListener;                            : loaded 2 times (x 69B)
Class com.google.common.math.IntMath$1                                                : loaded 2 times (x 71B)
Class [Lcom.amazon.ion.impl.bin.IonRawBinaryWriter$StreamFlushMode;                   : loaded 2 times (x 69B)
Class com.amazon.ion.UnsupportedIonVersionException                                   : loaded 2 times (x 85B)
Class kotlin.comparisons.ComparisonsKt__ComparisonsKt                                 : loaded 2 times (x 71B)
Class kotlin.ranges.RangesKt__RangesKt                                                : loaded 2 times (x 71B)
Class kotlin.collections.SetsKt___SetsKt                                              : loaded 2 times (x 71B)
Class kotlin.sequences.SequencesKt__SequencesKt                                       : loaded 2 times (x 71B)
Class kotlin.coroutines.Continuation                                                  : loaded 2 times (x 70B)
Class org.gradle.internal.classloader.VisitableURLClassLoader$Spec                    : loaded 2 times (x 74B)
Class org.gradle.internal.classpath.DefaultClassPath                                  : loaded 2 times (x 90B)
Class com.google.common.base.AbstractIterator                                         : loaded 2 times (x 80B)
Class com.android.builder.model.v2.ide.BundleInfo                                     : loaded 2 times (x 70B)
Class com.android.builder.model.v2.ide.SourceProvider                                 : loaded 2 times (x 70B)
Class org.objectweb.asm.Symbol                                                        : loaded 2 times (x 73B)
Class jdk.internal.jimage.decompressor.ZipDecompressorFactory                         : loaded 2 times (x 74B)
Class com.amazon.ion.impl.bin.IonManagedBinaryWriter$SymbolState                      : loaded 2 times (x 80B)
Class com.amazon.ion.IonStruct                                                        : loaded 2 times (x 70B)
Class org.jetbrains.plugins.gradle.model.GradleBuildScriptClasspathModel              : loaded 2 times (x 70B)
Class kotlin.sequences.FilteringSequence                                              : loaded 2 times (x 75B)
Class kotlin.text.CharsKt__CharJVMKt                                                  : loaded 2 times (x 71B)
Class kotlin.comparisons.ComparisonsKt                                                : loaded 2 times (x 71B)
Class kotlin.comparisons.ComparisonsKt___ComparisonsKt                                : loaded 2 times (x 71B)
Class kotlin.coroutines.jvm.internal.BaseContinuationImpl                             : loaded 2 times (x 87B)
Class kotlin.Result$Companion                                                         : loaded 2 times (x 71B)
Class org.gradle.util.internal.DefaultGradleVersion                                   : loaded 2 times (x 80B)
Class ijJvmDebugger1_b7mlr1pndd681wllvlsvylhrq                                        : loaded 2 times (x 179B)
Class com.google.common.io.Java8Compatibility                                         : loaded 2 times (x 71B)
Class com.google.common.io.Closer                                                     : loaded 2 times (x 78B)
Class org.jetbrains.kotlin.config.ApiVersion$Companion                                : loaded 2 times (x 71B)
Class com.google.common.base.CharMatcher$Ascii                                        : loaded 2 times (x 112B)
Class com.android.builder.model.v2.models.VariantDependenciesAdjacencyList            : loaded 2 times (x 70B)
Class com.google.common.collect.RegularImmutableMap$Values                            : loaded 2 times (x 207B)
Class org.jetbrains.kotlin.com.intellij.util.xmlb.annotations.Transient               : loaded 2 times (x 70B)
Class org.gradle.internal.classloader.ClassLoaderSpec                                 : loaded 2 times (x 71B)
Class org.objectweb.asm.AnnotationWriter                                              : loaded 2 times (x 79B)
Class com.google.common.cache.CacheStats                                              : loaded 2 times (x 71B)
Class com.amazon.ion.impl.IonWriterSystemTextMarkup                                   : loaded 2 times (x 192B)
Class com.amazon.ion.impl.bin.BlockAllocator                                          : loaded 2 times (x 80B)
Class kotlin.jvm.internal.FunctionReferenceImpl                                       : loaded 2 times (x 122B)
Class kotlin.collections.CollectionsKt___CollectionsJvmKt                             : loaded 2 times (x 71B)
Class com.google.common.collect.Interners                                             : loaded 2 times (x 71B)
Class com.google.common.collect.ImmutableMultisetGwtSerializationDependencies         : loaded 2 times (x 125B)
Class com.google.common.io.Closer$Suppressor                                          : loaded 2 times (x 70B)
Class com.google.common.io.LineProcessor                                              : loaded 2 times (x 70B)
Class org.jetbrains.kotlin.config.MavenComparableVersion$ListItem                     : loaded 2 times (x 218B)
Class org.objectweb.asm.RecordComponentWriter                                         : loaded 2 times (x 78B)
Class [Lcom.android.builder.model.v2.ide.ProjectType;                                 : loaded 2 times (x 69B)
Class com.google.common.util.concurrent.AbstractFuture$Listener                       : loaded 2 times (x 72B)
Class com.google.common.collect.AbstractMapBasedMultimap$WrappedCollection            : loaded 2 times (x 124B)
Class Settings_gradle$1$1                                                             : loaded 2 times (x 74B)
Class com.amazon.ion.impl._Private_RecyclingQueue                                     : loaded 2 times (x 80B)
Class com.amazon.ion.system.IonWriterBuilderBase                                      : loaded 2 times (x 83B)
Class kotlin.TuplesKt                                                                 : loaded 2 times (x 71B)
Class kotlin.jvm.internal.markers.KMutableIterable                                    : loaded 2 times (x 70B)
Class kotlin.sequences.SequencesKt___SequencesJvmKt                                   : loaded 2 times (x 71B)
Class org.gradle.tooling.internal.adapter.ProtocolToModelAdapter$DefaultViewBuilder   : loaded 2 times (x 80B)
Class kotlin.Unit                                                                     : loaded 2 times (x 71B)
Class [Lcom.android.builder.model.v2.ide.AaptOptions$Namespacing;                     : loaded 2 times (x 69B)
Class [Lorg.objectweb.asm.Label;                                                      : loaded 2 times (x 69B)
Class com.android.ide.common.gradle.Version$Companion$ParseState                      : loaded 2 times (x 70B)
Class [Lorg.jetbrains.kotlin.utils.DescriptionAware;                                  : loaded 2 times (x 69B)
Class org.objectweb.asm.Attribute                                                     : loaded 2 times (x 77B)
Class com.google.common.base.Supplier                                                 : loaded 2 times (x 70B)
Class kotlin.ranges.RangesKt                                                          : loaded 2 times (x 71B)
Class org.gradle.tooling.internal.adapter.ProtocolToModelAdapter$ViewGraphDetails$1   : loaded 2 times (x 77B)
Class org.gradle.internal.classloader.VisitableURLClassLoader                         : loaded 2 times (x 117B)
Class com.google.common.util.concurrent.AbstractFuture$Waiter                         : loaded 2 times (x 72B)
Class com.android.ide.common.repository.AgpVersion$Companion                          : loaded 2 times (x 71B)
Class Settings_gradle                                                                 : loaded 2 times (x 128B)
Class com.amazon.ion.impl.bin.IonRawBinaryWriter$1                                    : loaded 2 times (x 77B)
Class [Lcom.amazon.ion.SymbolTable;                                                   : loaded 2 times (x 69B)
Class com.amazon.ion.impl.bin.IonBinaryWriterAdapter$Factory                          : loaded 2 times (x 70B)
Class com.amazon.ion.impl.BlockedBuffer$BufferedOutputStream                          : loaded 2 times (x 90B)
Class org.jetbrains.plugins.gradle.tooling.serialization.ExternalTestsSerializationService$ReadContext: loaded 2 times (x 72B)
Class kotlin.sequences.FlatteningSequence$iterator$1                                  : loaded 2 times (x 79B)
Class kotlin.jvm.functions.Function0                                                  : loaded 2 times (x 70B)
Class kotlin.collections.ArraysUtilJVM                                                : loaded 2 times (x 71B)
Class org.gradle.internal.classloader.ClassLoaderHierarchy                            : loaded 2 times (x 70B)
Class kotlin.collections.CollectionsKt__ReversedViewsKt                               : loaded 2 times (x 71B)
Class org.gradle.tooling.model.idea.IdeaDependency                                    : loaded 2 times (x 70B)
Class com.google.common.collect.MapMakerInternalMap                                   : loaded 2 times (x 161B)
Class com.android.builder.model.v2.ide.AaptOptions                                    : loaded 2 times (x 70B)
Class [Lcom.android.builder.model.v2.ide.BytecodeTransformation;                      : loaded 2 times (x 69B)
Class com.google.common.collect.HashBiMap                                             : loaded 2 times (x 143B)
Class com.google.common.base.Strings                                                  : loaded 2 times (x 71B)
Class com.android.ide.common.gradle.Version$Companion                                 : loaded 2 times (x 71B)
Class com.google.common.collect.Sets                                                  : loaded 2 times (x 71B)
Class org.objectweb.asm.Handler                                                       : loaded 2 times (x 72B)
Class kotlin.sequences.SequencesKt__SequenceBuilderKt                                 : loaded 2 times (x 71B)
Class com.google.common.base.Ticker                                                   : loaded 2 times (x 72B)
Class jdk.internal.jimage.decompressor.ZipDecompressor                                : loaded 2 times (x 75B)
Class com.amazon.ion.impl.bin.AbstractIonWriter$WriteValueOptimization                : loaded 2 times (x 79B)
Class kotlin.collections.AbstractMutableList                                          : loaded 2 times (x 206B)
Class kotlin.jvm.functions.Function1                                                  : loaded 2 times (x 70B)
Class com.android.builder.model.v2.models.ndk.NativeModelBuilderParameter             : loaded 2 times (x 70B)
Class [Lcom.google.common.cache.LocalCache$Segment;                                   : loaded 2 times (x 69B)
Class kotlin.io.FilesKt__FileTreeWalkKt                                               : loaded 2 times (x 71B)
Class [Lcom.google.common.cache.LocalCache$Strength;                                  : loaded 2 times (x 69B)
Class com.google.common.cache.CacheBuilder$1                                          : loaded 2 times (x 85B)
Class com.google.common.collect.ImmutableMap                                          : loaded 2 times (x 120B)
Class com.amazon.ion.impl.bin.BlockAllocatorProvider                                  : loaded 2 times (x 72B)
Class org.jetbrains.plugins.gradle.tooling.serialization.internal.IdeaProjectSerializationService$WriteContext: loaded 2 times (x 72B)
Class com.intellij.gradle.toolingExtension.impl.model.sourceSetDependencyModel.GradleSourceSetDependencySerialisationService: loaded 2 times (x 77B)
Class org.jetbrains.plugins.gradle.model.GradleSourceSetModel                         : loaded 2 times (x 70B)
Class kotlin.KotlinNothingValueException                                              : loaded 2 times (x 82B)
Class kotlin.jvm.functions.Function2                                                  : loaded 2 times (x 70B)
Class org.gradle.internal.classpath.DefaultClassPath$ImmutableUniqueList$Builder      : loaded 2 times (x 75B)
Class com.google.common.collect.MapMakerInternalMap$WeakValueReference                : loaded 2 times (x 70B)
Class kotlin.jvm.internal.CollectionToArray                                           : loaded 2 times (x 71B)
Class kotlin.sequences.FilteringSequence$iterator$1                                   : loaded 2 times (x 79B)
Class com.google.common.cache.LocalCache                                              : loaded 2 times (x 187B)
Class com.google.common.cache.CacheBuilder$2                                          : loaded 2 times (x 79B)
Class com.amazon.ion.impl.lite.IonSequenceLite                                        : loaded 2 times (x 432B)
Class com.amazon.ion.impl._Private_Utils$1                                            : loaded 2 times (x 89B)
Class com.amazon.ion.impl.SymbolTableAsStruct                                         : loaded 2 times (x 70B)
Class com.android.ide.gradle.model.dependencies.Coordinates                           : loaded 2 times (x 70B)
Class kotlin.collections.MapsKt___MapsJvmKt                                           : loaded 2 times (x 71B)
Class org.gradle.tooling.internal.adapter.WeakIdentityHashMap$AbsentValueProvider     : loaded 2 times (x 70B)
Class org.jetbrains.kotlin.cli.common.arguments.K2JVMCompilerArguments                : loaded 2 times (x 80B)
Class org.jetbrains.kotlin.config.LanguageVersion                                     : loaded 2 times (x 91B)
Class com.google.common.collect.ArrayListMultimap                                     : loaded 2 times (x 172B)
Class com.google.common.cache.CacheBuilder$3                                          : loaded 2 times (x 72B)
Class [Lcom.google.common.collect.AbstractMapEntry;                                   : loaded 2 times (x 69B)
Class com.google.common.collect.ImmutableEntry                                        : loaded 2 times (x 82B)
Class com.amazon.ion.impl.bin.AbstractIonWriter                                       : loaded 2 times (x 161B)
Class org.jetbrains.plugins.gradle.tooling.util.ObjectCollector$Processor             : loaded 2 times (x 70B)
Class kotlin.jvm.functions.Function4                                                  : loaded 2 times (x 70B)
Class kotlin.collections.EmptySet                                                     : loaded 2 times (x 122B)
Class kotlin.annotation.Target                                                        : loaded 2 times (x 70B)
Class kotlin.collections.CollectionsKt___CollectionsKt                                : loaded 2 times (x 71B)
Class com.intellij.gradle.toolingExtension.impl.model.sourceSetModel.GradleSourceSetSerialisationService$Companion: loaded 2 times (x 71B)
Class org.gradle.internal.exceptions.NonGradleCauseExceptionsHolder                   : loaded 2 times (x 70B)
Class org.gradle.tooling.model.idea.IdeaModuleDependency                              : loaded 2 times (x 70B)
Class org.gradle.tooling.internal.adapter.ViewBuilder                                 : loaded 2 times (x 70B)
Class com.google.common.base.Suppliers$MemoizingSupplier                              : loaded 2 times (x 79B)
Class com.android.builder.model.v2.ide.AndroidLibraryData                             : loaded 2 times (x 70B)
Class com.android.builder.model.v2.ide.ApiVersion                                     : loaded 2 times (x 70B)
Class com.android.ide.common.gradle.Version                                           : loaded 2 times (x 75B)
Class com.google.common.collect.CollectPreconditions                                  : loaded 2 times (x 71B)
Class jdk.internal.jimage.ImageStrings                                                : loaded 2 times (x 70B)
Class com.amazon.ion.system.IonReaderBuilder                                          : loaded 2 times (x 95B)
Class org.jetbrains.plugins.gradle.model.AnnotationProcessingConfig                   : loaded 2 times (x 70B)
Class com.amazon.ion.IonReader                                                        : loaded 2 times (x 70B)
Class gnu.trove.Equality                                                              : loaded 2 times (x 70B)
Class kotlin.text.StringsKt___StringsJvmKt                                            : loaded 2 times (x 71B)
Class kotlin.reflect.KDeclarationContainer                                            : loaded 2 times (x 70B)
Class kotlin.annotation.Retention                                                     : loaded 2 times (x 70B)
Class [Lcom.google.common.collect.MapMakerInternalMap$Strength;                       : loaded 2 times (x 69B)
Class [Lcom.google.common.io.FileWriteMode;                                           : loaded 2 times (x 69B)
Class com.android.builder.model.v2.models.Versions$Version                            : loaded 2 times (x 70B)
Class com.google.common.collect.SortedMapDifference                                   : loaded 2 times (x 70B)
Class com.amazon.ion.IonClob                                                          : loaded 2 times (x 70B)
Class org.jetbrains.plugins.gradle.tooling.ModelBuilderService$Parameter              : loaded 2 times (x 70B)
Class kotlin.io.FilesKt                                                               : loaded 2 times (x 71B)
Class kotlin.collections.MapsKt___MapsKt                                              : loaded 2 times (x 71B)
Class kotlin.collections.ArraysKt___ArraysKt                                          : loaded 2 times (x 71B)
Class com.google.common.collect.MapMakerInternalMap$StrongKeyDummyValueSegment        : loaded 2 times (x 142B)
Class com.google.common.io.Files                                                      : loaded 2 times (x 71B)
Class org.jetbrains.kotlin.cli.common.arguments.CommonCompilerArguments               : loaded 2 times (x 79B)
Class com.google.common.cache.LocalCache$WriteThroughEntry                            : loaded 2 times (x 79B)
Class com.google.common.cache.LocalCache$HashIterator                                 : loaded 2 times (x 86B)
Class com.google.common.cache.LocalCache$EntryFactory                                 : loaded 2 times (x 83B)
Class com.amazon.ion.impl.lite.IonLobLite                                             : loaded 2 times (x 184B)
Class com.amazon.ion.impl.lite.IonTextLite                                            : loaded 2 times (x 181B)
Class com.amazon.ion.IonNumber                                                        : loaded 2 times (x 70B)
Class org.gradle.internal.impldep.gnu.trove.TObjectIntProcedure                       : loaded 2 times (x 70B)
Class gnu.trove.TObjectHashingStrategy                                                : loaded 2 times (x 70B)
Class kotlin.collections.MapsKt__MapWithDefaultKt                                     : loaded 2 times (x 71B)
Class org.gradle.tooling.internal.adapter.ProtocolToModelAdapter$ReflectionMethodInvoker: loaded 2 times (x 76B)
Class [Lcom.google.common.collect.MapMaker$Dummy;                                     : loaded 2 times (x 69B)
Class com.google.common.base.CharMatcher$Whitespace                                   : loaded 2 times (x 112B)
Class com.google.common.base.Splitter$1$1                                             : loaded 2 times (x 86B)
Class [Lcom.android.ide.common.gradle.Separator;                                      : loaded 2 times (x 69B)
Class org.jetbrains.kotlin.tooling.core.HasMutableExtras                              : loaded 2 times (x 70B)
Class com.google.common.cache.LocalCache$AbstractReferenceEntry                       : loaded 2 times (x 107B)
Class [Lcom.amazon.ion.impl.bin.IonManagedBinaryWriter$UserState;                     : loaded 2 times (x 69B)
Class com.amazon.ion.impl.bin.utf8.Utf8StringEncoder                                  : loaded 2 times (x 80B)
Class com.amazon.ion.IonBool                                                          : loaded 2 times (x 70B)
Class kotlin.text.StringsKt___StringsKt                                               : loaded 2 times (x 71B)
Class com.google.common.collect.NullsLastOrdering                                     : loaded 2 times (x 115B)
Class kotlin.collections.CollectionsKt__MutableCollectionsJVMKt                       : loaded 2 times (x 71B)
Class com.amazon.ion.impl._Private_IonValue                                           : loaded 2 times (x 70B)
Class kotlin.enums.EnumEntriesKt                                                      : loaded 2 times (x 71B)
Class com.google.common.collect.ImmutableMapKeySet                                    : loaded 2 times (x 152B)
Class com.amazon.ion.impl.bin.IonManagedBinaryWriter$UserState$2                      : loaded 2 times (x 85B)
Class com.android.builder.model.v2.models.VariantDependencies                         : loaded 2 times (x 70B)
Class org.objectweb.asm.SymbolTable                                                   : loaded 2 times (x 72B)
Class com.google.common.cache.CacheLoader$InvalidCacheLoadException                   : loaded 2 times (x 82B)
Class jdk.internal.jimage.BasicImageReader                                            : loaded 2 times (x 95B)
Class com.amazon.ion.IonLoader                                                        : loaded 2 times (x 70B)
Class com.intellij.gradle.toolingExtension.model.repositoryModel.ProjectRepositoriesModel: loaded 2 times (x 70B)
Class org.jetbrains.plugins.gradle.model.GradleProperty                               : loaded 2 times (x 70B)
Class org.gradle.internal.classloader.SystemClassLoaderSpec                           : loaded 2 times (x 71B)
Class com.android.builder.model.v2.ide.TestedTargetVariant                            : loaded 2 times (x 70B)
Class com.google.common.cache.LocalCache$StrongEntry                                  : loaded 2 times (x 108B)
Class com.google.common.util.concurrent.AbstractFuture$TrustedFuture                  : loaded 2 times (x 114B)
Class com.google.common.cache.LoadingCache                                            : loaded 2 times (x 70B)
Class com.amazon.ion.impl._Private_Utils                                              : loaded 2 times (x 71B)
Class kotlin.ranges.IntRange$Companion                                                : loaded 2 times (x 71B)
Class kotlin.text.MatcherMatchResult$groups$1                                         : loaded 2 times (x 151B)
Class kotlin.collections.EmptyMap                                                     : loaded 2 times (x 108B)
Class kotlin.reflect.KAnnotatedElement                                                : loaded 2 times (x 70B)
Class kotlin.jvm.internal.markers.KMutableCollection                                  : loaded 2 times (x 70B)
Class kotlin.coroutines.intrinsics.IntrinsicsKt                                       : loaded 2 times (x 71B)
Class org.gradle.internal.exceptions.MultiCauseException                              : loaded 2 times (x 70B)
Class org.gradle.internal.time.CountdownTimer                                         : loaded 2 times (x 70B)
Class kotlin.jvm.internal.Intrinsics                                                  : loaded 2 times (x 71B)
Class com.google.common.base.Suppliers$NonSerializableMemoizingSupplier               : loaded 2 times (x 79B)
Class com.google.common.io.ByteStreams$LimitedInputStream                             : loaded 2 times (x 92B)
Class org.objectweb.asm.MethodWriter                                                  : loaded 2 times (x 106B)
Class [Lcom.google.common.cache.Weigher;                                              : loaded 2 times (x 69B)
Class com.google.common.collect.RegularImmutableMap$BucketOverflowException           : loaded 2 times (x 82B)
Class jdk.internal.jrtfs.JrtFileSystem                                                : loaded 2 times (x 102B)
Class com.intellij.gradle.toolingExtension.impl.model.projectModel.GradleExternalProjectSerializationService$ReadContext: loaded 2 times (x 73B)
Class com.intellij.gradle.toolingExtension.impl.model.dependencyModel.DependencyWriteContext: loaded 2 times (x 72B)
Class kotlin.collections.MapsKt                                                       : loaded 2 times (x 71B)
Class kotlin.coroutines.intrinsics.CoroutineSingletons                                : loaded 2 times (x 79B)
Class kotlin.collections.CollectionsKt__IterablesKt                                   : loaded 2 times (x 71B)
Class org.gradle.tooling.model.ProjectModel                                           : loaded 2 times (x 70B)
Class com.google.common.collect.AbstractMapBasedMultimap$RandomAccessWrappedList      : loaded 2 times (x 205B)
Class com.google.common.collect.ImmutableMultimap$1                                   : loaded 2 times (x 82B)
Class org.jetbrains.kotlin.cli.common.CompilerSystemProperties$Companion              : loaded 2 times (x 71B)
Class com.android.ide.common.gradle.Version$Companion$ParseState$EMPTY                : loaded 2 times (x 74B)
Class jdk.internal.jimage.decompressor.CompressedResourceHeader                       : loaded 2 times (x 71B)
Class org.jetbrains.plugins.gradle.model.GradleConfiguration                          : loaded 2 times (x 70B)
Class com.amazon.ion.impl.bin.utf8.Utf8StringEncoderPool                              : loaded 2 times (x 74B)
Class com.amazon.ion.impl._Private_IonSystem                                          : loaded 2 times (x 70B)
Class com.amazon.ion.BufferConfiguration$OversizedValueHandler                        : loaded 2 times (x 70B)
Class kotlin.ranges.OpenEndRange                                                      : loaded 2 times (x 70B)
Class kotlin.sequences.SequenceBuilderIterator                                        : loaded 2 times (x 85B)
Class kotlin.KotlinNullPointerException                                               : loaded 2 times (x 83B)
Class [Lorg.jetbrains.kotlin.config.ExplicitApiMode;                                  : loaded 2 times (x 69B)
Class com.google.common.collect.ImmutableMultimap$2                                   : loaded 2 times (x 81B)
Class com.android.ide.common.repository.AgpVersion$Companion$WhenMappings             : loaded 2 times (x 71B)
Class com.google.common.collect.RegularImmutableBiMap                                 : loaded 2 times (x 149B)
Class com.google.common.io.FileWriteMode                                              : loaded 2 times (x 79B)
Class [Lcom.google.common.base.AbstractIterator$State;                                : loaded 2 times (x 69B)
Class com.google.common.cache.LocalCache$ValueReference                               : loaded 2 times (x 70B)
Class com.amazon.ion.IonDecimal                                                       : loaded 2 times (x 70B)
Class org.jetbrains.plugins.gradle.model.tests.ExternalTestsModel                     : loaded 2 times (x 70B)
Class kotlin.ranges.RangesKt___RangesKt                                               : loaded 2 times (x 71B)
Class org.gradle.tooling.model.idea.IdeaLanguageLevel                                 : loaded 2 times (x 70B)
Class org.gradle.tooling.internal.adapter.ProtocolToModelAdapter$SafeMethodInvoker    : loaded 2 times (x 76B)
Class org.gradle.tooling.internal.adapter.WeakIdentityHashMap$WeakKey                 : loaded 2 times (x 79B)
Class org.gradle.internal.exceptions.DefaultMultiCauseException                       : loaded 2 times (x 95B)
Class com.google.common.hash.PrimitiveSink                                            : loaded 2 times (x 70B)
Class com.android.builder.model.v2.ide.ProjectInfo                                    : loaded 2 times (x 70B)
Class org.jetbrains.kotlin.cli.common.arguments.CommonToolArguments                   : loaded 2 times (x 73B)
Class com.google.common.base.PatternCompiler                                          : loaded 2 times (x 70B)
Class com.google.common.util.concurrent.AbstractFuture$Failure                        : loaded 2 times (x 72B)
Class com.google.common.base.Equivalence$Equals                                       : loaded 2 times (x 82B)
Class com.google.common.collect.Hashing                                               : loaded 2 times (x 71B)
Class [Lcom.google.common.collect.MapMakerInternalMap$Segment;                        : loaded 2 times (x 69B)
Class com.amazon.ion.impl.bin.IonRawBinaryWriter$StreamCloseMode                      : loaded 2 times (x 79B)
Class com.amazon.ion.impl._Private_IonBinaryWriterBuilder$Mutable                     : loaded 2 times (x 115B)
Class com.intellij.gradle.toolingExtension.impl.model.projectModel.GradleExternalProjectSerializationService: loaded 2 times (x 77B)
Class kotlin.text.CharsKt__CharKt                                                     : loaded 2 times (x 71B)
Class kotlin.collections.ArrayDeque$Companion                                         : loaded 2 times (x 71B)
Class kotlin.collections.ArraysKt                                                     : loaded 2 times (x 71B)
Class org.gradle.tooling.model.HierarchicalElement                                    : loaded 2 times (x 70B)
Class com.google.common.collect.ImmutableSetMultimap                                  : loaded 2 times (x 180B)
Class com.google.common.io.CharSink                                                   : loaded 2 times (x 79B)
Class com.android.builder.model.v2.dsl.DependenciesInfo                               : loaded 2 times (x 70B)
Class org.gradle.internal.classloader.FilteringClassLoader                            : loaded 2 times (x 105B)
Class org.objectweb.asm.Label                                                         : loaded 2 times (x 73B)
Class org.objectweb.asm.CurrentFrame                                                  : loaded 2 times (x 73B)
Class org.objectweb.asm.ClassTooLargeException                                        : loaded 2 times (x 83B)
Class kotlin.NotImplementedError                                                      : loaded 2 times (x 82B)
Class kotlin.sequences.FlatteningSequence                                             : loaded 2 times (x 75B)
Class com.amazon.ion.impl.bin.IonRawBinaryWriter$PatchPoint                           : loaded 2 times (x 73B)
Class com.amazon.ion.IonBlob                                                          : loaded 2 times (x 70B)
Class com.amazon.ion.IonLob                                                           : loaded 2 times (x 70B)
Class com.amazon.ion.IonSequence                                                      : loaded 2 times (x 70B)
Class org.jetbrains.plugins.gradle.tooling.serialization.ExternalTestsSerializationService: loaded 2 times (x 77B)
Class com.google.common.collect.ByFunctionOrdering                                    : loaded 2 times (x 115B)
Class kotlin.collections.SetsKt__SetsKt                                               : loaded 2 times (x 71B)
Class kotlin.coroutines.EmptyCoroutineContext                                         : loaded 2 times (x 77B)
Class org.gradle.internal.time.Time                                                   : loaded 2 times (x 71B)
Class com.google.common.collect.MapMakerInternalMap$InternalEntryHelper               : loaded 2 times (x 70B)
Class kotlin.text.MatcherMatchResult                                                  : loaded 2 times (x 80B)
Class com.google.common.collect.Table                                                 : loaded 2 times (x 70B)
Class org.jetbrains.kotlin.config.MavenComparableVersion$Item                         : loaded 2 times (x 70B)
Class com.android.builder.model.v2.models.ProjectGraph                                : loaded 2 times (x 70B)
Class com.google.common.collect.Maps$IteratorBasedAbstractMap                         : loaded 2 times (x 125B)
Class com.android.ide.common.gradle.Version$Companion$ParseState$NUMERIC              : loaded 2 times (x 74B)
Class kotlin.text.MatchGroupCollection                                                : loaded 2 times (x 70B)
Class org.objectweb.asm.Frame                                                         : loaded 2 times (x 73B)
Class org.objectweb.asm.MethodVisitor                                                 : loaded 2 times (x 105B)
Class kotlin.text.StringsKt__StringsKt                                                : loaded 2 times (x 71B)
Class com.android.ide.gradle.model.dependencies.DeclaredDependencies                  : loaded 2 times (x 70B)
Class com.google.common.cache.LocalCache$EntryFactory$1                               : loaded 2 times (x 83B)
Class [Lcom.google.common.cache.RemovalListener;                                      : loaded 2 times (x 69B)
Class com.android.ide.common.repository.AgpVersion$PreviewKind                        : loaded 2 times (x 79B)
Class com.amazon.ion.system.IonTextWriterBuilder                                      : loaded 2 times (x 98B)
Class com.amazon.ion.impl.bin.IonManagedBinaryWriter$ImportedSymbolResolverMode$1$1$1 : loaded 2 times (x 76B)
Class com.amazon.ion.impl._Private_LocalSymbolTableFactory                            : loaded 2 times (x 70B)
Class org.jetbrains.plugins.gradle.tooling.serialization.AnnotationProcessingModelSerializationService: loaded 2 times (x 77B)
Class kotlin.collections.ArraysKt__ArraysJVMKt                                        : loaded 2 times (x 71B)
Class org.jetbrains.plugins.gradle.tooling.serialization.internal.IdeaProjectSerializationService$ReadContext: loaded 2 times (x 72B)
Class com.google.common.cache.LocalCache$EntryFactory$2                               : loaded 2 times (x 83B)
Class org.jetbrains.kotlin.idea.gradleTooling.model.kapt.KaptSourceSetModel           : loaded 2 times (x 70B)
Class com.amazon.ion.impl.lite.IonNullLite                                            : loaded 2 times (x 175B)
Class org.jetbrains.plugins.gradle.model.DependencyAccessorsModel                     : loaded 2 times (x 70B)
Class [Lcom.intellij.openapi.externalSystem.model.project.dependencies.ResolutionState;: loaded 2 times (x 69B)
Class org.gradle.internal.impldep.gnu.trove.TObjectHash                               : loaded 2 times (x 94B)
Class kotlin.text.StringsKt__StringBuilderKt                                          : loaded 2 times (x 71B)
Class kotlin.jvm.internal.CallableReference$NoReceiver                                : loaded 2 times (x 71B)
Class org.gradle.api.internal.classpath.GlobalCacheRootsProvider                      : loaded 2 times (x 70B)
Class com.google.common.collect.CollectCollectors                                     : loaded 2 times (x 71B)
Class org.objectweb.asm.ModuleWriter                                                  : loaded 2 times (x 82B)
Class com.google.common.cache.LocalCache$EntryFactory$3                               : loaded 2 times (x 83B)
Class com.google.common.base.Ticker$1                                                 : loaded 2 times (x 72B)
Class com.google.common.collect.Maps$BiMapConverter                                   : loaded 2 times (x 90B)
Class com.google.common.collect.ImmutableMapEntrySet$RegularEntrySet                  : loaded 2 times (x 152B)
Class com.amazon.ion.impl.lite.IonClobLite                                            : loaded 2 times (x 220B)
Class com.amazon.ion.impl._Private_ValueFactory                                       : loaded 2 times (x 70B)
Class com.amazon.ion.impl.bin.IonRawBinaryWriter$PreallocationMode$1                  : loaded 2 times (x 82B)
Class [Lcom.amazon.ion.impl.bin._Private_IonManagedBinaryWriterBuilder$AllocatorMode; : loaded 2 times (x 69B)
Class org.jetbrains.kotlin.idea.gradleTooling.KotlinMPPGradleModel                    : loaded 2 times (x 70B)
Class com.intellij.gradle.toolingExtension.impl.model.dependencyDownloadPolicyModel.GradleDependencyDownloadPolicy: loaded 2 times (x 70B)
Class kotlin.NoWhenBranchMatchedException                                             : loaded 2 times (x 82B)
Class org.gradle.tooling.model.BuildIdentifier                                        : loaded 2 times (x 70B)
Class com.google.common.collect.SetMultimap                                           : loaded 2 times (x 70B)
Class com.android.builder.model.v2.ide.VectorDrawablesOptions                         : loaded 2 times (x 70B)
Class com.amazon.ion.impl.bin.IonManagedBinaryWriter$UserState$1                      : loaded 2 times (x 85B)
Class com.google.common.cache.LocalCache$EntryFactory$4                               : loaded 2 times (x 83B)
Class com.google.common.collect.ImmutableSet$Builder                                  : loaded 2 times (x 85B)
Class com.amazon.ion.IonInt                                                           : loaded 2 times (x 70B)
Class com.amazon.ion.impl.bin.IonRawBinaryWriter$PreallocationMode$2                  : loaded 2 times (x 82B)
Class org.jetbrains.kotlin.idea.gradleTooling.PrepareKotlinIdeImportTaskModel         : loaded 2 times (x 70B)
Class com.android.builder.model.v2.ide.Edge                                           : loaded 2 times (x 70B)
Class com.google.common.io.ByteStreams$1                                              : loaded 2 times (x 85B)
Class com.android.builder.model.v2.models.VariantDependenciesFlatList                 : loaded 2 times (x 70B)
Class com.google.common.cache.LocalCache$EntryFactory$5                               : loaded 2 times (x 83B)
Class com.amazon.ion.impl.bin.IonRawBinaryWriter$PreallocationMode$3                  : loaded 2 times (x 82B)
Class com.android.ide.gradle.model.GradlePluginModel                                  : loaded 2 times (x 70B)
Class com.google.common.collect.ReverseOrdering                                       : loaded 2 times (x 115B)
Class org.gradle.tooling.model.build.JavaEnvironment                                  : loaded 2 times (x 70B)
Class com.google.common.collect.RegularImmutableMap$KeySet                            : loaded 2 times (x 152B)
Class org.jetbrains.kotlin.config.JVMAssertionsMode$Companion                         : loaded 2 times (x 71B)
Class com.android.builder.model.v2.ide.SourceSetContainer                             : loaded 2 times (x 70B)
Class com.google.common.cache.LocalCache$EntryFactory$6                               : loaded 2 times (x 83B)
Class org.jetbrains.plugins.gradle.model.GradleExtension                              : loaded 2 times (x 70B)
Class com.amazon.ion.impl.lite.IonDecimalLite                                         : loaded 2 times (x 188B)
Class com.amazon.ion.IonBufferConfiguration$Builder                                   : loaded 2 times (x 78B)
Class org.gradle.internal.time.Timer                                                  : loaded 2 times (x 70B)
Class kotlin.jvm.internal.markers.KMappedMarker                                       : loaded 2 times (x 70B)
Class org.gradle.internal.installation.CurrentGradleInstallationLocator               : loaded 2 times (x 71B)
Class com.google.common.collect.ImmutableMultimap$Builder                             : loaded 2 times (x 86B)
Class com.android.builder.model.v2.ide.LintOptions                                    : loaded 2 times (x 70B)
Class org.objectweb.asm.ClassReader                                                   : loaded 2 times (x 94B)
Class com.google.common.collect.Maps$KeySet                                           : loaded 2 times (x 137B)
Class com.google.common.cache.LocalCache$EntryFactory$7                               : loaded 2 times (x 83B)
Class com.google.common.collect.ImmutableSet$EmptySetBuilderImpl                      : loaded 2 times (x 76B)
Class com.google.common.base.PairwiseEquivalence                                      : loaded 2 times (x 83B)
Class [Lcom.amazon.ion.impl.bin.IonRawBinaryWriter$ContainerType;                     : loaded 2 times (x 69B)
Class org.gradle.tooling.internal.adapter.ProtocolToModelAdapter$ViewGraphDetails     : loaded 2 times (x 72B)
Class org.gradle.tooling.model.idea.IdeaProject                                       : loaded 2 times (x 70B)
Class org.gradle.tooling.model.DomainObjectSet                                        : loaded 2 times (x 70B)
Class org.gradle.internal.service.DefaultServiceLocator                               : loaded 2 times (x 83B)
Class ijJvmDebugger1_b7mlr1pndd681wllvlsvylhrq$_run_closure1$_closure2                : loaded 2 times (x 140B)
Class com.google.common.collect.Maps$EntrySet                                         : loaded 2 times (x 136B)
Class com.google.common.collect.ImmutableMultimap$EntryCollection                     : loaded 2 times (x 128B)
Class com.android.builder.model.v2.ide.BasicArtifact                                  : loaded 2 times (x 70B)
Class org.jetbrains.kotlin.util.capitalizeDecapitalize.CapitalizeDecapitalizeKt       : loaded 2 times (x 71B)
Class com.google.common.cache.LocalCache$EntryFactory$8                               : loaded 2 times (x 83B)
Class com.google.common.base.Equivalence$Identity                                     : loaded 2 times (x 82B)
Class jdk.internal.jrtfs.JrtDirectoryStream                                           : loaded 2 times (x 89B)
Class com.amazon.ion.impl.bin.utf8.Utf8StringEncoder$Result                           : loaded 2 times (x 74B)
Class com.amazon.ion.impl.bin.utf8.Pool$Allocator                                     : loaded 2 times (x 70B)
Class com.amazon.ion.IonText                                                          : loaded 2 times (x 70B)
Class com.amazon.ion.impl.SymbolTokenImpl                                             : loaded 2 times (x 81B)
Class com.amazon.ion.SubstituteSymbolTableException                                   : loaded 2 times (x 84B)
Class kotlin.coroutines.jvm.internal.SuspendFunction                                  : loaded 2 times (x 70B)
Class org.gradle.util.GradleVersion                                                   : loaded 2 times (x 79B)
Class org.gradle.internal.installation.CurrentGradleInstallation                      : loaded 2 times (x 73B)
Class com.google.common.cache.CacheLoader$1                                           : loaded 2 times (x 75B)
Class com.android.builder.model.v2.ide.ViewBindingOptions                             : loaded 2 times (x 70B)
Class com.google.common.io.LineReader                                                 : loaded 2 times (x 72B)
Class com.amazon.ion.impl.bin.IonManagedBinaryWriter$ImportDescriptor                 : loaded 2 times (x 76B)
Class com.amazon.ion.SymbolTable                                                      : loaded 2 times (x 70B)
Class org.jetbrains.plugins.gradle.javaModel.JavaGradleManifestModel                  : loaded 2 times (x 70B)
Class org.jetbrains.plugins.gradle.tooling.serialization.GradleExtensionsSerializationService$WriteContext: loaded 2 times (x 72B)
Class com.intellij.gradle.toolingExtension.impl.model.taskModel.GradleTaskSerialisationService$Companion: loaded 2 times (x 71B)
Class kotlin.jvm.internal.Ref$BooleanRef                                              : loaded 2 times (x 71B)
Class kotlin.jvm.internal.StringCompanionObject                                       : loaded 2 times (x 71B)
Class kotlin.coroutines.intrinsics.IntrinsicsKt__IntrinsicsJvmKt                      : loaded 2 times (x 71B)
Class kotlin.coroutines.jvm.internal.CoroutineStackFrame                              : loaded 2 times (x 70B)
Class org.gradle.tooling.internal.adapter.ProtocolToModelAdapter$MethodInvocationCache$MethodInvocationKey: loaded 2 times (x 73B)
Class org.gradle.util.internal.GUtil                                                  : loaded 2 times (x 71B)
Class com.google.common.io.ByteSource                                                 : loaded 2 times (x 84B)
Class com.android.utils.StringHelper                                                  : loaded 2 times (x 71B)
Class com.google.common.util.concurrent.AbstractFuture$SetFuture                      : loaded 2 times (x 75B)
Class com.google.common.cache.AbstractCache$StatsCounter                              : loaded 2 times (x 70B)
Class [Lcom.amazon.ion.impl.bin.IonManagedBinaryWriter$SymbolState;                   : loaded 2 times (x 69B)
Class com.amazon.ion.impl._Private_IonWriterBase                                      : loaded 2 times (x 162B)
Class com.amazon.ion.system.IonSystemBuilder                                          : loaded 2 times (x 75B)
Class com.amazon.ion.IonCatalog                                                       : loaded 2 times (x 70B)
Class com.intellij.gradle.toolingExtension.impl.model.utilTurnOffDefaultTasksModel.TurnOffDefaultTasks: loaded 2 times (x 70B)
Class com.intellij.gradle.toolingExtension.impl.model.sourceSetModel.GradleSourceSetSerialisationService$SourceSetModelReadContext: loaded 2 times (x 72B)
Class kotlin.io.NoSuchFileException                                                   : loaded 2 times (x 82B)
Class kotlin.collections.CollectionsKt                                                : loaded 2 times (x 71B)
Class com.google.common.io.LineBuffer                                                 : loaded 2 times (x 75B)
Class com.google.common.collect.MapMakerInternalMap$1                                 : loaded 2 times (x 83B)
Class com.android.builder.model.v2.dsl.BuildType                                      : loaded 2 times (x 70B)
Class org.objectweb.asm.Context                                                       : loaded 2 times (x 72B)
Class kotlin.jvm.internal.markers.KMutableList                                        : loaded 2 times (x 70B)
Class ijKotlinCoroutineJvmDebugInit1_2bzovj1o15gqbowk6l5mscl8j                        : loaded 2 times (x 179B)
Class com.intellij.gradle.toolingExtension.impl.model.sourceSetModel.GradleSourceSetSerialisationService$SourceSetModelWriteContext: loaded 2 times (x 72B)
Class kotlin.ranges.IntProgressionIterator                                            : loaded 2 times (x 82B)
Class kotlin.coroutines.CoroutineContext                                              : loaded 2 times (x 70B)
Class kotlin.coroutines.jvm.internal.DebugProbesKt                                    : loaded 2 times (x 71B)
Class org.gradle.tooling.internal.adapter.WeakIdentityHashMap                         : loaded 2 times (x 76B)
Class org.gradle.tooling.GradleConnectionException                                    : loaded 2 times (x 83B)
Class org.gradle.tooling.internal.adapter.ProtocolToModelAdapter$1                    : loaded 2 times (x 75B)
Class org.gradle.tooling.internal.adapter.ProtocolToModelAdapter$ViewDecoration       : loaded 2 times (x 70B)
Class org.gradle.internal.installation.GradleInstallation                             : loaded 2 times (x 75B)
Class com.google.common.base.Splitter$Strategy                                        : loaded 2 times (x 70B)
Class org.jetbrains.kotlin.config.LanguageFeature$State                               : loaded 2 times (x 82B)
Class com.google.common.collect.Iterables                                             : loaded 2 times (x 71B)
Class jdk.internal.jimage.decompressor.ResourceDecompressor$StringsProvider           : loaded 2 times (x 70B)
Class com.amazon.ion.impl._Private_RecyclingQueue$Recycler                            : loaded 2 times (x 70B)
Class com.amazon.ion.impl.lite.ContainerlessContext                                   : loaded 2 times (x 80B)
Class org.jetbrains.plugins.gradle.tooling.serialization.GradleExtensionsSerializationService$ReadContext: loaded 2 times (x 72B)
Class com.google.common.collect.ForwardingCollection                                  : loaded 2 times (x 130B)
Class com.google.common.collect.LexicographicalOrdering                               : loaded 2 times (x 115B)
Class org.gradle.tooling.internal.adapter.MethodInvoker                               : loaded 2 times (x 70B)
Class com.android.ide.common.gradle.Part                                              : loaded 2 times (x 77B)
Class com.google.common.collect.Lists$RandomAccessReverseList                         : loaded 2 times (x 200B)
Class com.amazon.ion.UnexpectedEofException                                           : loaded 2 times (x 84B)
Class com.amazon.ion.IonSexp                                                          : loaded 2 times (x 70B)
Class com.amazon.ion.ReadOnlyValueException                                           : loaded 2 times (x 84B)
Class com.amazon.ion.impl._Private_LocalSymbolTable                                   : loaded 2 times (x 70B)
Class com.amazon.ion.BufferConfiguration$DataHandler                                  : loaded 2 times (x 70B)
Class com.amazon.ion.impl._Private_IonBinaryWriterBuilder                             : loaded 2 times (x 115B)
Class org.jetbrains.plugins.gradle.tooling.serialization.RepositoriesModelSerializationService$WriteContext: loaded 2 times (x 72B)
Class com.android.ide.gradle.model.LegacyAndroidGradlePluginProperties                : loaded 2 times (x 70B)
Class kotlin.ranges.IntProgression                                                    : loaded 2 times (x 81B)
Class kotlin.jvm.KotlinReflectionNotSupportedError                                    : loaded 2 times (x 82B)
Class org.gradle.tooling.model.gradle.GradleScript                                    : loaded 2 times (x 70B)

---------------  S Y S T E M  ---------------

OS:
 Windows 11 , 64 bit Build 26100 (10.0.26100.7920)
OS uptime: 0 days 8:43 hours

CPU: total 12 (initial active 12) (6 cores per cpu, 2 threads per core) family 6 model 154 stepping 4 microcode 0x43b, cx8, cmov, fxsr, ht, mmx, 3dnowpref, sse, sse2, sse3, ssse3, sse4.1, sse4.2, popcnt, lzcnt, tsc, tscinvbit, avx, avx2, aes, erms, clmul, bmi1, bmi2, adx, sha, fma, vzeroupper, clflush, clflushopt, clwb, serialize, rdtscp, rdpid, fsrm, f16c, pku, cet_ibt, cet_ss
Processor Information for the first 12 processors :
  Max Mhz: 1300, Current Mhz: 1300, Mhz Limit: 1300

Memory: 4k page, system-wide physical 16068M (753M free)
TotalPageFile size 24260M (AvailPageFile size 34M)
current process WorkingSet (physical memory assigned to process): 2234M, peak: 2239M
current process commit charge ("private bytes"): 2284M, peak: 2293M

vm_info: OpenJDK 64-Bit Server VM (21.0.8+-14196175-b1038.72) for windows-amd64 JRE (21.0.8+-14196175-b1038.72), built on 2025-10-01T10:24:33Z by "builder" with MS VC++ 16.10 / 16.11 (VS2019)

END.
